mean_dev,adaptation,n_evade,min_dist,mean_energy,success,n_steps,traj,meas,proj_s,energy_total,energy_sigma,shape,method
21.00498891335956,11.5,14,3.8609393792192055,0.15472506540886424,37.54152823920266,299,"[[ 0.00000000e+00  0.00000000e+00]
 [ 2.99993483e+00  1.97748235e-02]
 [ 5.99988268e+00  2.08588131e-03]
 [ 8.99939046e+00 -5.22559024e-02]
 [ 1.19962838e+01 -1.88747796e-01]
 [ 1.49890801e+01  1.90282532e-02]
 [ 1.79890691e+01  1.09119057e-02]
 [ 2.09889013e+01  4.26393009e-02]
 [ 2.39870304e+01  1.48573492e-01]
 [ 2.69868543e+01  1.81073283e-01]
 [ 2.99817577e+01  6.27766731e-03]
 [ 3.29747192e+01 -1.99103946e-01]
 [ 3.59745400e+01 -2.31892884e-01]
 [ 3.89745262e+01 -2.22781262e-01]
 [ 4.19702087e+01 -6.18893061e-02]
 [ 4.49700884e+01 -8.87586790e-02]
 [ 4.79698192e+01 -4.85694851e-02]
 [ 5.09688514e+01 -1.24766464e-01]
 [ 5.39685728e+01 -1.65647586e-01]
 [ 5.69683569e+01 -1.29657973e-01]
 [ 5.99610124e+01 -3.39451133e-01]
 [ 6.29547843e+01 -5.32659984e-01]
 [ 6.59541046e+01 -5.96520007e-01]
 [ 6.89521946e+01 -4.89487955e-01]
 [ 7.18858584e+01  1.37901229e-01]
 [ 7.46654813e+01  1.26648273e+00]
 [ 7.75991450e+01  1.89387192e+00]
 [ 8.03787680e+01  3.02245342e+00]
 [ 8.29194413e+01  4.61775256e+00]
 [ 8.56990642e+01  5.74633406e+00]
 [ 8.86327279e+01  6.37372325e+00]
 [ 9.16308180e+01  6.48075530e+00]
 [ 9.46017520e+01  6.06416072e+00]
 [ 9.74547771e+01  5.13666520e+00]
 [ 1.00102742e+02  3.72660086e+00]
 [ 1.02464760e+02  1.87704083e+00]
 [ 1.04468678e+02 -3.55516526e-01]
 [ 1.06830696e+02 -2.20507656e+00]
 [ 1.08834614e+02 -4.43763391e+00]
 [ 1.10419219e+02 -6.98499083e+00]
 [ 1.11536106e+02 -9.76933340e+00]
 [ 1.12151157e+02 -1.27056085e+01]
 [ 1.12245585e+02 -1.57041220e+01]
 [ 1.11816506e+02 -1.86732786e+01]
 [ 1.10877025e+02 -2.15223796e+01]
 [ 1.09455842e+02 -2.41643937e+01]
 [ 1.07596369e+02 -2.65186157e+01]
 [ 1.05355408e+02 -2.85131311e+01]
 [ 1.02801412e+02 -3.00870138e+01]
 [ 1.00012399e+02 -3.11921865e+01]
 [ 9.70735646e+01 -3.17948894e+01]
 [ 9.40746806e+01 -3.18767120e+01]
 [ 9.11073540e+01 -3.14351548e+01]
 [ 8.82622275e+01 -3.04837059e+01]
 [ 8.56262108e+01 -2.90514293e+01]
 [ 8.32798263e+01 -2.71820766e+01]
 [ 8.11809373e+01 -2.50385596e+01]
 [ 7.92314723e+01 -2.27582995e+01]
 [ 7.73519229e+01 -2.04200750e+01]
 [ 7.50939768e+01 -1.84448081e+01]
 [ 7.25266073e+01 -1.68928371e+01]
 [ 6.97282396e+01 -1.58115700e+01]
 [ 6.71608701e+01 -1.42595991e+01]
 [ 6.49029240e+01 -1.22843322e+01]
 [ 6.30233746e+01 -9.94610763e+00]
 [ 6.15796363e+01 -7.31635102e+00]
 [ 6.06158110e+01 -4.47539332e+00]
 [ 6.01613404e+01 -1.51001703e+00]
 [ 6.02301073e+01  1.48919471e+00]
 [ 6.08200111e+01  4.43062524e+00]
 [ 6.19130320e+01  7.22442289e+00]
 [ 6.34757816e+01  9.78524575e+00]
 [ 6.54605227e+01  1.20348686e+01]
 [ 6.78066276e+01  1.39045723e+01]
 [ 7.04424299e+01  1.53372432e+01]
 [ 7.32874141e+01  1.62891176e+01]
 [ 7.62546747e+01  1.67311187e+01]
 [ 7.90996588e+01  1.76829931e+01]
 [ 8.17354612e+01  1.91156640e+01]
 [ 8.45804454e+01  2.00675385e+01]
 [ 8.75477059e+01  2.05095396e+01]
 [ 9.05466021e+01  2.04281656e+01]
 [ 9.34855269e+01  1.98259022e+01]
 [ 9.62747052e+01  1.87211468e+01]
 [ 9.88289361e+01  1.71476462e+01]
 [ 1.01070196e+02  1.51534660e+01]
 [ 1.02930021e+02  1.27995223e+01]
 [ 1.04351599e+02  1.01577207e+01]
 [ 1.05291506e+02  7.30876031e+00]
 [ 1.05721030e+02  4.33966798e+00]
 [ 1.05627050e+02  1.34114037e+00]
 [ 1.05012438e+02 -1.59522674e+00]
 [ 1.03895967e+02 -4.37973635e+00]
 [ 1.02311743e+02 -6.92733028e+00]
 [ 1.00308159e+02 -9.16018738e+00]
 [ 9.79464183e+01 -1.10101007e+01]
 [ 9.52986643e+01 -1.24205612e+01]
 [ 9.24457780e+01 -1.33484835e+01]
 [ 8.94749064e+01 -1.37655224e+01]
 [ 8.64768003e+01 -1.36589389e+01]
 [ 8.35430428e+01 -1.30319886e+01]
 [ 8.07632510e+01 -1.19038229e+01]
 [ 7.78294935e+01 -1.12768725e+01]
 [ 7.48313874e+01 -1.11702890e+01]
 [ 7.18605157e+01 -1.15873280e+01]
 [ 6.90076295e+01 -1.25152503e+01]
 [ 6.63598754e+01 -1.39257107e+01]
 [ 6.39981344e+01 -1.57756240e+01]
 [ 6.19945503e+01 -1.80084811e+01]
 [ 6.04103265e+01 -2.05560751e+01]
 [ 5.92938561e+01 -2.33405847e+01]
 [ 5.86792438e+01 -2.62769518e+01]
 [ 5.85852642e+01 -2.92754794e+01]
 [ 5.90147880e+01 -3.22445717e+01]
 [ 5.99546947e+01 -3.50935321e+01]
 [ 6.13762729e+01 -3.77353337e+01]
 [ 6.32360979e+01 -4.00892774e+01]
 [ 6.54773577e+01 -4.20834576e+01]
 [ 6.80315886e+01 -4.36569582e+01]
 [ 7.08207669e+01 -4.47617137e+01]
 [ 7.37596917e+01 -4.53639770e+01]
 [ 7.67585878e+01 -4.54453510e+01]
 [ 7.97258484e+01 -4.50033499e+01]
 [ 8.25708326e+01 -4.40514755e+01]
 [ 8.52066349e+01 -4.26188045e+01]
 [ 8.75527398e+01 -4.07491008e+01]
 [ 8.95374809e+01 -3.84994780e+01]
 [ 9.13452165e+01 -3.61052993e+01]
 [ 9.27084957e+01 -3.34329464e+01]
 [ 9.35856745e+01 -3.05640516e+01]
 [ 9.39499579e+01 -2.75862508e+01]
 [ 9.37902180e+01 -2.45905066e+01]
 [ 9.31113345e+01 -2.16683299e+01]
 [ 9.19340451e+01 -1.89089840e+01]
 [ 9.02943125e+01 -1.63967585e+01]
 [ 8.84089390e+01 -1.40632275e+01]
 [ 8.66622812e+01 -1.16241321e+01]
 [ 8.52042374e+01 -9.00228001e+00]
 [ 8.42249488e+01 -6.16661540e+00]
 [ 8.34076621e+01 -3.28008765e+00]
 [ 8.31054261e+01 -2.95350903e-01]
 [ 8.30073893e+01  2.70304680e+00]
 [ 8.23888045e+01  5.63857959e+00]
 [ 8.22907677e+01  8.63697729e+00]
 [ 8.16721828e+01  1.15725101e+01]
 [ 8.05519457e+01  1.43555065e+01]
 [ 7.99333608e+01  1.72910392e+01]
 [ 7.88131237e+01  2.00740356e+01]
 [ 7.81945388e+01  2.30095684e+01]
 [ 7.80965020e+01  2.60079661e+01]
 [ 7.85220080e+01  2.89776369e+01]
 [ 7.88921992e+01  3.19547091e+01]
 [ 7.97750687e+01  3.48218577e+01]
 [ 8.11436477e+01  3.74915003e+01]
 [ 8.29561302e+01  3.98820875e+01]
 [ 8.51571505e+01  4.19205942e+01]
 [ 8.69696331e+01  4.43111814e+01]
 [ 8.84474802e+01  4.69219222e+01]
 [ 9.02310610e+01  4.93341493e+01]
 [ 9.20636574e+01  5.17093526e+01]
 [ 9.42818059e+01  5.37292083e+01]
 [ 9.65080444e+01  5.57401439e+01]
 [ 9.90504008e+01  5.73327593e+01]
 [ 1.01615238e+02  5.88889122e+01]
 [ 1.04262825e+02  6.02996852e+01]
 [ 1.06624348e+02  6.21498774e+01]
 [ 1.08627668e+02  6.43829710e+01]
 [ 1.10989191e+02  6.62331632e+01]
 [ 1.13636778e+02  6.76439362e+01]
 [ 1.16489555e+02  6.85721953e+01]
 [ 1.19460377e+02  6.89895850e+01]
 [ 1.22458496e+02  6.88833554e+01]
 [ 1.25392328e+02  6.82567514e+01]
 [ 1.28172253e+02  6.71289139e+01]
 [ 1.30713353e+02  6.55342948e+01]
 [ 1.32938005e+02  6.35216049e+01]
 [ 1.34778254e+02  6.11523256e+01]
 [ 1.36177885e+02  5.84988311e+01]
 [ 1.37094144e+02  5.56421775e+01]
 [ 1.37499042e+02  5.26696267e+01]
 [ 1.37380210e+02  4.96719812e+01]
 [ 1.36741279e+02  4.67408096e+01]
 [ 1.35601765e+02  4.39656503e+01]
 [ 1.33996478e+02  4.14312758e+01]
 [ 1.31974454e+02  3.92151035e+01]
 [ 1.29597460e+02  3.73848307e+01]
 [ 1.26938106e+02  3.59963664e+01]
 [ 1.24077626e+02  3.50921241e+01]
 [ 1.21103399e+02  3.46997256e+01]
 [ 1.18106280e+02  3.48311574e+01]
 [ 1.15177820e+02  3.54824047e+01]
 [ 1.12194717e+02  3.58003668e+01]
 [ 1.09195645e+02  3.58749562e+01]
 [ 1.06200483e+02  3.57046351e+01]
 [ 1.03234251e+02  3.52557835e+01]
 [ 1.00311253e+02  3.45804470e+01]
 [ 9.74014628e+01  3.38502954e+01]
 [ 9.46078698e+01  3.27567514e+01]
 [ 9.18657340e+01  3.15399148e+01]
 [ 8.92112693e+01  3.01421247e+01]
 [ 8.67041397e+01  2.84946112e+01]
 [ 8.43747681e+01  2.66041011e+01]
 [ 8.17518209e+01  2.51480283e+01]
 [ 7.94224494e+01  2.32575183e+01]
 [ 7.74578085e+01  2.09903204e+01]
 [ 7.51284370e+01  1.90998104e+01]
 [ 7.31637961e+01  1.68326124e+01]
 [ 7.08344246e+01  1.49421024e+01]
 [ 6.88697837e+01  1.26749045e+01]
 [ 6.73298874e+01  1.01002746e+01]
 [ 6.62617746e+01  7.29685968e+00]
 [ 6.56980730e+01  4.35029551e+00]
 [ 6.56560018e+01  1.35059052e+00]
 [ 6.61368462e+01 -1.61062353e+00]
 [ 6.71259180e+01 -4.44289066e+00]
 [ 6.85930039e+01 -7.05969382e+00]
 [ 6.95820757e+01 -9.89196095e+00]
 [ 7.10491616e+01 -1.25087641e+01]
 [ 7.29494468e+01 -1.48301680e+01]
 [ 7.52248834e+01 -1.67852610e+01]
 [ 7.71251686e+01 -1.91066649e+01]
 [ 7.85922545e+01 -2.17234681e+01]
 [ 8.01710826e+01 -2.42744094e+01]
 [ 8.12816568e+01 -2.70612759e+01]
 [ 8.18900526e+01 -2.99989374e+01]
 [ 8.30006269e+01 -3.27858038e+01]
 [ 8.45794549e+01 -3.53367452e+01]
 [ 8.65783085e+01 -3.75738381e+01]
 [ 8.89361287e+01 -3.94287461e+01]
 [ 9.15808914e+01 -4.08448076e+01]
 [ 9.44318073e+01 -4.17787663e+01]
 [ 9.74017896e+01 -4.22020924e+01]
 [ 1.00400115e+02 -4.21018549e+01]
 [ 1.03335193e+02 -4.14811155e+01]
 [ 1.06117366e+02 -4.03588361e+01]
 [ 1.08661648e+02 -3.87692986e+01]
 [ 1.10890318e+02 -3.67610588e+01]
 [ 1.12735299e+02 -3.43954620e+01]
 [ 1.14140230e+02 -3.17447700e+01]
 [ 1.15062196e+02 -2.88899533e+01]
 [ 1.15473034e+02 -2.59182177e+01]
 [ 1.15360193e+02 -2.29203406e+01]
 [ 1.14727121e+02 -1.99878979e+01]
 [ 1.13593156e+02 -1.72104668e+01]
 [ 1.11992938e+02 -1.46728892e+01]
 [ 1.09975347e+02 -1.24526802e+01]
 [ 1.07602015e+02 -1.06176605e+01]
 [ 1.04945441e+02 -9.22388426e+00]
 [ 1.02086774e+02 -8.31392700e+00]
 [ 9.94301994e+01 -6.92015073e+00]
 [ 9.70568678e+01 -5.08513101e+00]
 [ 9.50392771e+01 -2.86492207e+00]
 [ 9.34390584e+01 -3.27344438e-01]
 [ 9.14214677e+01  1.89286451e+00]
 [ 8.90481362e+01  3.72788422e+00]
 [ 8.63915618e+01  5.12166049e+00]
 [ 8.35328946e+01  6.03161775e+00]
 [ 8.05594583e+01  6.42995960e+00]
 [ 7.75620820e+01  6.30451793e+00]
 [ 7.46323265e+01  5.65912459e+00]
 [ 7.16349502e+01  5.53368291e+00]
 [ 6.86615139e+01  5.93202476e+00]
 [ 6.56641376e+01  5.80658309e+00]
 [ 6.27343821e+01  5.16118975e+00]
 [ 5.99617423e+01  4.01555952e+00]
 [ 5.74309139e+01  2.40468788e+00]
 [ 5.52192058e+01  3.77781999e-01]
 [ 5.33941790e+01 -2.00324238e+00]
 [ 5.20115824e+01 -4.66565230e+00]
 [ 5.11136500e+01 -7.52811933e+00]
 [ 5.07278110e+01 -1.05032039e+01]
 [ 5.08658515e+01 -1.35000264e+01]
 [ 5.15235549e+01 -1.64270430e+01]
 [ 5.26808302e+01 -1.91948424e+01]
 [ 5.43023264e+01 -2.17188770e+01]
 [ 5.63385116e+01 -2.39220450e+01]
 [ 5.87271868e+01 -2.57370467e+01]
 [ 6.13953851e+01 -2.71084393e+01]
 [ 6.42616015e+01 -2.79943308e+01]
 [ 6.72382817e+01 -2.83676602e+01]
 [ 7.02344974e+01 -2.82170233e+01]
 [ 7.31587234e+01 -2.75470216e+01]
 [ 7.59216336e+01 -2.63781215e+01]
 [ 7.84388296e+01 -2.47460295e+01]
 [ 8.06334188e+01 -2.27006009e+01]
 [ 8.24383632e+01 -2.03043172e+01]
 [ 8.37985275e+01 -1.76303776e+01]
 [ 8.46723626e+01 -1.47604626e+01]
 [ 8.50331757e+01 -1.17822393e+01]
 [ 8.48699451e+01 -8.78668329e+00]
 [ 8.41876568e+01 -5.86529958e+00]
 [ 8.32604686e+01 -3.01217461e+00]
 [ 8.28441941e+01 -4.11957215e-02]
 [ 8.27076261e+01  2.95569420e+00]
 [ 8.20513611e+01  5.88303363e+00]
 [ 8.08954459e+01  8.65140138e+00]
 [ 8.02391808e+01  1.15787408e+01]
 [ 7.90832656e+01  1.43471086e+01]
 [ 7.74630098e+01  1.68719395e+01]
 [ 7.63070946e+01  1.96403072e+01]
 [ 7.56508295e+01  2.25676467e+01]]","[[ 0.00000000e+00  0.00000000e+00]
 [ 1.88595332e-01 -1.98157295e-01]
 [ 3.96056880e+00  1.77124999e-01]
 [ 5.19637862e+00  5.44478464e-01]
 [ 1.09553905e+01  1.36836554e+00]
 [ 1.09406810e+01 -2.08688000e+00]
 [ 1.40541684e+01  8.10172223e-02]
 [ 1.45015229e+01 -3.17275590e-01]
 [ 1.91200349e+01 -1.05576173e+00]
 [ 2.31706419e+01 -3.25876742e-01]
 [ 2.76043001e+01  1.74484334e+00]
 [ 2.97889558e+01  2.05597287e+00]
 [ 3.19769272e+01  3.28161159e-01]
 [ 3.73297453e+01 -9.08744374e-02]
 [ 3.78592773e+01 -1.60536933e+00]
 [ 4.12836200e+01  2.68403379e-01]
 [ 4.34556611e+01 -4.02522041e-01]
 [ 4.77309817e+01  7.62698892e-01]
 [ 5.12908400e+01  4.08292599e-01]
 [ 5.29878299e+01 -3.60068037e-01]
 [ 5.81443201e+01  2.11048874e+00]
 [ 5.80724141e+01  1.93143453e+00]
 [ 6.49735975e+01  6.39307117e-01]
 [ 6.63507880e+01 -1.06740423e+00]
 [ 7.11392257e+01  2.45089952e+00]
 [ 7.45883107e+01  2.11055688e+00]
 [ 7.52015519e+01 -5.45995214e-01]
 [ 7.75924638e+01  2.87858432e+00]
 [ 7.84462258e+01  3.61513651e+00]
 [ 8.35642368e+01  5.66181664e+00]
 [ 8.39228873e+01  4.75378021e+00]
 [ 8.79780751e+01  4.61902039e+00]
 [ 9.42398698e+01  5.73688921e+00]
 [ 9.50952065e+01  5.67630190e+00]
 [ 9.98299864e+01  7.11720668e+00]
 [ 1.01052771e+02  4.21336035e-01]
 [ 1.02542803e+02  2.90257011e+00]
 [ 1.05974620e+02 -1.28237709e+00]
 [ 1.09563713e+02 -4.18572301e+00]
 [ 1.07842322e+02 -3.03505893e+00]
 [ 1.10492801e+02 -3.98140195e+00]
 [ 1.11818884e+02 -1.07191245e+01]
 [ 1.11584812e+02 -1.43423277e+01]
 [ 1.10329065e+02 -1.47585048e+01]
 [ 1.12688254e+02 -1.67314404e+01]
 [ 1.09745116e+02 -1.89887184e+01]
 [ 1.09024760e+02 -2.18027813e+01]
 [ 1.06947190e+02 -2.76218406e+01]
 [ 1.05730086e+02 -2.69659515e+01]
 [ 1.03042927e+02 -3.09653070e+01]
 [ 9.80005697e+01 -3.32944668e+01]
 [ 9.78275889e+01 -3.03103199e+01]
 [ 9.38282387e+01 -3.34882593e+01]
 [ 9.24169172e+01 -3.33557457e+01]
 [ 8.71926253e+01 -2.95521792e+01]
 [ 8.22509991e+01 -2.84718749e+01]
 [ 8.24073650e+01 -2.70181571e+01]
 [ 8.10673850e+01 -2.47353881e+01]
 [ 8.02727302e+01 -2.38958541e+01]
 [ 7.94833959e+01 -1.93309343e+01]
 [ 7.63595758e+01 -1.66975121e+01]
 [ 7.37079896e+01 -1.56267191e+01]
 [ 6.98416300e+01 -1.79517308e+01]
 [ 6.69583025e+01 -1.54138710e+01]
 [ 6.27688114e+01 -1.18966530e+01]
 [ 6.21705504e+01 -1.14908143e+01]
 [ 6.00151347e+01 -6.91372540e+00]
 [ 6.11538189e+01 -2.49170711e+00]
 [ 6.01404684e+01  5.27426041e-02]
 [ 6.23335046e+01  3.21444317e+00]
 [ 5.72720553e+01  6.27365082e+00]
 [ 6.24224620e+01  7.86007992e+00]
 [ 6.40326227e+01  1.03593815e+01]
 [ 6.59396440e+01  1.14964986e+01]
 [ 6.49541746e+01  1.37412002e+01]
 [ 6.92368322e+01  1.69574883e+01]
 [ 7.28542644e+01  1.64143306e+01]
 [ 7.49802657e+01  1.59651850e+01]
 [ 7.90823593e+01  1.54549304e+01]
 [ 8.21864889e+01  1.89565557e+01]
 [ 8.28018657e+01  1.64701892e+01]
 [ 8.83172841e+01  2.00631635e+01]
 [ 8.97515895e+01  2.00739336e+01]
 [ 9.62102408e+01  1.97512008e+01]
 [ 9.64046341e+01  1.64905375e+01]
 [ 1.01299945e+02  1.85238782e+01]
 [ 1.02670598e+02  1.52249751e+01]
 [ 1.04305003e+02  1.33559425e+01]
 [ 1.05271383e+02  9.92943129e+00]
 [ 1.03080674e+02  8.85204183e+00]
 [ 1.02818590e+02  3.97976297e+00]
 [ 1.05320266e+02 -2.23149846e-01]
 [ 1.05932122e+02 -1.89572129e+00]
 [ 1.03240665e+02 -3.59997376e+00]
 [ 1.01596875e+02 -4.84386032e+00]
 [ 1.00835342e+02 -9.87168686e+00]
 [ 9.50300209e+01 -1.29717305e+01]
 [ 9.69289105e+01 -1.24964672e+01]
 [ 9.20210904e+01 -1.08836060e+01]
 [ 8.75509325e+01 -1.46440091e+01]
 [ 8.57679188e+01 -1.27794330e+01]
 [ 8.25477400e+01 -1.39521153e+01]
 [ 7.83555269e+01 -1.08097988e+01]
 [ 7.90387025e+01 -1.19914377e+01]
 [ 7.50763973e+01 -1.31092582e+01]
 [ 7.11527960e+01 -9.52040153e+00]
 [ 6.92112256e+01 -9.04970503e+00]
 [ 6.51790863e+01 -1.30552841e+01]
 [ 6.37048757e+01 -1.49268973e+01]
 [ 6.19837333e+01 -1.88502783e+01]
 [ 5.91089013e+01 -1.59570200e+01]
 [ 5.91778385e+01 -2.63655757e+01]
 [ 5.77063429e+01 -2.52598922e+01]
 [ 5.78352515e+01 -2.72348101e+01]
 [ 6.05183855e+01 -3.24730797e+01]
 [ 5.92463708e+01 -3.66007337e+01]
 [ 6.03263231e+01 -3.99450483e+01]
 [ 6.50426923e+01 -3.77032262e+01]
 [ 6.35931505e+01 -4.38559821e+01]
 [ 6.53788208e+01 -4.51027396e+01]
 [ 6.61612617e+01 -4.64751321e+01]
 [ 7.57050648e+01 -4.58824858e+01]
 [ 7.80404642e+01 -4.61788046e+01]
 [ 8.23668493e+01 -4.47045229e+01]
 [ 8.19978291e+01 -4.02228394e+01]
 [ 8.47199271e+01 -4.44506396e+01]
 [ 8.78556048e+01 -4.08073534e+01]
 [ 9.11369677e+01 -3.98819289e+01]
 [ 9.25522919e+01 -3.48261766e+01]
 [ 9.17069648e+01 -3.31880804e+01]
 [ 9.23395466e+01 -2.70453395e+01]
 [ 9.28937486e+01 -2.82658625e+01]
 [ 9.21914610e+01 -2.51096885e+01]
 [ 9.31025205e+01 -2.05166461e+01]
 [ 9.10183152e+01 -1.91876449e+01]
 [ 8.81695784e+01 -1.76378618e+01]
 [ 9.25426504e+01 -1.25013627e+01]
 [ 8.54901451e+01 -1.36302280e+01]
 [ 8.37408632e+01 -9.03481630e+00]
 [ 8.42770405e+01 -7.28315630e+00]
 [ 8.14778004e+01 -1.14651989e+00]
 [ 8.37829543e+01 -8.57202932e-01]
 [ 8.26763975e+01  1.90875111e+00]
 [ 7.79847363e+01  5.81207233e+00]
 [ 8.06849510e+01  7.13295084e+00]
 [ 8.07117892e+01  1.26709627e+01]
 [ 7.87961495e+01  1.22040843e+01]
 [ 8.08931389e+01  1.84225926e+01]
 [ 7.73747232e+01  2.09176321e+01]
 [ 7.77570902e+01  2.34615067e+01]
 [ 7.62050616e+01  2.72573078e+01]
 [ 8.03268965e+01  2.99332468e+01]
 [ 7.97297091e+01  2.62962963e+01]
 [ 8.01660133e+01  3.47836897e+01]
 [ 8.09230794e+01  3.65456333e+01]
 [ 8.30391777e+01  4.05002636e+01]
 [ 8.47614683e+01  4.12256080e+01]
 [ 8.88142638e+01  4.26531307e+01]
 [ 8.99927130e+01  4.71871409e+01]
 [ 8.90246025e+01  4.88991765e+01]
 [ 9.06836670e+01  5.27219493e+01]
 [ 9.48036585e+01  5.28940140e+01]
 [ 9.48547170e+01  5.61927180e+01]
 [ 1.00486479e+02  5.71620048e+01]
 [ 1.02242766e+02  5.83248715e+01]
 [ 1.04364179e+02  5.98627609e+01]
 [ 1.07065411e+02  5.98852186e+01]
 [ 1.09593954e+02  6.40380723e+01]
 [ 1.11527103e+02  6.57226980e+01]
 [ 1.14117320e+02  6.60350920e+01]
 [ 1.18273287e+02  6.60168784e+01]
 [ 1.17901519e+02  6.93430841e+01]
 [ 1.24652760e+02  6.93005448e+01]
 [ 1.25020465e+02  6.61191162e+01]
 [ 1.27885338e+02  6.70990984e+01]
 [ 1.33249206e+02  6.64674827e+01]
 [ 1.30644366e+02  6.65617735e+01]
 [ 1.34185739e+02  5.98331360e+01]
 [ 1.38390119e+02  5.84241974e+01]
 [ 1.36543040e+02  5.59703565e+01]
 [ 1.38766375e+02  5.41596310e+01]
 [ 1.35317406e+02  5.26697034e+01]
 [ 1.38161571e+02  4.61720080e+01]
 [ 1.34373775e+02  4.25121316e+01]
 [ 1.34181546e+02  4.04592514e+01]
 [ 1.30827143e+02  4.04319851e+01]
 [ 1.30144311e+02  3.67929738e+01]
 [ 1.28039477e+02  3.80474344e+01]
 [ 1.22435881e+02  3.41871863e+01]
 [ 1.22517332e+02  3.57781364e+01]
 [ 1.18446328e+02  3.65747892e+01]
 [ 1.13545502e+02  3.32636979e+01]
 [ 1.10894956e+02  3.59841829e+01]
 [ 1.08001515e+02  3.51441289e+01]
 [ 1.04737983e+02  3.47739914e+01]
 [ 1.01727071e+02  3.58069828e+01]
 [ 1.01503589e+02  3.38597781e+01]
 [ 9.70905641e+01  3.29787465e+01]
 [ 9.54047466e+01  3.28903355e+01]
 [ 9.42569694e+01  2.98967067e+01]
 [ 8.97550231e+01  3.08081118e+01]
 [ 8.61634794e+01  2.93699123e+01]
 [ 8.22169841e+01  2.97823057e+01]
 [ 7.97387542e+01  2.65277392e+01]
 [ 7.77407653e+01  2.49838428e+01]
 [ 7.68806475e+01  2.12279547e+01]
 [ 7.52084526e+01  2.07509115e+01]
 [ 7.26814750e+01  1.23818369e+01]
 [ 6.96943364e+01  1.52176709e+01]
 [ 6.82090814e+01  1.38296358e+01]
 [ 6.88528779e+01  9.87861686e+00]
 [ 6.40273065e+01  9.37310735e+00]
 [ 6.73226532e+01  3.90150880e+00]
 [ 6.88184344e+01  8.27277327e-01]
 [ 6.44311666e+01 -1.84443368e+00]
 [ 6.87426685e+01 -5.84907082e+00]
 [ 7.15198415e+01 -8.40448315e+00]
 [ 7.10137091e+01 -9.07526739e+00]
 [ 7.08180760e+01 -1.08879647e+01]
 [ 7.06997486e+01 -1.27938104e+01]
 [ 7.51293573e+01 -1.75989139e+01]
 [ 7.82489296e+01 -1.75168164e+01]
 [ 7.97469477e+01 -1.87242123e+01]
 [ 8.17921717e+01 -2.23491495e+01]
 [ 8.04718609e+01 -2.69014903e+01]
 [ 8.27345265e+01 -3.00255507e+01]
 [ 8.34530797e+01 -3.21466467e+01]
 [ 8.58458208e+01 -3.54891586e+01]
 [ 8.60536097e+01 -3.88163116e+01]
 [ 8.75985302e+01 -3.76700693e+01]
 [ 9.14541092e+01 -3.96643911e+01]
 [ 9.24857615e+01 -4.46860184e+01]
 [ 9.58281528e+01 -4.04821520e+01]
 [ 1.02002231e+02 -4.16037970e+01]
 [ 1.02131937e+02 -4.16773195e+01]
 [ 1.05670725e+02 -4.08762961e+01]
 [ 1.04902543e+02 -4.00561882e+01]
 [ 1.10605155e+02 -3.44864171e+01]
 [ 1.12976413e+02 -3.22941296e+01]
 [ 1.13549670e+02 -3.21238029e+01]
 [ 1.09213063e+02 -2.81949578e+01]
 [ 1.16293677e+02 -2.32725791e+01]
 [ 1.14630051e+02 -2.27791094e+01]
 [ 1.13668829e+02 -2.17522835e+01]
 [ 1.12523494e+02 -1.77279646e+01]
 [ 1.14026095e+02 -1.46695718e+01]
 [ 1.08789530e+02 -1.22398635e+01]
 [ 1.07928372e+02 -1.16320086e+01]
 [ 1.06660291e+02 -1.20564076e+01]
 [ 1.01766457e+02 -7.31632790e+00]
 [ 9.74225506e+01 -6.37827010e+00]
 [ 9.89962074e+01 -4.40462412e+00]
 [ 9.25040372e+01 -3.95721461e+00]
 [ 9.52875135e+01  1.20158429e-01]
 [ 9.14066793e+01  2.55466540e+00]
 [ 9.01297096e+01  2.66518636e+00]
 [ 8.59559616e+01  5.33603097e+00]
 [ 8.27169580e+01  5.83144041e+00]
 [ 8.25062659e+01  4.97822981e+00]
 [ 8.04520761e+01  9.12353449e+00]
 [ 7.20621673e+01  5.44759059e+00]
 [ 7.21489876e+01  4.39237628e+00]
 [ 6.75498931e+01  5.57590122e+00]
 [ 6.67729048e+01  5.03958233e+00]
 [ 6.54744228e+01  5.59615075e+00]
 [ 5.98078794e+01  6.18944905e+00]
 [ 5.83703357e+01  2.95861804e+00]
 [ 5.47224953e+01  3.09876042e+00]
 [ 5.46119114e+01 -2.30835939e+00]
 [ 4.96457837e+01 -4.10622499e+00]
 [ 4.93980399e+01 -1.01020383e+01]
 [ 5.03090838e+01 -1.00809973e+01]
 [ 5.27895734e+01 -1.30763486e+01]
 [ 5.27325842e+01 -1.82658670e+01]
 [ 5.26470320e+01 -1.90085255e+01]
 [ 5.55956957e+01 -2.15447859e+01]
 [ 5.75446301e+01 -2.46783439e+01]
 [ 5.92641191e+01 -2.51147471e+01]
 [ 5.95207215e+01 -2.68451313e+01]
 [ 6.37810577e+01 -3.08504628e+01]
 [ 6.86758917e+01 -2.89104482e+01]
 [ 6.89559123e+01 -2.87829984e+01]
 [ 7.33660239e+01 -2.52851573e+01]
 [ 7.56727338e+01 -2.56695103e+01]
 [ 8.04991987e+01 -2.39457037e+01]
 [ 8.22362650e+01 -2.34153657e+01]
 [ 8.35949372e+01 -2.03912812e+01]
 [ 8.54101443e+01 -1.91357169e+01]
 [ 8.35030260e+01 -1.28573652e+01]
 [ 8.47390498e+01 -1.23206803e+01]
 [ 8.49863037e+01 -9.82092947e+00]
 [ 8.61855689e+01 -7.73904356e+00]
 [ 8.30345717e+01 -2.49174543e+00]
 [ 8.26875235e+01 -1.24462704e+00]
 [ 8.14050423e+01  3.59378584e+00]
 [ 8.05056404e+01  6.85239769e+00]
 [ 7.86092233e+01  7.81892673e+00]
 [ 8.02936398e+01  9.70051290e+00]
 [ 8.00612819e+01  1.43193003e+01]
 [ 7.59088993e+01  1.45936072e+01]
 [ 7.39587105e+01  1.97168582e+01]]","[  0.     3.     6.     9.    12.    15.    18.    21.    24.    27.
  30.    33.    36.    39.    42.    45.    48.    51.    54.    57.
  60.    63.    66.    69.    72.    74.75  77.5   80.5   83.    85.75
  88.75  91.75  94.5   97.5  100.   102.5  104.5  106.75 108.75 110.5
 111.5  112.25 112.25 111.75 111.   109.5  107.5  105.25 102.75 100.
  97.    94.    91.    88.25  85.75  83.25  81.25  79.25  77.25  75.
  72.5   69.75  67.25  65.    63.    61.5   60.5   60.25  60.25  60.75
  62.    63.5   65.5   67.75  70.5   73.25  76.25  79.    81.75  84.5
  87.5   90.5   93.5   96.25  98.75 101.   103.   104.25 105.25 105.75
 105.75 105.   104.   102.25 100.25  98.    95.25  92.5   89.5   86.5
  83.5   80.75  77.75  74.75  71.75  69.    66.25  64.    62.    60.5
  59.25  58.75  58.5   59.    60.    61.5   63.25  65.5   68.    70.75
  73.75  76.75  79.75  82.5   85.25  87.5   89.5   91.25  92.75  93.5
  94.    93.75  93.    92.    90.25  88.5   86.75  85.25  84.25  83.5
  83.    83.    82.5   82.25  81.75  80.5   80.    78.75  78.25  78.
  78.5   79.    79.75  81.25  83.    85.25  87.    88.5   90.25  92.
  94.25  96.5   99.   101.5  104.25 106.5  108.75 111.   113.75 116.5
 119.5  122.5  125.5  128.25 130.75 133.   134.75 136.25 137.   137.5
 137.5  136.75 135.5  134.   132.   129.5  127.   124.   121.   118.
 115.25 112.25 109.25 106.25 103.25 100.25  97.5   94.5   91.75  89.25
  86.75  84.25  81.75  79.5   77.5   75.25  73.25  70.75  68.75  67.25
  66.25  65.75  65.75  66.25  67.25  68.5   69.5   71.    73.    75.25
  77.25  78.5   80.25  81.25  82.    83.    84.5   86.5   89.    91.5
  94.5   97.5  100.5  103.25 106.   108.75 111.   112.75 114.25 115.
 115.5  115.25 114.75 113.5  112.   110.   107.5  105.   102.    99.5
  97.    95.    93.5   91.5   89.    86.5   83.5   80.5   77.5   74.75
  71.75  68.75  65.75  62.75  60.    57.5   55.25  53.5   52.    51.
  50.75  50.75  51.5   52.75  54.25  56.25  58.75  61.5   64.25  67.25
  70.25  73.25  76.    78.5   80.75  82.5   83.75  84.75  85.    84.75
  84.25  83.25  82.75  82.75  82.    81.    80.25  79.    77.5   76.25
  75.75]",46.26279455725041,0.04681384431763671,straight,Pure Pursuit
13.969287176976275,20.5,9,1.5889738380598857,0.15579805313272563,52.159468438538205,299,"[[ 0.00000000e+00  0.00000000e+00]
 [ 2.99998364e+00  9.90781071e-03]
 [ 5.99997198e+00  1.54494388e-03]
 [ 8.99984871e+00 -2.56508149e-02]
 [ 1.19990382e+01 -9.53805031e-02]
 [ 1.49973837e+01  4.24016119e-03]
 [ 1.79973819e+01  9.28706696e-04]
 [ 2.09973373e+01  1.72914028e-02]
 [ 2.39968504e+01  7.13381114e-02]
 [ 2.69967827e+01  9.14932626e-02]
 [ 2.99956417e+01  8.76157364e-03]
 [ 3.29938778e+01 -9.41007480e-02]
 [ 3.59937996e+01 -1.15758401e-01]
 [ 3.89937993e+01 -1.17021404e-01]
 [ 4.19928627e+01 -4.20643385e-02]
 [ 4.49928281e+01 -5.64755895e-02]
 [ 4.79927710e+01 -3.79639944e-02]
 [ 5.09925219e+01 -7.66260025e-02]
 [ 5.39924351e+01 -9.94469953e-02]
 [ 5.69923991e+01 -8.47537992e-02]
 [ 5.99904653e+01 -1.92453975e-01]
 [ 6.29886669e+01 -2.96313264e-01]
 [ 6.59883475e+01 -3.40091294e-01]
 [ 6.89880735e+01 -2.99546222e-01]
 [ 7.19490425e+01 -7.81897121e-01]
 [ 7.47808061e+01 -1.77240966e+00]
 [ 7.77417751e+01 -2.25476055e+00]
 [ 8.07415011e+01 -2.21421548e+00]
 [ 8.36883517e+01 -1.65201297e+00]
 [ 8.64923096e+01 -5.85326562e-01]
 [ 8.90677227e+01  9.53259744e-01]
 [ 9.13359198e+01  2.91674687e+00]
 [ 9.39113328e+01  4.45533318e+00]
 [ 9.67152907e+01  5.52201958e+00]
 [ 9.96621413e+01  6.08422210e+00]
 [ 1.02661867e+02  6.12476717e+00]
 [ 1.05622836e+02  5.64241627e+00]
 [ 1.08454600e+02  4.65190374e+00]
 [ 1.11415569e+02  4.16955284e+00]
 [ 1.14247333e+02  3.17904030e+00]
 [ 1.17208302e+02  2.69668941e+00]
 [ 1.20208028e+02  2.73723448e+00]
 [ 1.23154878e+02  3.29943699e+00]
 [ 1.25958836e+02  4.36612340e+00]
 [ 1.28534249e+02  5.90470970e+00]
 [ 1.30802446e+02  7.86819683e+00]
 [ 1.32694141e+02  1.01966063e+01]
 [ 1.34151548e+02  1.28188124e+01]
 [ 1.35130148e+02  1.56547147e+01]
 [ 1.35600048e+02  1.86176852e+01]
 [ 1.35546893e+02  2.16172143e+01]
 [ 1.34972308e+02  2.45616755e+01]
 [ 1.33893844e+02  2.73611247e+01]
 [ 1.32344445e+02  2.99300472e+01]
 [ 1.30371441e+02  3.21899705e+01]
 [ 1.28035100e+02  3.40718608e+01]
 [ 1.25406791e+02  3.55182321e+01]
 [ 1.22647719e+02  3.66961632e+01]
 [ 1.19848014e+02  3.77739639e+01]
 [ 1.16903417e+02  3.83478514e+01]
 [ 1.13903875e+02  3.84002953e+01]
 [ 1.10928229e+02  3.87817750e+01]
 [ 1.07929440e+02  3.88670222e+01]
 [ 1.04934875e+02  3.86865254e+01]
 [ 1.01984533e+02  3.81429390e+01]
 [ 9.90689101e+01  3.74364405e+01]
 [ 9.62202191e+01  3.64957175e+01]
 [ 9.32512500e+01  3.60653429e+01]
 [ 9.02526955e+01  3.61584633e+01]
 [ 8.73161524e+01  3.67722341e+01]
 [ 8.45313230e+01  3.78879066e+01]
 [ 8.19832753e+01  3.94714004e+01]
 [ 7.91984458e+01  4.05870729e+01]
 [ 7.62619027e+01  4.12008437e+01]
 [ 7.32633483e+01  4.12939641e+01]
 [ 7.02943792e+01  4.08635895e+01]
 [ 6.74456882e+01  3.99228666e+01]
 [ 6.48042941e+01  3.85005314e+01]
 [ 6.24508834e+01  3.66400320e+01]
 [ 6.04573455e+01  3.43982009e+01]
 [ 5.88845768e+01  3.18435192e+01]
 [ 5.77806207e+01  2.90540245e+01]
 [ 5.71791995e+01  2.61149272e+01]
 [ 5.70986848e+01  2.31160079e+01]
 [ 5.75415362e+01  2.01488741e+01]
 [ 5.84942258e+01  1.73041628e+01]
 [ 5.99276519e+01  1.46687711e+01]
 [ 6.17980278e+01  1.23232021e+01]
 [ 6.40482192e+01  1.03391056e+01]
 [ 6.66094897e+01  8.77708990e+00]
 [ 6.94036005e+01  7.68486959e+00]
 [ 7.23451999e+01  7.09580868e+00]
 [ 7.51393106e+01  6.00358836e+00]
 [ 7.77005812e+01  4.44157262e+00]
 [ 7.99507726e+01  2.45747621e+00]
 [ 8.18211485e+01  1.11907192e-01]
 [ 8.40713399e+01 -1.87218921e+00]
 [ 8.66326105e+01 -3.43420496e+00]
 [ 8.94267212e+01 -4.52642527e+00]
 [ 9.23683206e+01 -5.11548618e+00]
 [ 9.53675520e+01 -5.18339370e+00]
 [ 9.83327979e+01 -4.72807345e+00]
 [ 1.01173479e+02 -3.76343407e+00]
 [ 1.03802822e+02 -2.31894232e+00]
 [ 1.06140508e+02 -4.38722981e-01]
 [ 1.08769851e+02  1.00576877e+00]
 [ 1.11107537e+02  2.88598811e+00]
 [ 1.13082157e+02  5.14450012e+00]
 [ 1.14633392e+02  7.71231422e+00]
 [ 1.15713857e+02  1.05109916e+01]
 [ 1.16290547e+02  1.34550412e+01]
 [ 1.16345846e+02  1.64545315e+01]
 [ 1.15878065e+02  1.94178373e+01]
 [ 1.14901493e+02  2.22544386e+01]
 [ 1.13445961e+02  2.48776860e+01]
 [ 1.11555932e+02  2.72074474e+01]
 [ 1.09289139e+02  2.91725558e+01]
 [ 1.06714827e+02  3.07129831e+01]
 [ 1.03911632e+02  3.17816740e+01]
 [ 1.00965184e+02  3.23459833e+01]
 [ 9.79654880e+01  3.23886732e+01]
 [ 9.50041749e+01  3.19084395e+01]
 [ 9.21717038e+01  3.09199519e+01]
 [ 8.94739911e+01  2.96075700e+01]
 [ 8.69368877e+01  2.80065996e+01]
 [ 8.47066889e+01  2.60000570e+01]
 [ 8.25461215e+01  2.39187236e+01]
 [ 8.05748875e+01  2.16572558e+01]
 [ 7.86826513e+01  1.93292863e+01]
 [ 7.71285039e+01  1.67632337e+01]
 [ 7.55955128e+01  1.41844863e+01]
 [ 7.45278004e+01  1.13809189e+01]
 [ 7.36842671e+01  8.50195175e+00]
 [ 7.29137319e+01  5.60259399e+00]
 [ 7.24975082e+01  2.63160798e+00]
 [ 7.23923041e+01 -3.66546803e-01]
 [ 7.22852458e+01 -3.36463595e+00]
 [ 7.16578308e+01 -6.29829416e+00]
 [ 7.15507725e+01 -9.29638330e+00]
 [ 7.09233575e+01 -1.22300415e+01]
 [ 7.08162992e+01 -1.52281307e+01]
 [ 7.12328677e+01 -1.81990683e+01]
 [ 7.21603382e+01 -2.10521015e+01]
 [ 7.35703793e+01 -2.37000789e+01]
 [ 7.54199186e+01 -2.60621128e+01]
 [ 7.76524584e+01 -2.80660505e+01]
 [ 8.01998014e+01 -2.96506778e+01]
 [ 8.29841341e+01 -3.07675892e+01]
 [ 8.59204039e+01 -3.13826664e+01]
 [ 8.89189166e+01 -3.14771209e+01]
 [ 9.18880769e+01 -3.10480672e+01]
 [ 9.47371861e+01 -3.01086118e+01]
 [ 9.73792127e+01 -2.86874519e+01]
 [ 9.97334510e+01 -2.68279998e+01]
 [ 1.01727986e+02 -2.45870559e+01]
 [ 1.03301891e+02 -2.20330741e+01]
 [ 1.04407088e+02 -1.92440708e+01]
 [ 1.05009817e+02 -1.63052415e+01]
 [ 1.05091666e+02 -1.33063582e+01]
 [ 1.04650135e+02 -1.03390277e+01]
 [ 1.03698711e+02 -7.49389282e+00]
 [ 1.02266457e+02 -4.85786361e+00]
 [ 1.00991924e+02 -2.14206460e+00]
 [ 1.00115562e+02  7.27079770e-01]
 [ 9.87530433e+01  3.39982060e+00]
 [ 9.69459894e+01  5.79451388e+00]
 [ 9.47495998e+01  7.83800911e+00]
 [ 9.22309675e+01  9.46788378e+00]
 [ 8.94670290e+01  1.06343503e+01]
 [ 8.65422141e+01  1.13017766e+01]
 [ 8.35458669e+01  1.14497749e+01]
 [ 8.05695166e+01  1.10738244e+01]
 [ 7.77040815e+01  1.01854091e+01]
 [ 7.50370919e+01  8.81166739e+00]
 [ 7.26500160e+01  6.99456289e+00]
 [ 7.06157717e+01  4.78960254e+00]
 [ 6.89964989e+01  2.26414108e+00]
 [ 6.78416614e+01 -5.04676417e-01]
 [ 6.62223886e+01 -3.03013788e+00]
 [ 6.50675511e+01 -5.79895538e+00]
 [ 6.44124256e+01 -8.72655005e+00]
 [ 6.42770242e+01 -1.17234929e+01]
 [ 6.46654830e+01 -1.46982366e+01]
 [ 6.55659357e+01 -1.75599117e+01]
 [ 6.69508764e+01 -2.02211031e+01]
 [ 6.87779993e+01 -2.26005194e+01]
 [ 7.09914914e+01 -2.46254768e+01]
 [ 7.35237375e+01 -2.62341191e+01]
 [ 7.62973850e+01 -2.73773072e+01]
 [ 7.92277078e+01 -2.80201203e+01]
 [ 8.22251933e+01 -2.81429224e+01]
 [ 8.51982778e+01 -2.77419622e+01]
 [ 8.80561424e+01 -2.68294879e+01]
 [ 9.07114885e+01 -2.54333727e+01]
 [ 9.30832031e+01 -2.35962637e+01]
 [ 9.50988379e+01 -2.13742789e+01]
 [ 9.66968213e+01 -1.88352931e+01]
 [ 9.78283398e+01 -1.60568644e+01]
 [ 9.84588292e+01 -1.31238654e+01]
 [ 9.85690297e+01 -1.01258901e+01]
 [ 9.81555753e+01 -7.15451746e+00]
 [ 9.72310955e+01 -4.30051375e+00]
 [ 9.68176410e+01 -1.32914110e+00]
 [ 9.58931613e+01  1.52486261e+00]
 [ 9.44858963e+01  4.17431636e+00]
 [ 9.26388336e+01  6.53828750e+00]
 [ 9.04083954e+01  8.54456397e+00]
 [ 8.78627146e+01  1.01318602e+01]
 [ 8.50795540e+01  1.12516892e+01]
 [ 8.21439305e+01  1.18698436e+01]
 [ 7.91455185e+01  1.19674407e+01]
 [ 7.61759101e+01  1.15414993e+01]
 [ 7.33258178e+01  1.06050304e+01]
 [ 7.06823031e+01  9.18664046e+00]
 [ 6.83261173e+01  7.32965679e+00]
 [ 6.63292346e+01  5.09080455e+00]
 [ 6.47526535e+01  2.53847381e+00]
 [ 6.36445339e+01 -2.49369601e-01]
 [ 6.30387253e+01 -3.18756564e+00]
 [ 6.29537334e+01 -6.18636146e+00]
 [ 6.33921543e+01 -9.15415308e+00]
 [ 6.43405957e+01 -1.20002836e+01]
 [ 6.57700856e+01 -1.46378125e+01]
 [ 6.76369574e+01 -1.69861714e+01]
 [ 6.98841841e+01 -1.89736251e+01]
 [ 7.24431197e+01 -2.05394631e+01]
 [ 7.52355966e+01 -2.16358538e+01]
 [ 7.81763133e+01 -2.22293058e+01]
 [ 8.11754399e+01 -2.23016911e+01]
 [ 8.41413624e+01 -2.18507985e+01]
 [ 8.69834808e+01 -2.08904013e+01]
 [ 8.96149773e+01 -1.94498367e+01]
 [ 9.19554677e+01 -1.75731097e+01]
 [ 9.39334573e+01 -1.53175483e+01]
 [ 9.54885246e+01 -1.27520530e+01]
 [ 9.65731669e+01 -9.95499190e+00]
 [ 9.71542520e+01 -7.01180652e+00]
 [ 9.72140293e+01 -4.01240214e+00]
 [ 9.67622251e+01 -1.04661844e+00]
 [ 9.64545666e+01  1.93756424e+00]
 [ 9.56320367e+01  4.82260229e+00]
 [ 9.43197611e+01  7.52036667e+00]
 [ 9.25578257e+01  9.94844899e+00]
 [ 9.04000523e+01  1.20326788e+01]
 [ 8.79123542e+01  1.37093893e+01]
 [ 8.51707229e+01  1.49273621e+01]
 [ 8.22589068e+01  1.56493920e+01]
 [ 7.92658529e+01  1.58534231e+01]
 [ 7.62829899e+01  1.55332229e+01]
 [ 7.34014350e+01  1.46985725e+01]
 [ 7.07092108e+01  1.33749680e+01]
 [ 6.82885565e+01  1.16028413e+01]
 [ 6.62134157e+01  9.43632557e+00]
 [ 6.45471774e+01  6.94160111e+00]
 [ 6.33407403e+01  4.19487409e+00]
 [ 6.26309571e+01  1.28004857e+00]
 [ 6.24395096e+01 -1.71383650e+00]
 [ 6.27722459e+01 -4.69532716e+00]
 [ 6.36190020e+01 -7.57334804e+00]
 [ 6.49539120e+01 -1.02599844e+01]
 [ 6.67361986e+01 -1.26731679e+01]
 [ 6.89114184e+01 -1.47391831e+01]
 [ 7.14131251e+01 -1.63949197e+01]
 [ 7.41648993e+01 -1.75897999e+01]
 [ 7.70826828e+01 -1.82873239e+01]
 [ 8.00773462e+01 -1.84661844e+01]
 [ 8.30574118e+01 -1.81209179e+01]
 [ 8.59318477e+01 -1.72620710e+01]
 [ 8.86128489e+01 -1.59158791e+01]
 [ 9.10185189e+01 -1.41234640e+01]
 [ 9.30753720e+01 -1.19395786e+01]
 [ 9.47205776e+01 -9.43093387e+00]
 [ 9.59038797e+01 -6.67416111e+00]
 [ 9.65891322e+01 -3.75347128e+00]
 [ 9.67554026e+01 -7.58082464e-01]
 [ 9.66089836e+01  2.23834232e+00]
 [ 9.59430990e+01  5.16350859e+00]
 [ 9.47780896e+01  7.92806153e+00]
 [ 9.31495426e+01  1.04475525e+01]
 [ 9.11072054e+01  1.26450189e+01]
 [ 8.87134649e+01  1.44533349e+01]
 [ 8.60414426e+01  1.58172619e+01]
 [ 8.31727606e+01  1.66951362e+01]
 [ 8.01950482e+01  1.70601414e+01]
 [ 7.71992654e+01  1.69011278e+01]
 [ 7.42769241e+01  1.62229527e+01]
 [ 7.15172929e+01  1.50463323e+01]
 [ 6.90046700e+01  1.34072087e+01]
 [ 6.68158083e+01  1.13556521e+01]
 [ 6.50175708e+01  8.95433120e+00]
 [ 6.36648881e+01  6.27659903e+00]
 [ 6.27990805e+01  3.40425204e+00]
 [ 6.24465958e+01  4.25031586e-01]
 [ 6.26182013e+01 -2.57005632e+00]
 [ 6.33086550e+01 -5.48952096e+00]
 [ 6.44968655e+01 -8.24418167e+00]
 [ 6.61465369e+01 -1.07498920e+01]
 [ 6.82072766e+01 -1.29301103e+01]
 [ 7.06161354e+01 -1.47182376e+01]
 [ 7.32995301e+01 -1.60596521e+01]
 [ 7.61754913e+01 -1.69133776e+01]]","[[ 0.00000000e+00  0.00000000e+00]
 [ 1.88595332e-01 -1.98157295e-01]
 [ 3.96061761e+00  1.67257986e-01]
 [ 5.19646792e+00  5.43937526e-01]
 [ 1.09558488e+01  1.39497063e+00]
 [ 1.09434354e+01 -1.99351271e+00]
 [ 1.40624720e+01  6.62291302e-02]
 [ 1.45098357e+01 -3.27258789e-01]
 [ 1.91284709e+01 -1.08110963e+00]
 [ 2.31804619e+01 -4.03112123e-01]
 [ 2.76142285e+01  1.65526332e+00]
 [ 2.98028397e+01  2.05845678e+00]
 [ 3.19960857e+01  4.33164357e-01]
 [ 3.73490049e+01  2.52600452e-02]
 [ 3.78785504e+01 -1.49960947e+00]
 [ 4.13062740e+01  2.88228347e-01]
 [ 4.34784009e+01 -3.70238952e-01]
 [ 4.77539335e+01  7.73304383e-01]
 [ 5.13145106e+01  4.56433061e-01]
 [ 5.30116922e+01 -2.93867446e-01]
 [ 5.81683623e+01  2.15539292e+00]
 [ 5.81018670e+01  2.07843169e+00]
 [ 6.50074801e+01  8.75653837e-01]
 [ 6.63850309e+01 -8.10975516e-01]
 [ 7.11751045e+01  2.64084125e+00]
 [ 7.46514948e+01  1.19075853e+00]
 [ 7.53168767e+01 -3.58488760e+00]
 [ 7.77350939e+01 -1.27004815e+00]
 [ 7.88089589e+01 -1.62153239e+00]
 [ 8.43331472e+01 -6.07948880e-01]
 [ 8.47161327e+01 -1.57788042e+00]
 [ 8.84130698e+01 -8.01443118e-01]
 [ 9.39449716e+01  2.17288078e+00]
 [ 9.44047873e+01  4.06747436e+00]
 [ 9.90905001e+01  7.50256106e+00]
 [ 1.00612170e+02  2.77895728e+00]
 [ 1.02739911e+02  7.15029646e+00]
 [ 1.07128779e+02  4.71555571e+00]
 [ 1.11187617e+02  2.67125728e+00]
 [ 1.10423277e+02  5.57212782e+00]
 [ 1.14320914e+02  6.18262918e+00]
 [ 1.17491080e+02  1.74689827e+00]
 [ 1.19641682e+02  1.10051530e+00]
 [ 1.21238358e+02  4.24505423e+00]
 [ 1.26830585e+02  6.30796163e+00]
 [ 1.27402340e+02  8.43837088e+00]
 [ 1.30371365e+02  1.02298093e+01]
 [ 1.32044962e+02  9.09338136e+00]
 [ 1.34526226e+02  1.43659920e+01]
 [ 1.35371663e+02  1.47764215e+01]
 [ 1.33588218e+02  1.65154049e+01]
 [ 1.36300918e+02  2.31017838e+01]
 [ 1.34725866e+02  2.29501282e+01]
 [ 1.35203408e+02  2.54405338e+01]
 [ 1.31274843e+02  3.08615740e+01]
 [ 1.26996229e+02  3.27695249e+01]
 [ 1.27162639e+02  3.42357803e+01]
 [ 1.25293238e+02  3.58214037e+01]
 [ 1.23688977e+02  3.55586086e+01]
 [ 1.21979487e+02  3.88631045e+01]
 [ 1.18169016e+02  4.00951474e+01]
 [ 1.15085258e+02  3.96664133e+01]
 [ 1.11041619e+02  3.66416142e+01]
 [ 1.07726872e+02  3.77127502e+01]
 [ 1.02800762e+02  3.90742046e+01]
 [ 1.01131709e+02  3.65982323e+01]
 [ 9.75044084e+01  3.78390661e+01]
 [ 9.67582270e+01  3.84794037e+01]
 [ 9.32303780e+01  3.76281025e+01]
 [ 9.23560928e+01  3.78837117e+01]
 [ 8.37681966e+01  3.86152597e+01]
 [ 8.50407530e+01  3.85235637e+01]
 [ 8.25401164e+01  4.00455361e+01]
 [ 7.96775672e+01  4.00487029e+01]
 [ 7.34094498e+01  4.10374717e+01]
 [ 7.20577505e+01  4.29142093e+01]
 [ 6.98612294e+01  4.09888026e+01]
 [ 6.61712793e+01  3.91569329e+01]
 [ 6.47869945e+01  3.62724686e+01]
 [ 6.29019111e+01  3.64809236e+01]
 [ 5.86787658e+01  3.08008516e+01]
 [ 5.96541550e+01  3.13971431e+01]
 [ 5.69856081e+01  2.86997925e+01]
 [ 5.99039134e+01  2.60402258e+01]
 [ 5.72286137e+01  2.08853986e+01]
 [ 6.00125448e+01  2.15251061e+01]
 [ 6.00946281e+01  1.73756719e+01]
 [ 6.13026341e+01  1.52251913e+01]
 [ 6.27178114e+01  1.20949126e+01]
 [ 6.18373873e+01  1.18823872e+01]
 [ 6.37070503e+01  8.41718490e+00]
 [ 6.90968167e+01  6.12057938e+00]
 [ 7.32648846e+01  6.79531412e+00]
 [ 7.44840081e+01  6.78335096e+00]
 [ 7.69857126e+01  6.52504258e+00]
 [ 8.04779552e+01  1.74597673e+00]
 [ 7.89047510e+01 -1.84972260e+00]
 [ 8.57015861e+01 -1.94809531e+00]
 [ 8.62079229e+01 -9.69327535e-01]
 [ 8.75027473e+01 -5.40491197e+00]
 [ 9.16594391e+01 -4.23598026e+00]
 [ 9.43722492e+01 -6.10352047e+00]
 [ 9.59250738e+01 -3.63404934e+00]
 [ 1.02382688e+02 -4.47799919e+00]
 [ 1.04047832e+02 -4.25791150e+00]
 [ 1.05432788e+02  1.62820345e+00]
 [ 1.08973447e+02  4.47131400e+00]
 [ 1.09926748e+02  3.75641473e+00]
 [ 1.12788898e+02  5.99322689e+00]
 [ 1.14622575e+02  6.87051706e+00]
 [ 1.14412432e+02  1.51100467e+01]
 [ 1.16174530e+02  1.04300502e+01]
 [ 1.15372945e+02  1.74715911e+01]
 [ 1.15128053e+02  2.14585066e+01]
 [ 1.16405090e+02  2.20259306e+01]
 [ 1.12737637e+02  2.33704845e+01]
 [ 1.10505982e+02  2.49977328e+01]
 [ 1.11095733e+02  3.15586069e+01]
 [ 1.04830620e+02  2.89404586e+01]
 [ 1.01258864e+02  3.03358927e+01]
 [ 9.63056791e+01  3.06325649e+01]
 [ 9.99108611e+01  3.18701644e+01]
 [ 9.62860512e+01  3.11749859e+01]
 [ 9.48127048e+01  3.12187788e+01]
 [ 8.89009877e+01  3.34362060e+01]
 [ 8.64501799e+01  2.61747646e+01]
 [ 8.50095539e+01  2.59418044e+01]
 [ 8.41456083e+01  2.25362727e+01]
 [ 8.17819629e+01  2.29363785e+01]
 [ 7.76811204e+01  1.95741523e+01]
 [ 7.58823760e+01  2.02819458e+01]
 [ 7.45393034e+01  1.35048746e+01]
 [ 7.29290433e+01  1.08617370e+01]
 [ 7.36754531e+01  9.65363546e+00]
 [ 7.19980019e+01  5.32393305e+00]
 [ 7.03727742e+01  1.39050464e+00]
 [ 7.65260154e+01  1.19531798e+00]
 [ 7.11131097e+01 -5.37073181e+00]
 [ 7.01944566e+01 -6.33083045e+00]
 [ 7.16028641e+01 -1.04129242e+01]
 [ 6.89934958e+01 -1.00964738e+01]
 [ 7.14938274e+01 -1.57899827e+01]
 [ 7.09018759e+01 -1.89933640e+01]
 [ 6.77562700e+01 -2.08786088e+01]
 [ 7.19645627e+01 -2.52041053e+01]
 [ 7.44595250e+01 -2.49636603e+01]
 [ 7.58966621e+01 -3.02174727e+01]
 [ 8.11595795e+01 -2.85191244e+01]
 [ 8.15457336e+01 -2.99239926e+01]
 [ 8.54829552e+01 -3.09307282e+01]
 [ 8.70274762e+01 -3.02277792e+01]
 [ 9.36929653e+01 -3.00924574e+01]
 [ 9.55746961e+01 -3.57670245e+01]
 [ 9.77701574e+01 -2.87256199e+01]
 [ 9.95128827e+01 -2.77738668e+01]
 [ 1.01811034e+02 -2.39688797e+01]
 [ 1.02906209e+02 -2.27280603e+01]
 [ 1.06251719e+02 -2.09021215e+01]
 [ 1.06555050e+02 -1.60400228e+01]
 [ 1.03885208e+02 -1.37413310e+01]
 [ 1.03270144e+02 -9.32643094e+00]
 [ 1.04220564e+02 -8.32908708e+00]
 [ 1.00613130e+02 -4.40528947e+00]
 [ 1.02428002e+02 -2.31281913e+00]
 [ 1.00743091e+02  1.63039044e-01]
 [ 9.88543972e+01  2.96289623e+00]
 [ 9.73870526e+01  3.52985511e+00]
 [ 9.57158855e+01  7.49311038e+00]
 [ 9.27688796e+01  8.95741859e+00]
 [ 8.99475708e+01  9.02550605e+00]
 [ 8.83259457e+01  8.74645969e+00]
 [ 8.19870087e+01  1.18032740e+01]
 [ 8.27637800e+01  1.14910138e+01]
 [ 7.73322188e+01  8.04777385e+00]
 [ 7.47501769e+01  8.78185187e+00]
 [ 7.51858690e+01  7.92775073e+00]
 [ 6.83221324e+01  7.82977118e+00]
 [ 6.84039841e+01  9.44951507e-01]
 [ 7.00538954e+01 -5.79310058e-01]
 [ 6.56712847e+01 -2.70195890e+00]
 [ 6.63348842e+01 -4.30895107e+00]
 [ 6.23496220e+01 -5.72882785e+00]
 [ 6.56973166e+01 -1.22922945e+01]
 [ 6.34374932e+01 -1.61517552e+01]
 [ 6.57510034e+01 -1.85319362e+01]
 [ 6.58035655e+01 -1.90042215e+01]
 [ 6.93248503e+01 -2.31923763e+01]
 [ 7.20928628e+01 -2.25744088e+01]
 [ 7.18819930e+01 -2.71390569e+01]
 [ 7.77113178e+01 -2.62988964e+01]
 [ 7.95677561e+01 -2.62764885e+01]
 [ 8.05928757e+01 -3.03616291e+01]
 [ 8.38985167e+01 -2.75581461e+01]
 [ 8.68620123e+01 -2.75603151e+01]
 [ 8.92489883e+01 -2.63640164e+01]
 [ 9.15760223e+01 -2.30450644e+01]
 [ 9.62911745e+01 -2.20949478e+01]
 [ 9.63859226e+01 -1.97068419e+01]
 [ 9.86252167e+01 -1.59232804e+01]
 [ 1.00850065e+02 -1.47670735e+01]
 [ 9.91127835e+01 -9.45990301e+00]
 [ 9.76149150e+01 -6.27921627e+00]
 [ 9.50733115e+01 -1.12230920e+00]
 [ 9.48045744e+01  5.05697874e-02]
 [ 9.42114773e+01  3.25118716e+00]
 [ 9.39087352e+01  4.41195072e+00]
 [ 9.27188493e+01  8.18938864e+00]
 [ 8.99260742e+01  4.09378840e+00]
 [ 8.67226264e+01  1.04074287e+01]
 [ 8.44188517e+01  1.24064205e+01]
 [ 8.36669210e+01  1.16481859e+01]
 [ 7.69110504e+01  1.40436884e+01]
 [ 7.78004904e+01  1.10927126e+01]
 [ 7.64882504e+01  1.00817173e+01]
 [ 6.89766236e+01  8.95283031e+00]
 [ 6.99428679e+01  5.92347662e+00]
 [ 6.92560722e+01  3.74601523e+00]
 [ 6.61842869e+01  3.35516737e+00]
 [ 6.34134483e+01  1.37142987e+00]
 [ 6.07890271e+01 -1.15120796e+00]
 [ 6.28582073e+01 -7.00001433e+00]
 [ 6.45159153e+01 -7.56430456e+00]
 [ 6.54952888e+01 -9.00102786e+00]
 [ 6.73911747e+01 -1.27125525e+01]
 [ 6.68271615e+01 -1.68263857e+01]
 [ 7.07286580e+01 -1.90002384e+01]
 [ 7.28955726e+01 -1.99003059e+01]
 [ 7.65019625e+01 -2.17882671e+01]
 [ 7.76516145e+01 -2.34717793e+01]
 [ 7.98378414e+01 -2.05430143e+01]
 [ 8.40145801e+01 -2.06703819e+01]
 [ 8.50374350e+01 -2.37976534e+01]
 [ 8.80413405e+01 -1.77298963e+01]
 [ 9.35575839e+01 -1.70750518e+01]
 [ 9.27302021e+01 -1.55137522e+01]
 [ 9.50418838e+01 -1.32695130e+01]
 [ 9.28140622e+01 -1.12418815e+01]
 [ 9.68690887e+01 -4.73716484e+00]
 [ 9.74551439e+01 -1.91106971e+00]
 [ 9.61716647e+01 -1.42565131e+00]
 [ 9.06054340e+01  2.63255975e+00]
 [ 9.64526802e+01  7.46824089e+00]
 [ 9.35896193e+01  7.66159791e+00]
 [ 9.14995338e+01  8.18406339e+00]
 [ 8.93303903e+01  1.15151810e+01]
 [ 8.99455112e+01  1.37127067e+01]
 [ 8.39849057e+01  1.51401789e+01]
 [ 8.25852638e+01  1.46350439e+01]
 [ 8.09807034e+01  1.30208997e+01]
 [ 7.59626730e+01  1.65308220e+01]
 [ 7.13937862e+01  1.52404531e+01]
 [ 7.26485504e+01  1.40554749e+01]
 [ 6.57533166e+01  1.05105488e+01]
 [ 6.80618708e+01  9.88382844e+00]
 [ 6.45323890e+01  7.60340201e+00]
 [ 6.44223137e+01  3.13217624e+00]
 [ 6.21953569e+01  1.49441905e+00]
 [ 6.16235730e+01 -1.91401384e+00]
 [ 6.47190535e+01 -6.14705696e+00]
 [ 6.65089960e+01 -4.75433147e+00]
 [ 6.23837528e+01 -1.04715184e+01]
 [ 6.72502359e+01 -1.38144746e+01]
 [ 6.77997976e+01 -1.50953067e+01]
 [ 7.25218922e+01 -1.71619204e+01]
 [ 7.69049400e+01 -1.71548389e+01]
 [ 7.69288198e+01 -1.61134343e+01]
 [ 8.10167680e+01 -1.79122542e+01]
 [ 8.25607012e+01 -1.53999394e+01]
 [ 8.71495801e+01 -1.75671880e+01]
 [ 8.62470502e+01 -1.53564518e+01]
 [ 8.93029088e+01 -1.66973830e+01]
 [ 9.26566447e+01 -1.15173720e+01]
 [ 9.66442994e+01 -9.00725613e+00]
 [ 9.71129090e+01 -8.51298517e+00]
 [ 9.65553339e+01 -3.56715430e+00]
 [ 9.80487718e+01 -5.83991453e-01]
 [ 9.78151020e+01  1.48204345e+00]
 [ 9.64800314e+01  5.78580820e+00]
 [ 9.29034260e+01  8.19136947e+00]
 [ 9.26689989e+01  7.59142062e+00]
 [ 9.25448154e+01  1.21022309e+01]
 [ 8.74348798e+01  1.38873598e+01]
 [ 8.62487431e+01  1.80791261e+01]
 [ 8.29238608e+01  1.74037474e+01]
 [ 8.22554172e+01  1.78604672e+01]
 [ 7.88021116e+01  1.61863630e+01]
 [ 7.54334981e+01  1.61359887e+01]
 [ 7.31289097e+01  1.35409929e+01]
 [ 6.78353334e+01  1.53103060e+01]
 [ 6.65216823e+01  1.08172111e+01]
 [ 6.51339294e+01  7.92008502e+00]
 [ 6.56628002e+01  4.40285506e+00]
 [ 6.25731836e+01  3.92468122e+00]
 [ 6.22899252e+01 -7.78399732e-01]
 [ 6.13156175e+01 -1.93196468e+00]
 [ 6.17629343e+01 -4.52015690e+00]
 [ 6.22106430e+01 -9.07665631e+00]
 [ 6.62009959e+01 -1.26281200e+01]
 [ 6.91852929e+01 -1.29579186e+01]
 [ 6.90620249e+01 -1.69965700e+01]
 [ 7.09511461e+01 -1.59831011e+01]]","[  0.     3.     6.     9.    12.    15.    18.    21.    24.    27.
  30.    33.    36.    39.    42.    45.    48.    51.    54.    57.
  60.    63.    66.    69.    72.    74.75  77.75  80.75  83.75  86.5
  89.    91.25  94.    96.75  99.75 102.75 105.5  108.5  111.5  114.25
 117.25 120.25 123.25 126.   128.5  130.75 132.75 134.25 135.25 135.5
 135.5  135.   134.   132.25 130.25 128.   125.5  122.75 119.75 117.
 114.   111.   108.   105.   102.    99.    96.25  93.25  90.25  87.25
  84.5   82.    79.25  76.25  73.25  70.25  67.5   64.75  62.5   60.5
  59.    57.75  57.25  57.    57.5   58.5   60.    61.75  64.    66.5
  69.5   72.25  75.25  77.75  80.    81.75  84.    86.75  89.5   92.25
  95.25  98.25 101.25 103.75 106.25 108.75 111.   113.   114.75 115.75
 116.25 116.25 116.   115.   113.5  111.5  109.25 106.75 104.   101.
  98.    95.    92.25  89.5   87.    84.75  82.5   80.5   78.75  77.25
  75.5   74.5   73.75  73.    72.5   72.5   72.25  71.75  71.5   71.
  70.75  71.25  72.25  73.5   75.5   77.75  80.25  83.    86.    89.
  92.    94.75  97.5   99.75 101.75 103.25 104.5  105.   105.   104.75
 103.75 102.25 101.   100.    98.75  97.    94.75  92.25  89.5   86.5
  83.5   80.5   77.75  75.    72.75  70.5   69.    67.75  66.25  65.
  64.5   64.25  64.75  65.5   67.    68.75  71.    73.5   76.25  79.25
  82.25  85.25  88.    90.75  93.    95.    96.75  97.75  98.5   98.5
  98.25  97.25  96.75  96.    94.5   92.75  90.5   87.75  85.    82.25
  79.25  76.25  73.25  70.75  68.25  66.25  64.75  63.75  63.    63.
  63.5   64.25  65.75  67.75  70.    72.5   75.25  78.25  81.25  84.25
  87.    89.5   92.    94.    95.5   96.5   97.25  97.25  96.75  96.5
  95.75  94.25  92.5   90.5   88.    85.25  82.25  79.25  76.25  73.5
  70.75  68.25  66.25  64.5   63.25  62.75  62.5   62.75  63.5   65.
  66.75  69.    71.5   74.25  77.    80.    83.    86.    88.5   91.
  93.    94.75  96.    96.5   96.75  96.5   96.    94.75  93.25  91.
  88.75  86.    83.25  80.25  77.25  74.25  71.5   69.    66.75  65.
  63.75  62.75  62.5   62.5   63.25  64.5   66.25  68.25  70.5   73.25
  76.25]",46.58361788668496,0.04797138501426172,straight,Line of Sight
29.499099657800162,80.5,8,15.737257742803266,0.16082759885513842,12.956810631229235,299,"[[ 0.00000000e+00  0.00000000e+00]
 [ 2.99959106e+00  4.95325709e-02]
 [ 5.99914532e+00 -2.18043115e-03]
 [ 8.99611005e+00 -1.37096828e-01]
 [ 1.19790951e+01 -4.56158059e-01]
 [ 1.49720708e+01 -2.50984145e-01]
 [ 1.79716988e+01 -2.03741210e-01]
 [ 2.09687558e+01 -7.08894908e-02]
 [ 2.39546143e+01  2.20055183e-01]
 [ 2.69539404e+01  2.83639660e-01]
 [ 2.99190089e+01 -1.72835027e-01]
 [ 3.28829748e+01 -6.36414172e-01]
 [ 3.58828508e+01 -6.09128034e-01]
 [ 3.88805708e+01 -4.92189576e-01]
 [ 4.18446153e+01 -2.91125503e-02]
 [ 4.48440140e+01 -8.91725769e-02]
 [ 4.78423242e+01  1.15046680e-02]
 [ 5.08352974e+01 -1.93706801e-01]
 [ 5.38340985e+01 -2.78510964e-01]
 [ 5.68317714e+01 -1.60369824e-01]
 [ 5.98042287e+01 -5.65952351e-01]
 [ 6.27744004e+01 -9.87947739e-01]
 [ 6.57740478e+01 -1.03394717e+00]
 [ 6.87507337e+01 -6.60662973e-01]
 [ 7.16169634e+01  2.25185121e-01]
 [ 7.42851826e+01  1.59653718e+00]
 [ 7.71514124e+01  2.48238527e+00]
 [ 7.98196316e+01  3.85373733e+00]
 [ 8.22083342e+01  5.66870276e+00]
 [ 8.42445529e+01  7.87183997e+00]
 [ 8.58660873e+01  1.03958499e+01]
 [ 8.70234047e+01  1.31636318e+01]
 [ 8.85852757e+01  1.57249906e+01]
 [ 9.03589807e+01  1.81444886e+01]
 [ 9.25268493e+01  2.02182161e+01]
 [ 9.46727562e+01  2.23146616e+01]
 [ 9.71508958e+01  2.40054672e+01]
 [ 9.92968027e+01  2.61019127e+01]
 [ 1.01044926e+02  2.85399581e+01]
 [ 1.02341866e+02  3.12451285e+01]
 [ 1.03148005e+02  3.41347894e+01]
 [ 1.03438717e+02  3.71206706e+01]
 [ 1.03205124e+02  4.01115624e+01]
 [ 1.03495837e+02  4.30974435e+01]
 [ 1.04301975e+02  4.59871044e+01]
 [ 1.05598915e+02  4.86922749e+01]
 [ 1.07347039e+02  5.11303203e+01]
 [ 1.09492945e+02  5.32267658e+01]
 [ 1.11971085e+02  5.49175714e+01]
 [ 1.14705758e+02  5.61510884e+01]
 [ 1.17613428e+02  5.68896364e+01]
 [ 1.20348101e+02  5.81231533e+01]
 [ 1.22826241e+02  5.98139590e+01]
 [ 1.24972148e+02  6.19104045e+01]
 [ 1.26720271e+02  6.43484499e+01]
 [ 1.28866178e+02  6.64448954e+01]
 [ 1.31344317e+02  6.81357010e+01]
 [ 1.34078990e+02  6.93692180e+01]
 [ 1.36986661e+02  7.01077660e+01]
 [ 1.39978508e+02  7.03287848e+01]
 [ 1.42963141e+02  7.00255229e+01]
 [ 1.45849387e+02  6.92072441e+01]
 [ 1.48549082e+02  6.78989441e+01]
 [ 1.50979757e+02  6.61405876e+01]
 [ 1.53067164e+02  6.39858870e+01]
 [ 1.54747537e+02  6.15006616e+01]
 [ 1.55969548e+02  5.87608276e+01]
 [ 1.56695866e+02  5.58500783e+01]
 [ 1.57309640e+02  5.29135359e+01]
 [ 1.57953175e+02  4.99833716e+01]
 [ 1.58629899e+02  4.70606938e+01]
 [ 1.59361863e+02  4.41513591e+01]
 [ 1.60139277e+02  4.12538383e+01]
 [ 1.60987393e+02  3.83762180e+01]
 [ 1.61886208e+02  3.55140280e+01]
 [ 1.62808693e+02  3.26593787e+01]
 [ 1.63839865e+02  2.98421665e+01]
 [ 1.64984351e+02  2.70690543e+01]
 [ 1.66289286e+02  2.43677314e+01]
 [ 1.67621653e+02  2.16798331e+01]
 [ 1.69280487e+02  1.91801794e+01]
 [ 1.71349196e+02  1.70075206e+01]
 [ 1.73764585e+02  1.52282248e+01]
 [ 1.76452873e+02  1.38966439e+01]
 [ 1.79331941e+02  1.30534537e+01]
 [ 1.82313841e+02  1.27244110e+01]
 [ 1.85307487e+02  1.29195671e+01]
 [ 1.88221431e+02  1.36329605e+01]
 [ 1.90966661e+02  1.48427993e+01]
 [ 1.93459320e+02  1.65121267e+01]
 [ 1.95623263e+02  1.85899498e+01]
 [ 1.97392390e+02  2.10127974e+01]
 [ 1.98712658e+02  2.37066592e+01]
 [ 1.99543738e+02  2.65892459e+01]
 [ 1.99860243e+02  2.95725032e+01]
 [ 1.99652505e+02  3.25653020e+01]
 [ 1.98926868e+02  3.54762215e+01]
 [ 1.97705500e+02  3.82163419e+01]
 [ 1.96025709e+02  4.07019610e+01]
 [ 1.93938808e+02  4.28571509e+01]
 [ 1.91508545e+02  4.46160771e+01]
 [ 1.88809157e+02  4.59250098e+01]
 [ 1.85923102e+02  4.67439652e+01]
 [ 1.82938541e+02  4.70479267e+01]
 [ 1.79946642e+02  4.68276091e+01]
 [ 1.77038798e+02  4.60897427e+01]
 [ 1.74303836e+02  4.48568668e+01]
 [ 1.71825300e+02  4.31666420e+01]
 [ 1.69678902e+02  4.10706996e+01]
 [ 1.67930208e+02  3.86330640e+01]
 [ 1.66632634e+02  3.59281977e+01]
 [ 1.65825818e+02  3.30387258e+01]
 [ 1.65534405e+02  3.00529129e+01]
 [ 1.65767297e+02  2.70619664e+01]
 [ 1.66517381e+02  2.41572504e+01]
 [ 1.67761743e+02  2.14274952e+01]
 [ 1.69350681e+02  1.88828392e+01]
 [ 1.71358397e+02  1.66536960e+01]
 [ 1.73723559e+02  1.48081591e+01]
 [ 1.76373920e+02  1.34026040e+01]
 [ 1.79228520e+02  1.24799660e+01]
 [ 1.82200159e+02  1.20684289e+01]
 [ 1.85198062e+02  1.21805640e+01]
 [ 1.88130654e+02  1.28129457e+01]
 [ 1.90908352e+02  1.39462569e+01]
 [ 1.93446306e+02  1.55458782e+01]
 [ 1.95675126e+02  1.75539521e+01]
 [ 1.97520283e+02  1.99194114e+01]
 [ 1.98925411e+02  2.25699988e+01]
 [ 1.99847590e+02  2.54247468e+01]
 [ 2.00258649e+02  2.83964518e+01]
 [ 2.00146032e+02  3.13943373e+01]
 [ 1.99513178e+02  3.43268271e+01]
 [ 1.98379420e+02  3.71043427e+01]
 [ 1.96779391e+02  3.96420395e+01]
 [ 1.94761965e+02  4.18623987e+01]
 [ 1.92388771e+02  4.36975952e+01]
 [ 1.89732300e+02  4.50915694e+01]
 [ 1.86873701e+02  4.60017396e+01]
 [ 1.83900294e+02  4.64003029e+01]
 [ 1.80902908e+02  4.62750845e+01]
 [ 1.77973105e+02  4.56299094e+01]
 [ 1.75200380e+02  4.44844857e+01]
 [ 1.72669431e+02  4.28738026e+01]
 [ 1.70457572e+02  4.08470615e+01]
 [ 1.68632368e+02  3.84661730e+01]
 [ 1.67249573e+02  3.58038661e+01]
 [ 1.66351427e+02  3.29414660e+01]
 [ 1.65965367e+02  2.99664102e+01]
 [ 1.66103184e+02  2.69695774e+01]
 [ 1.66760669e+02  2.40425118e+01]
 [ 1.67917739e+02  2.12746262e+01]
 [ 1.69539047e+02  1.87504709e+01]
 [ 1.71575068e+02  1.65471511e+01]
 [ 1.73963608e+02  1.47319715e+01]
 [ 1.76631704e+02  1.33603802e+01]
 [ 1.79497854e+02  1.24742751e+01]
 [ 1.82474507e+02  1.21007241e+01]
 [ 1.85470734e+02  1.22511378e+01]
 [ 1.88395010e+02  1.29209217e+01]
 [ 1.91158007e+02  1.40896159e+01]
 [ 1.93675324e+02  1.57215204e+01]
 [ 1.95870066e+02  1.77667855e+01]
 [ 1.97675189e+02  2.01629348e+01]
 [ 1.99035552e+02  2.28367731e+01]
 [ 1.99909601e+02  2.57066230e+01]
 [ 2.00270636e+02  2.86848194e+01]
 [ 2.00107629e+02  3.16803875e+01]
 [ 1.99425558e+02  3.46018221e+01]
 [ 1.98245259e+02  3.73598821e+01]
 [ 1.96602787e+02  3.98703175e+01]
 [ 1.94548314e+02  4.20564420e+01]
 [ 1.92144598e+02  4.38514764e+01]
 [ 1.89465065e+02  4.52005879e+01]
 [ 1.86591566e+02  4.60625652e+01]
 [ 1.83611878e+02  4.64110777e+01]
 [ 1.80617022e+02  4.62354792e+01]
 [ 1.77698481e+02  4.55411339e+01]
 [ 1.74945406e+02  4.43492518e+01]
 [ 1.72441898e+02  4.26962413e+01]
 [ 1.70264429e+02  4.06325967e+01]
 [ 1.68479515e+02  3.82213560e+01]
 [ 1.67141679e+02  3.55361752e+01]
 [ 1.66291788e+02  3.26590784e+01]
 [ 1.65955805e+02  2.96779520e+01]
 [ 1.66143991e+02  2.66838601e+01]
 [ 1.66850599e+02  2.37682632e+01]
 [ 1.68054043e+02  2.10202237e+01]
 [ 1.69591011e+02  1.84438445e+01]
 [ 1.71553073e+02  1.61744142e+01]
 [ 1.73880293e+02  1.42812569e+01]
 [ 1.76501583e+02  1.28222027e+01]
 [ 1.79336870e+02  1.18418212e+01]
 [ 1.82299545e+02  1.13700600e+01]
 [ 1.85299107e+02  1.14213300e+01]
 [ 1.88243928e+02  1.19940651e+01]
 [ 1.91044055e+02  1.30707700e+01]
 [ 1.93613950e+02  1.46185546e+01]
 [ 1.95875112e+02  1.65901389e+01]
 [ 1.97758470e+02  1.89252970e+01]
 [ 1.99206493e+02  2.15526971e+01]
 [ 2.00174947e+02  2.43920802e+01]
 [ 2.00634250e+02  2.73567118e+01]
 [ 2.00570371e+02  3.03560317e+01]
 [ 1.99985262e+02  3.32984197e+01]
 [ 1.98896796e+02  3.60939951e+01]
 [ 1.97338222e+02  3.86573615e+01]
 [ 1.95357150e+02  4.09102160e+01]
 [ 1.93014095e+02  4.27837409e+01]
 [ 1.90380632e+02  4.42207058e+01]
 [ 1.87537202e+02  4.51772157e+01]
 [ 1.84570666e+02  4.56240523e+01]
 [ 1.81571641e+02  4.55475660e+01]
 [ 1.78631739e+02  4.49500933e+01]
 [ 1.75840764e+02  4.38498851e+01]
 [ 1.73283972e+02  4.22805495e+01]
 [ 1.71039465e+02  4.02900247e+01]
 [ 1.69175806e+02  3.79391153e+01]
 [ 1.67749924e+02  3.52996341e+01]
 [ 1.66805375e+02  3.24522093e+01]
 [ 1.66371013e+02  2.94838210e+01]
 [ 1.66460106e+02  2.64851442e+01]
 [ 1.67069931e+02  2.35477793e+01]
 [ 1.68181862e+02  2.07614538e+01]
 [ 1.69674497e+02  1.81591393e+01]
 [ 1.71597419e+02  1.58564510e+01]
 [ 1.73891887e+02  1.39237290e+01]
 [ 1.76487814e+02  1.24200121e+01]
 [ 1.79305901e+02  1.13912340e+01]
 [ 1.82260065e+02  1.08688209e+01]
 [ 1.85260065e+02  1.08687308e+01]
 [ 1.88214260e+02  1.13909665e+01]
 [ 1.91032409e+02  1.24195753e+01]
 [ 1.93628426e+02  1.39231363e+01]
 [ 1.95923011e+02  1.58557205e+01]
 [ 1.97846071e+02  1.81582932e+01]
 [ 2.00140655e+02  2.00908774e+01]
 [ 2.02063715e+02  2.23934501e+01]
 [ 2.03556506e+02  2.49956750e+01]
 [ 2.04573429e+02  2.78180619e+01]
 [ 2.05083419e+02  3.07743958e+01]
 [ 2.05070898e+02  3.37743697e+01]
 [ 2.04536249e+02  3.67263436e+01]
 [ 2.03495802e+02  3.95401438e+01]
 [ 2.01981342e+02  4.21298174e+01]
 [ 2.00039129e+02  4.44162578e+01]
 [ 1.97728493e+02  4.63296213e+01]
 [ 1.95120016e+02  4.78114605e+01]
 [ 1.92293379e+02  4.88165099e+01]
 [ 1.89334927e+02  4.93140681e+01]
 [ 1.86335033e+02  4.92889365e+01]
 [ 1.83385332e+02  4.87418826e+01]
 [ 1.80575931e+02  4.76896173e+01]
 [ 1.77992646e+02  4.61642840e+01]
 [ 1.75714390e+02  4.42124770e+01]
 [ 1.73810757e+02  4.18938180e+01]
 [ 1.72339896e+02  3.92791349e+01]
 [ 1.71346738e+02  3.64482981e+01]
 [ 1.70861620e+02  3.34877811e+01]
 [ 1.70899362e+02  3.04880185e+01]
 [ 1.71458811e+02  2.75406439e+01]
 [ 1.72522877e+02  2.47356904e+01]
 [ 1.74059056e+02  2.21588408e+01]
 [ 1.76020422e+02  1.98888099e+01]
 [ 1.78347063e+02  1.79949401e+01]
 [ 1.80967906e+02  1.65350833e+01]
 [ 1.83802893e+02  1.55538337e+01]
 [ 1.86765423e+02  1.50811655e+01]
 [ 1.89765000e+02  1.51315171e+01]
 [ 1.92709997e+02  1.57033505e+01]
 [ 1.95510453e+02  1.67791980e+01]
 [ 1.98080822e+02  1.83261956e+01]
 [ 2.00342588e+02  2.02970875e+01]
 [ 2.02226661e+02  2.26316689e+01]
 [ 2.03675487e+02  2.52586255e+01]
 [ 2.04644811e+02  2.80977120e+01]
 [ 2.05105022e+02  3.10622028e+01]
 [ 2.05042061e+02  3.40615421e+01]
 [ 2.04457853e+02  3.70041092e+01]
 [ 2.03370243e+02  3.98000176e+01]
 [ 2.01812454e+02  4.23638611e+01]
 [ 1.99832072e+02  4.46173222e+01]
 [ 1.97489591e+02  4.64915644e+01]
 [ 1.94856567e+02  4.79293354e+01]
 [ 1.92013431e+02  4.88867159e+01]
 [ 1.89047032e+02  4.93344608e+01]
 [ 1.86047984e+02  4.92588927e+01]
 [ 1.83107899e+02  4.86623202e+01]
 [ 1.80316587e+02  4.75629666e+01]
 [ 1.77759314e+02  4.59944139e+01]
 [ 1.75514198e+02  4.40045765e+01]
 [ 1.73649820e+02  4.16542377e+01]
 [ 1.72223130e+02  3.90151933e+01]
 [ 1.71277709e+02  3.61680578e+01]
 [ 1.70842438e+02  3.31998026e+01]
 [ 1.70930612e+02  3.02010987e+01]
 [ 1.71539539e+02  2.72635472e+01]
 [ 1.72650616e+02  2.44768814e+01]
 [ 1.74229905e+02  2.19262252e+01]
 [ 1.76229163e+02  1.96894934e+01]
 [ 1.78587318e+02  1.78350112e+01]]","[[ 0.00000000e+00  0.00000000e+00]
 [ 1.88595332e-01 -1.98157295e-01]
 [ 3.96022504e+00  2.06882747e-01]
 [ 5.19564126e+00  5.40212151e-01]
 [ 1.09521101e+01  1.28352462e+00]
 [ 1.09234923e+01 -2.35429027e+00]
 [ 1.40371591e+01 -1.88995176e-01]
 [ 1.44841527e+01 -5.31928706e-01]
 [ 1.90998894e+01 -1.16929052e+00]
 [ 2.31382259e+01 -2.54395051e-01]
 [ 2.75713862e+01  1.84740971e+00]
 [ 2.97262069e+01  1.87686018e+00]
 [ 3.18851828e+01 -1.09149066e-01]
 [ 3.72380560e+01 -4.68109587e-01]
 [ 3.77653219e+01 -1.87477764e+00]
 [ 4.11580265e+01  3.01180135e-01]
 [ 4.33295867e+01 -4.02935939e-01]
 [ 4.76034867e+01  8.22773045e-01]
 [ 5.11572860e+01  3.39352262e-01]
 [ 5.28533556e+01 -4.72931414e-01]
 [ 5.80077346e+01  2.07977689e+00]
 [ 5.79156304e+01  1.70493331e+00]
 [ 6.47932136e+01  1.84019362e-01]
 [ 6.61707312e+01 -1.50483139e+00]
 [ 7.09377647e+01  2.27972450e+00]
 [ 7.43194157e+01  2.19784077e+00]
 [ 7.48212532e+01 -2.15940771e-01]
 [ 7.71447312e+01  3.46709767e+00]
 [ 7.78870894e+01  4.44642042e+00]
 [ 8.28531298e+01  6.71276685e+00]
 [ 8.24683759e+01  6.87928611e+00]
 [ 8.52114345e+01  8.64114702e+00]
 [ 8.96324565e+01  1.24197657e+01]
 [ 8.90787301e+01  1.53371317e+01]
 [ 9.27341900e+01  2.01250301e+01]
 [ 9.34768782e+01  1.69129512e+01]
 [ 9.47507996e+01  2.33401908e+01]
 [ 9.86568382e+01  2.30786067e+01]
 [ 1.02029820e+02  2.41212663e+01]
 [ 1.00052634e+02  2.99425331e+01]
 [ 1.02415448e+02  3.42487174e+01]
 [ 1.03430783e+02  3.31849983e+01]
 [ 1.02872372e+02  3.54839514e+01]
 [ 1.01288604e+02  4.10571796e+01]
 [ 1.04367585e+02  4.50392818e+01]
 [ 1.03170067e+02  4.85207656e+01]
 [ 1.05167834e+02  5.10538873e+01]
 [ 1.06697860e+02  5.00270953e+01]
 [ 1.09867623e+02  5.47739454e+01]
 [ 1.12212599e+02  5.40392782e+01]
 [ 1.12693928e+02  5.40488080e+01]
 [ 1.18367453e+02  5.83742060e+01]
 [ 1.20101659e+02  5.65116061e+01]
 [ 1.24135804e+02  5.78933681e+01]
 [ 1.23902546e+02  6.28419313e+01]
 [ 1.23345059e+02  6.49280043e+01]
 [ 1.27993717e+02  6.66088149e+01]
 [ 1.31230765e+02  6.84388726e+01]
 [ 1.35120248e+02  6.82316634e+01]
 [ 1.39118134e+02  7.11969067e+01]
 [ 1.41244107e+02  7.20760808e+01]
 [ 1.44144523e+02  7.12916410e+01]
 [ 1.45962778e+02  6.70670833e+01]
 [ 1.48346514e+02  6.67446722e+01]
 [ 1.48845645e+02  6.65282668e+01]
 [ 1.52214340e+02  6.24411803e+01]
 [ 1.53183036e+02  6.19032873e+01]
 [ 1.56507555e+02  6.07445138e+01]
 [ 1.56674994e+02  5.74128380e+01]
 [ 1.59413038e+02  5.46387844e+01]
 [ 1.54405219e+02  5.18263972e+01]
 [ 1.59139329e+02  4.76963509e+01]
 [ 1.59918704e+02  4.47254949e+01]
 [ 1.60618399e+02  4.07154684e+01]
 [ 1.58134940e+02  3.82128459e+01]
 [ 1.60680611e+02  3.71342731e+01]
 [ 1.62375543e+02  3.27845917e+01]
 [ 1.62565456e+02  2.90762328e+01]
 [ 1.64967051e+02  2.48409915e+01]
 [ 1.66740313e+02  2.42086230e+01]
 [ 1.65843073e+02  1.80824838e+01]
 [ 1.70050066e+02  1.87338033e+01]
 [ 1.70554183e+02  1.66532887e+01]
 [ 1.76489299e+02  1.51535233e+01]
 [ 1.76582802e+02  1.16660346e+01]
 [ 1.81802949e+02  1.44296856e+01]
 [ 1.83914244e+02  1.27959201e+01]
 [ 1.86682469e+02  1.34759873e+01]
 [ 1.89141214e+02  1.34046711e+01]
 [ 1.88755829e+02  1.63860809e+01]
 [ 1.90556880e+02  1.61522217e+01]
 [ 1.95316479e+02  1.70256595e+01]
 [ 1.98312075e+02  2.07123029e+01]
 [ 1.98057356e+02  2.44864218e+01]
 [ 1.98828870e+02  2.86727158e+01]
 [ 2.00387426e+02  2.88610038e+01]
 [ 1.96736107e+02  3.06036723e+01]
 [ 2.00557114e+02  3.54003154e+01]
 [ 1.97280813e+02  4.06812193e+01]
 [ 1.94101735e+02  3.98234743e+01]
 [ 1.93229927e+02  4.37366568e+01]
 [ 1.90513242e+02  4.36959503e+01]
 [ 1.86401433e+02  4.70190339e+01]
 [ 1.87132311e+02  4.60294001e+01]
 [ 1.83183551e+02  4.51089575e+01]
 [ 1.79238922e+02  4.88945356e+01]
 [ 1.77242394e+02  4.95552879e+01]
 [ 1.73123047e+02  4.57272934e+01]
 [ 1.71532042e+02  4.40153688e+01]
 [ 1.69668085e+02  4.02289024e+01]
 [ 1.66628782e+02  4.32321191e+01]
 [ 1.66516616e+02  3.29032066e+01]
 [ 1.64852917e+02  3.40557854e+01]
 [ 1.64784392e+02  3.20935822e+01]
 [ 1.67270895e+02  2.68334584e+01]
 [ 1.65809057e+02  2.26500489e+01]
 [ 1.66711793e+02  1.92177806e+01]
 [ 1.71157276e+02  2.12688904e+01]
 [ 1.69474190e+02  1.48811715e+01]
 [ 1.71070791e+02  1.33623777e+01]
 [ 1.71714415e+02  1.16891855e+01]
 [ 1.81173893e+02  1.19614572e+01]
 [ 1.83482035e+02  1.13349753e+01]
 [ 1.87839063e+02  1.24793909e+01]
 [ 1.87557651e+02  1.66415818e+01]
 [ 1.90421644e+02  1.21144218e+01]
 [ 1.93749171e+02  1.54876257e+01]
 [ 1.97274613e+02  1.61715012e+01]
 [ 1.98727358e+02  2.11985341e+01]
 [ 1.97923880e+02  2.28148648e+01]
 [ 1.98601462e+02  2.89434589e+01]
 [ 1.99202440e+02  2.77168401e+01]
 [ 1.98547275e+02  3.08751554e+01]
 [ 1.99504364e+02  3.54785108e+01]
 [ 1.97463690e+02  3.68256817e+01]
 [ 1.94654657e+02  3.84009361e+01]
 [ 1.98895677e+02  4.34242635e+01]
 [ 1.91216634e+02  4.16914993e+01]
 [ 1.88268926e+02  4.50590331e+01]
 [ 1.86925792e+02  4.48851987e+01]
 [ 1.81970432e+02  4.85338707e+01]
 [ 1.81580437e+02  4.57132325e+01]
 [ 1.77642113e+02  4.48356137e+01]
 [ 1.70796311e+02  4.46579785e+01]
 [ 1.71063615e+02  4.13697761e+01]
 [ 1.69497179e+02  4.19455140e+01]
 [ 1.66876572e+02  3.63147509e+01]
 [ 1.68209351e+02  3.69354195e+01]
 [ 1.64913027e+02  3.37850625e+01]
 [ 1.65527918e+02  3.04183484e+01]
 [ 1.64211744e+02  2.82189191e+01]
 [ 1.68565558e+02  2.49981217e+01]
 [ 1.68755249e+02  1.56162134e+01]
 [ 1.69929991e+02  1.87123029e+01]
 [ 1.71354500e+02  1.56012841e+01]
 [ 1.74046655e+02  1.53501476e+01]
 [ 1.76236022e+02  1.26653940e+01]
 [ 1.81342485e+02  1.08162245e+01]
 [ 1.84019740e+02  1.23659428e+01]
 [ 1.84264275e+02  1.18161650e+01]
 [ 1.87015019e+02  1.39335185e+01]
 [ 1.91679859e+02  1.32544216e+01]
 [ 1.92021997e+02  1.61740945e+01]
 [ 1.97306144e+02  1.75960310e+01]
 [ 1.98302718e+02  1.95988940e+01]
 [ 1.99136906e+02  2.23998487e+01]
 [ 2.00350664e+02  2.34419642e+01]
 [ 2.01236922e+02  2.83399207e+01]
 [ 2.00645541e+02  3.11699223e+01]
 [ 1.99906100e+02  3.29929778e+01]
 [ 2.00028991e+02  3.48045652e+01]
 [ 1.95043929e+02  4.02238166e+01]
 [ 1.96742578e+02  4.24736315e+01]
 [ 1.91772736e+02  4.17138412e+01]
 [ 1.89178150e+02  4.51707724e+01]
 [ 1.89127419e+02  4.69957531e+01]
 [ 1.81318239e+02  4.94512463e+01]
 [ 1.80024507e+02  4.49162896e+01]
 [ 1.79910715e+02  4.54665002e+01]
 [ 1.74394303e+02  4.46774308e+01]
 [ 1.73709231e+02  4.41862456e+01]
 [ 1.68201625e+02  4.36303189e+01]
 [ 1.69899807e+02  3.76525544e+01]
 [ 1.65913689e+02  3.40826566e+01]
 [ 1.66476856e+02  3.16870540e+01]
 [ 1.64808494e+02  3.08948336e+01]
 [ 1.66690842e+02  2.60920032e+01]
 [ 1.67951970e+02  2.58193311e+01]
 [ 1.66412299e+02  2.01152859e+01]
 [ 1.71004944e+02  1.95222554e+01]
 [ 1.71893121e+02  1.79180460e+01]
 [ 1.72247976e+02  1.20625502e+01]
 [ 1.75201822e+02  1.30060188e+01]
 [ 1.78142740e+02  1.11109939e+01]
 [ 1.80837045e+02  1.04394163e+01]
 [ 1.83791926e+02  1.19725293e+01]
 [ 1.89436265e+02  1.12733962e+01]
 [ 1.90733156e+02  1.21992211e+01]
 [ 1.94410827e+02  1.47521386e+01]
 [ 1.98266348e+02  1.49469308e+01]
 [ 1.98302224e+02  1.95912841e+01]
 [ 1.98665832e+02  2.24279983e+01]
 [ 1.98017163e+02  2.75702847e+01]
 [ 1.98621183e+02  2.87364227e+01]
 [ 1.98888687e+02  3.20823562e+01]
 [ 1.99408101e+02  3.35360541e+01]
 [ 1.98976812e+02  3.77450962e+01]
 [ 1.96855901e+02  3.42065859e+01]
 [ 1.94217062e+02  4.11857845e+01]
 [ 1.92353393e+02  4.39384722e+01]
 [ 1.91903622e+02  4.39990481e+01]
 [ 1.85302734e+02  4.72534634e+01]
 [ 1.86195247e+02  4.51752656e+01]
 [ 1.84734074e+02  4.50242528e+01]
 [ 1.76926059e+02  4.47162831e+01]
 [ 1.77457514e+02  4.24437050e+01]
 [ 1.76210809e+02  4.09357602e+01]
 [ 1.72471098e+02  4.11067183e+01]
 [ 1.68944720e+02  3.95599147e+01]
 [ 1.65500226e+02  3.73359918e+01]
 [ 1.66709849e+02  3.16385565e+01]
 [ 1.67494774e+02  3.10736695e+01]
 [ 1.67614799e+02  2.94843999e+01]
 [ 1.68691020e+02  2.54730392e+01]
 [ 1.67372066e+02  2.09212394e+01]
 [ 1.70518971e+02  1.81325259e+01]
 [ 1.72049871e+02  1.64956081e+01]
 [ 1.75158253e+02  1.37713157e+01]
 [ 1.75963115e+02  1.11775386e+01]
 [ 1.77968302e+02  1.31499108e+01]
 [ 1.82133283e+02  1.20492374e+01]
 [ 1.83314019e+02  7.96147861e+00]
 [ 1.86640623e+02  1.31109069e+01]
 [ 1.92634525e+02  1.29176332e+01]
 [ 1.92425171e+02  1.37269323e+01]
 [ 1.95476370e+02  1.53382604e+01]
 [ 1.94086966e+02  1.68714036e+01]
 [ 1.99855492e+02  2.23655191e+01]
 [ 2.02304829e+02  2.44947826e+01]
 [ 2.02965946e+02  2.46166421e+01]
 [ 1.98724296e+02  2.85130575e+01]
 [ 2.05904063e+02  3.34200344e+01]
 [ 2.04340756e+02  3.39156009e+01]
 [ 2.03477957e+02  3.49619580e+01]
 [ 2.02426140e+02  3.90226460e+01]
 [ 2.04014499e+02  4.21331348e+01]
 [ 1.98853312e+02  4.46290745e+01]
 [ 1.98054850e+02  4.53152732e+01]
 [ 1.96834866e+02  4.49789372e+01]
 [ 1.91973062e+02  4.98141090e+01]
 [ 1.87327279e+02  4.98559488e+01]
 [ 1.88274372e+02  4.99694434e+01]
 [ 1.80850092e+02  4.76495901e+01]
 [ 1.82424386e+02  4.81371202e+01]
 [ 1.77977858e+02  4.68260849e+01]
 [ 1.76795964e+02  4.31497792e+01]
 [ 1.73375157e+02  4.21081885e+01]
 [ 1.71523959e+02  3.90789575e+01]
 [ 1.73293545e+02  3.49965683e+01]
 [ 1.73751614e+02  3.63067977e+01]
 [ 1.68329203e+02  3.02764845e+01]
 [ 1.71972848e+02  2.63993372e+01]
 [ 1.71411256e+02  2.43795669e+01]
 [ 1.75167823e+02  2.13918400e+01]
 [ 1.78760463e+02  2.03237709e+01]
 [ 1.78193200e+02  2.01688296e+01]
 [ 1.81907328e+02  1.70890135e+01]
 [ 1.83306182e+02  1.82748122e+01]
 [ 1.87983155e+02  1.47760485e+01]
 [ 1.87399202e+02  1.56909444e+01]
 [ 1.90994387e+02  1.31294316e+01]
 [ 1.95091726e+02  1.72014046e+01]
 [ 2.00004544e+02  1.87498734e+01]
 [ 2.01551617e+02  1.84582635e+01]
 [ 2.02192863e+02  2.28179859e+01]
 [ 2.04968857e+02  2.54327165e+01]
 [ 2.05850930e+02  2.73414131e+01]
 [ 2.05641954e+02  3.16845024e+01]
 [ 2.03167398e+02  3.43248500e+01]
 [ 2.03977309e+02  3.41479772e+01]
 [ 2.04807853e+02  3.92572296e+01]
 [ 2.00533869e+02  4.17978860e+01]
 [ 2.00039372e+02  4.68791864e+01]
 [ 1.97240691e+02  4.72001756e+01]
 [ 1.96916936e+02  4.87296612e+01]
 [ 1.93616278e+02  4.81719511e+01]
 [ 1.90203606e+02  4.92474968e+01]
 [ 1.87659601e+02  4.77535534e+01]
 [ 1.81938562e+02  5.05654176e+01]
 [ 1.80022461e+02  4.70245257e+01]
 [ 1.77875673e+02  4.49601677e+01]
 [ 1.77512110e+02  4.21308325e+01]
 [ 1.73423923e+02  4.21746669e+01]
 [ 1.72066459e+02  3.78117620e+01]
 [ 1.69975125e+02  3.68061495e+01]
 [ 1.69296717e+02  3.41691667e+01]
 [ 1.68644390e+02  2.93686241e+01]
 [ 1.71593998e+02  2.53853193e+01]
 [ 1.73628633e+02  2.44490731e+01]
 [ 1.72675794e+02  1.96478928e+01]
 [ 1.73880779e+02  1.97660443e+01]]","[  0.     3.     6.     9.    12.    15.    18.    21.    24.    27.
  30.    33.    36.    39.    41.75  44.75  47.75  50.75  53.75  56.75
  59.75  62.75  65.75  68.75  71.5   74.25  77.25  79.75  82.25  84.25
  85.75  87.    88.5   90.25  92.5   94.75  97.25  99.25 101.   102.25
 103.25 103.5  103.25 103.5  104.25 105.5  107.25 109.5  112.   114.75
 117.5  120.25 122.75 125.   126.75 128.75 131.25 134.   137.   140.
 143.   145.75 148.5  151.   153.   154.75 156.   156.75 157.25 158.
 158.75 159.25 160.25 161.   162.   162.75 163.75 165.   166.25 167.5
 169.25 171.25 173.75 176.5  179.25 182.25 185.25 188.25 191.   193.5
 195.5  197.5  198.75 199.5  199.75 199.75 199.   197.75 196.   194.
 191.5  188.75 186.   183.   180.   177.   174.25 171.75 169.75 168.
 166.75 165.75 165.5  165.75 166.5  167.75 169.25 171.25 173.75 176.25
 179.25 182.25 185.25 188.25 191.   193.5  195.75 197.5  199.   199.75
 200.25 200.25 199.5  198.5  196.75 194.75 192.5  189.75 186.75 184.
 181.   178.   175.25 172.75 170.5  168.75 167.25 166.25 166.   166.
 166.75 168.   169.5  171.5  174.   176.75 179.5  182.5  185.5  188.5
 191.25 193.75 195.75 197.75 199.   200.   200.25 200.   199.5  198.25
 196.5  194.5  192.25 189.5  186.5  183.5  180.5  177.75 175.   172.5
 170.25 168.5  167.25 166.25 166.   166.25 166.75 168.   169.5  171.5
 174.   176.5  179.25 182.25 185.25 188.25 191.   193.5  196.   197.75
 199.25 200.25 200.75 200.5  200.   199.   197.25 195.25 193.   190.5
 187.5  184.5  181.5  178.75 175.75 173.25 171.   169.25 167.75 166.75
 166.25 166.5  167.   168.25 169.75 171.5  174.   176.5  179.25 182.25
 185.25 188.25 191.   193.75 196.   197.75 200.25 202.   203.5  204.5
 205.   205.   204.5  203.5  202.   200.   197.75 195.   192.25 189.25
 186.25 183.5  180.5  178.   175.75 173.75 172.25 171.25 170.75 171.
 171.5  172.5  174.   176.   178.25 181.   183.75 186.75 189.75 192.75
 195.5  198.   200.25 202.25 203.75 204.75 205.   205.   204.5  203.25
 201.75 199.75 197.5  194.75 192.   189.   186.   183.   180.25 177.75
 175.5  173.75 172.25 171.25 170.75 171.   171.5  172.75 174.25 176.25
 178.5 ]",48.08745205768639,0.04133842622507636,straight,Vector Field
26.733675289299985,35.0,7,0.38453300499210563,0.15026010053041114,29.900332225913623,299,"[[ 0.00000000e+00  0.00000000e+00]
 [ 2.99978798e+00  3.56657923e-02]
 [ 5.99958683e+00  9.25247688e-04]
 [ 8.99799405e+00 -9.68200386e-02]
 [ 1.19885754e+01 -3.34356183e-01]
 [ 1.49748371e+01 -4.75797865e-02]
 [ 1.79748360e+01 -5.01734384e-02]
 [ 2.09740632e+01  1.79139871e-02]
 [ 2.39677788e+01  2.11994240e-01]
 [ 2.69674069e+01  2.59230462e-01]
 [ 2.99496204e+01 -6.69641375e-02]
 [ 3.29286145e+01 -4.21356787e-01]
 [ 3.59285539e+01 -4.40419899e-01]
 [ 3.89280699e+01 -3.86536331e-01]
 [ 4.19113105e+01 -6.98729115e-02]
 [ 4.49109444e+01 -1.16742750e-01]
 [ 4.79099441e+01 -3.92774878e-02]
 [ 5.09067310e+01 -1.78087020e-01]
 [ 5.39060508e+01 -2.41967501e-01]
 [ 5.69050230e+01 -1.63444581e-01]
 [ 5.98820022e+01 -5.34382523e-01]
 [ 6.28658501e+01 -8.45270207e-01]
 [ 6.58652740e+01 -9.04064354e-01]
 [ 6.88551172e+01 -6.57411515e-01]
 [ 7.17563508e+01  1.06030114e-01]
 [ 7.44803513e+01  1.36293974e+00]
 [ 7.73815849e+01  2.12638137e+00]
 [ 8.01055853e+01  3.38329099e+00]
 [ 8.25691426e+01  5.09527390e+00]
 [ 8.46970027e+01  7.21003427e+00]
 [ 8.64241660e+01  9.66297268e+00]
 [ 8.76978731e+01  1.23791594e+01]
 [ 8.92239129e+01  1.49620265e+01]
 [ 9.09745062e+01  1.73982989e+01]
 [ 9.22741871e+01  2.01021535e+01]
 [ 9.40247804e+01  2.25384258e+01]
 [ 9.53244613e+01  2.52422804e+01]
 [ 9.61335285e+01  2.81311228e+01]
 [ 9.64272674e+01  3.11167077e+01]
 [ 9.61967053e+01  3.41078348e+01]
 [ 9.54488852e+01  3.70131343e+01]
 [ 9.42066505e+01  3.97438582e+01]
 [ 9.34588303e+01  4.26491576e+01]
 [ 9.32282682e+01  4.56402847e+01]
 [ 9.35220072e+01  4.86258696e+01]
 [ 9.43310744e+01  5.15147120e+01]
 [ 9.56307552e+01  5.42185666e+01]
 [ 9.73813486e+01  5.66548389e+01]
 [ 9.95293792e+01  5.87491084e+01]
 [ 1.02009231e+02  6.04374016e+01]
 [ 1.04581658e+02  6.19809754e+01]
 [ 1.07383544e+02  6.30530931e+01]
 [ 1.10212486e+02  6.40516346e+01]
 [ 1.12824367e+02  6.55274668e+01]
 [ 1.15653309e+02  6.65260084e+01]
 [ 1.18612898e+02  6.70167568e+01]
 [ 1.21612727e+02  6.69847214e+01]
 [ 1.24561160e+02  6.64308806e+01]
 [ 1.27368133e+02  6.53721526e+01]
 [ 1.29947900e+02  6.38408783e+01]
 [ 1.32221658e+02  6.18838333e+01]
 [ 1.34119950e+02  5.95607995e+01]
 [ 1.35584790e+02  5.69427383e+01]
 [ 1.36571431e+02  5.41096234e+01]
 [ 1.37049734e+02  5.11479978e+01]
 [ 1.37005088e+02  4.81483300e+01]
 [ 1.36438858e+02  4.52022507e+01]
 [ 1.35368340e+02  4.23997534e+01]
 [ 1.33826235e+02  3.98264460e+01]
 [ 1.31859649e+02  3.75609349e+01]
 [ 1.29528656e+02  3.56724246e+01]
 [ 1.26904460e+02  3.42186032e+01]
 [ 1.24067223e+02  3.32438806e+01]
 [ 1.21103613e+02  3.27780315e+01]
 [ 1.18104159e+02  3.28352861e+01]
 [ 1.15160486e+02  3.34138955e+01]
 [ 1.12189850e+02  3.38326066e+01]
 [ 1.09190999e+02  3.39156289e+01]
 [ 1.06192018e+02  3.38374260e+01]
 [ 1.03206811e+02  3.35398694e+01]
 [ 1.00319006e+02  3.27271088e+01]
 [ 9.74271746e+01  3.19287902e+01]
 [ 9.46645672e+01  3.07591748e+01]
 [ 9.18897673e+01  2.96187863e+01]
 [ 8.89587974e+01  2.89789307e+01]
 [ 8.59611894e+01  2.88591537e+01]
 [ 8.29885112e+01  2.92631139e+01]
 [ 8.01315688e+01  3.01784718e+01]
 [ 7.74776330e+01  3.15772660e+01]
 [ 7.46206906e+01  3.24926239e+01]
 [ 7.16480123e+01  3.28965841e+01]
 [ 6.86504044e+01  3.27768071e+01]
 [ 6.57194344e+01  3.21369515e+01]
 [ 6.29446346e+01  3.09965630e+01]
 [ 6.04107665e+01  2.93904769e+01]
 [ 5.81952320e+01  2.73677543e+01]
 [ 5.63657088e+01  2.49901831e+01]
 [ 5.49780833e+01  2.23303907e+01]
 [ 5.40747431e+01  1.94696257e+01]
 [ 5.36832825e+01  1.64952756e+01]
 [ 5.38156594e+01  1.34981976e+01]
 [ 5.44678302e+01  1.05699433e+01]
 [ 5.56198729e+01  7.79996179e+00]
 [ 5.72365963e+01  5.27286751e+00]
 [ 5.92686144e+01  3.06585541e+00]
 [ 6.16538553e+01  1.24634290e+00]
 [ 6.43194573e+01 -1.30089496e-01]
 [ 6.71839944e+01 -1.02139601e+00]
 [ 7.01599638e+01 -1.40034998e+00]
 [ 7.30245009e+01 -2.29165649e+00]
 [ 7.60004703e+01 -2.67061046e+00]
 [ 7.88650074e+01 -3.56191698e+00]
 [ 8.15306093e+01 -4.93834937e+00]
 [ 8.39158502e+01 -6.75786188e+00]
 [ 8.59478684e+01 -8.96487399e+00]
 [ 8.75645917e+01 -1.14919683e+01]
 [ 8.90763605e+01 -1.40832142e+01]
 [ 9.06421258e+01 -1.66421942e+01]
 [ 9.26072169e+01 -1.89090019e+01]
 [ 9.47447117e+01 -2.10140235e+01]
 [ 9.70010497e+01 -2.29911271e+01]
 [ 9.88786959e+01 -2.53308803e+01]
 [ 1.00320294e+02 -2.79618108e+01]
 [ 1.01281807e+02 -3.08035518e+01]
 [ 1.01733865e+02 -3.37692970e+01]
 [ 1.01662657e+02 -3.67684518e+01]
 [ 1.01070360e+02 -3.97094013e+01]
 [ 1.00999153e+02 -4.27085561e+01]
 [ 1.01451210e+02 -4.56743012e+01]
 [ 1.02412724e+02 -4.85160422e+01]
 [ 1.03854321e+02 -5.11469728e+01]
 [ 1.05731968e+02 -5.34867259e+01]
 [ 1.07988306e+02 -5.54638295e+01]
 [ 1.10554411e+02 -5.70178891e+01]
 [ 1.13351898e+02 -5.81014328e+01]
 [ 1.16295312e+02 -5.86813619e+01]
 [ 1.19294739e+02 -5.87399612e+01]
 [ 1.22258558e+02 -5.82754408e+01]
 [ 1.25096232e+02 -5.73019902e+01]
 [ 1.27721079e+02 -5.58493455e+01]
 [ 1.30052919e+02 -5.39618804e+01]
 [ 1.32020520e+02 -5.16972512e+01]
 [ 1.33563779e+02 -4.91246354e+01]
 [ 1.34635553e+02 -4.63226183e+01]
 [ 1.35622770e+02 -4.34897039e+01]
 [ 1.36720466e+02 -4.06977401e+01]
 [ 1.37807981e+02 -3.79017945e+01]
 [ 1.39046490e+02 -3.51693786e+01]
 [ 1.40356829e+02 -3.24706732e+01]
 [ 1.41741994e+02 -2.98095988e+01]
 [ 1.43254048e+02 -2.72185195e+01]
 [ 1.44861509e+02 -2.46855234e+01]
 [ 1.46305768e+02 -2.20560528e+01]
 [ 1.48112422e+02 -1.96610572e+01]
 [ 1.49998982e+02 -1.73284853e+01]
 [ 1.52117526e+02 -1.52043930e+01]
 [ 1.54288225e+02 -1.31336277e+01]
 [ 1.56531999e+02 -1.11422767e+01]
 [ 1.59044313e+02 -9.50268107e+00]
 [ 1.61621035e+02 -7.96628709e+00]
 [ 1.64389720e+02 -6.81113234e+00]
 [ 1.67116454e+02 -5.56016270e+00]
 [ 1.69984786e+02 -4.68114696e+00]
 [ 1.72962353e+02 -4.31495687e+00]
 [ 1.75958199e+02 -4.47277840e+00]
 [ 1.78880810e+02 -5.14979059e+00]
 [ 1.81640909e+02 -6.32531280e+00]
 [ 1.84563520e+02 -7.00232499e+00]
 [ 1.87559366e+02 -7.16014652e+00]
 [ 1.90536933e+02 -6.79395643e+00]
 [ 1.93405265e+02 -5.91494069e+00]
 [ 1.96076744e+02 -4.54995054e+00]
 [ 1.98469765e+02 -2.74068221e+00]
 [ 2.00511228e+02 -5.42403302e-01]
 [ 2.02138772e+02  1.97773555e+00]
 [ 2.03302681e+02  4.74275185e+00]
 [ 2.03967402e+02  7.66818286e+00]
 [ 2.04112628e+02  1.06646657e+01]
 [ 2.03733925e+02  1.36406669e+01]
 [ 2.02842859e+02  1.65052790e+01]
 [ 2.01466651e+02  1.91709968e+01]
 [ 1.99647340e+02  2.15563908e+01]
 [ 1.97440498e+02  2.35885946e+01]
 [ 1.94913540e+02  2.52055307e+01]
 [ 1.92143656e+02  2.63578065e+01]
 [ 1.89215456e+02  2.70102236e+01]
 [ 1.86445572e+02  2.81624995e+01]
 [ 1.83918614e+02  2.97794355e+01]
 [ 1.81711772e+02  3.18116393e+01]
 [ 1.79892461e+02  3.41970333e+01]
 [ 1.77685620e+02  3.62292372e+01]
 [ 1.75158661e+02  3.78461732e+01]
 [ 1.72388777e+02  3.89984490e+01]
 [ 1.69460577e+02  3.96508662e+01]
 [ 1.66463510e+02  3.97834953e+01]
 [ 1.63489127e+02  3.93922850e+01]
 [ 1.60628286e+02  3.84891856e+01]
 [ 1.57968377e+02  3.71017839e+01]
 [ 1.55590652e+02  3.52724608e+01]
 [ 1.52930743e+02  3.38850591e+01]
 [ 1.50069902e+02  3.29819596e+01]
 [ 1.47095519e+02  3.25907493e+01]
 [ 1.44098452e+02  3.27233784e+01]
 [ 1.41170253e+02  3.33757956e+01]
 [ 1.38400368e+02  3.45280714e+01]
 [ 1.35873410e+02  3.61450075e+01]
 [ 1.33666569e+02  3.81772113e+01]
 [ 1.31847257e+02  4.05626053e+01]
 [ 1.29640416e+02  4.25948091e+01]
 [ 1.27113458e+02  4.42117451e+01]
 [ 1.24382607e+02  4.54537010e+01]
 [ 1.21477231e+02  4.62012246e+01]
 [ 1.18510191e+02  4.66447002e+01]
 [ 1.15519553e+02  4.68815317e+01]
 [ 1.12533359e+02  4.65940517e+01]
 [ 1.09642827e+02  4.57910418e+01]
 [ 1.06656633e+02  4.55035617e+01]
 [ 1.03665996e+02  4.57403932e+01]
 [ 1.00762271e+02  4.64943018e+01]
 [ 9.80341566e+01  4.77422577e+01]
 [ 9.55649897e+01  4.94461399e+01]
 [ 9.34301952e+01  5.15539000e+01]
 [ 9.16949846e+01  5.40011524e+01]
 [ 8.95601902e+01  5.61089125e+01]
 [ 8.70910232e+01  5.78127947e+01]
 [ 8.43629092e+01  5.90607507e+01]
 [ 8.14591837e+01  5.98146592e+01]
 [ 7.84685465e+01  6.00514907e+01]
 [ 7.54823524e+01  5.97640107e+01]
 [ 7.25918204e+01  5.89610008e+01]
 [ 6.98852474e+01  5.76669905e+01]
 [ 6.74453109e+01  5.59215078e+01]
 [ 6.53465434e+01  5.37778719e+01]
 [ 6.36530558e+01  5.13015642e+01]
 [ 6.24165789e+01  4.85682284e+01]
 [ 6.16748833e+01  4.56613593e+01]
 [ 6.14506255e+01  4.26697530e+01]
 [ 6.17506560e+01  3.96847937e+01]
 [ 6.25658096e+01  3.67976629e+01]
 [ 6.38142133e+01  3.40697538e+01]
 [ 6.51111154e+01  3.13645652e+01]
 [ 6.64312676e+01  2.86706465e+01]
 [ 6.79334384e+01  2.60738248e+01]
 [ 6.96298391e+01  2.35995118e+01]
 [ 7.13860561e+01  2.11672903e+01]
 [ 7.32417654e+01  1.88101006e+01]
 [ 7.52187309e+01  1.65536416e+01]
 [ 7.75583691e+01  1.46758522e+01]
 [ 8.01892114e+01  1.32340933e+01]
 [ 8.30308936e+01  1.22724060e+01]
 [ 8.59966111e+01  1.18201671e+01]
 [ 8.89957702e+01  1.18911909e+01]
 [ 9.19367560e+01  1.24833080e+01]
 [ 9.49359151e+01  1.25543319e+01]
 [ 9.79016326e+01  1.21020929e+01]
 [ 1.00743315e+02  1.11404057e+01]
 [ 1.03374157e+02  9.69864672e+00]
 [ 1.05713795e+02  7.82085738e+00]
 [ 1.07690761e+02  5.56439832e+00]
 [ 1.09244663e+02  2.99819743e+00]
 [ 1.10328036e+02  2.00644229e-01]
 [ 1.10907785e+02 -2.74280463e+00]
 [ 1.10966201e+02 -5.74223584e+00]
 [ 1.10501499e+02 -8.70602602e+00]
 [ 1.09527875e+02 -1.15436405e+01]
 [ 1.08075069e+02 -1.41683989e+01]
 [ 1.06187461e+02 -1.65001229e+01]
 [ 1.03922712e+02 -1.84675855e+01]
 [ 1.01350001e+02 -2.00106868e+01]
 [ 9.85479188e+01 -2.10822898e+01]
 [ 9.56020589e+01 -2.16496604e+01]
 [ 9.26024086e+01 -2.16954671e+01]
 [ 8.96405981e+01 -2.12183106e+01]
 [ 8.66409478e+01 -2.12641172e+01]
 [ 8.36950879e+01 -2.18314878e+01]
 [ 8.08930053e+01 -2.29030908e+01]
 [ 7.83202950e+01 -2.44461921e+01]
 [ 7.60555454e+01 -2.64136548e+01]
 [ 7.34828351e+01 -2.79567561e+01]
 [ 7.06807525e+01 -2.90283591e+01]
 [ 6.77348926e+01 -2.95957297e+01]
 [ 6.47352423e+01 -2.96415363e+01]
 [ 6.17734317e+01 -2.91643798e+01]
 [ 5.89399351e+01 -2.81788359e+01]
 [ 5.63213070e+01 -2.67150097e+01]
 [ 5.39975385e+01 -2.48176168e+01]
 [ 5.20396135e+01 -2.25446167e+01]
 [ 5.05073406e+01 -1.99654424e+01]
 [ 4.94475261e+01 -1.71588799e+01]
 [ 4.88925439e+01 -1.42106610e+01]
 [ 4.88593472e+01 -1.12108447e+01]
 [ 4.93489499e+01 -8.25106611e+00]
 [ 5.03463962e+01 -5.42173742e+00]
 [ 5.18212172e+01 -2.80928590e+00]
 [ 5.37283617e+01 -4.93513891e-01]
 [ 5.60095722e+01  1.45483889e+00]
 [ 5.85951648e+01  2.97625627e+00]
 [ 6.14061576e+01  4.02426362e+00]
 [ 6.43566835e+01  4.56684755e+00]
 [ 6.73566128e+01  4.58743379e+00]
 [ 7.03143071e+01  4.08539349e+00]]","[[ 0.00000000e+00  0.00000000e+00]
 [ 1.88595332e-01 -1.98157295e-01]
 [ 3.96042196e+00  1.93015968e-01]
 [ 5.19608277e+00  5.43317830e-01]
 [ 1.09539941e+01  1.32380141e+00]
 [ 1.09329725e+01 -2.23248839e+00]
 [ 1.40399254e+01  1.44091825e-02]
 [ 1.44872898e+01 -3.78360934e-01]
 [ 1.91051968e+01 -1.08048704e+00]
 [ 2.31513903e+01 -2.62455995e-01]
 [ 2.75848527e+01  1.82300052e+00]
 [ 2.97568184e+01  1.98273107e+00]
 [ 3.19308225e+01  1.05908318e-01]
 [ 3.72837592e+01 -2.99401453e-01]
 [ 3.78128211e+01 -1.76912440e+00]
 [ 4.12247218e+01  2.60419774e-01]
 [ 4.33965171e+01 -4.30506112e-01]
 [ 4.76711065e+01  7.71990889e-01]
 [ 5.12287197e+01  3.54972043e-01]
 [ 5.29253079e+01 -4.36387952e-01]
 [ 5.80809862e+01  2.07670214e+00]
 [ 5.79934039e+01  1.73650314e+00]
 [ 6.48846633e+01  3.26696894e-01]
 [ 6.62619574e+01 -1.37494858e+00]
 [ 7.10421482e+01  2.28297596e+00]
 [ 7.44588032e+01  2.07868576e+00]
 [ 7.50164219e+01 -4.49538209e-01]
 [ 7.73749037e+01  3.11109377e+00]
 [ 7.81730431e+01  3.97597408e+00]
 [ 8.32139382e+01  6.13933798e+00]
 [ 8.29208258e+01  6.21748041e+00]
 [ 8.57695132e+01  7.90826982e+00]
 [ 9.03069249e+01  1.16352933e+01]
 [ 8.97173673e+01  1.45741677e+01]
 [ 9.33497155e+01  1.93788404e+01]
 [ 9.32242160e+01  1.67968886e+01]
 [ 9.41028239e+01  2.35639551e+01]
 [ 9.68304037e+01  2.43154198e+01]
 [ 9.88665455e+01  2.61504763e+01]
 [ 9.54349754e+01  3.25192827e+01]
 [ 9.62702873e+01  3.71114237e+01]
 [ 9.57316640e+01  3.60633431e+01]
 [ 9.36403053e+01  3.81071390e+01]
 [ 9.15423101e+01  4.35947749e+01]
 [ 9.41000170e+01  4.75821229e+01]
 [ 9.23900985e+01  5.11595308e+01]
 [ 9.38999928e+01  5.38763244e+01]
 [ 9.49815765e+01  5.31153417e+01]
 [ 9.77560266e+01  5.82020186e+01]
 [ 9.97708935e+01  5.78708152e+01]
 [ 9.99974016e+01  5.83351213e+01]
 [ 1.05335682e+02  6.34655450e+01]
 [ 1.07137102e+02  6.14415458e+01]
 [ 1.11522049e+02  6.21310437e+01]
 [ 1.11754764e+02  6.64589936e+01]
 [ 1.12278097e+02  6.71055628e+01]
 [ 1.17740436e+02  6.71806764e+01]
 [ 1.21499174e+02  6.72878930e+01]
 [ 1.25602418e+02  6.52933260e+01]
 [ 1.29499606e+02  6.64612933e+01]
 [ 1.31213499e+02  6.55881742e+01]
 [ 1.33403040e+02  6.31499514e+01]
 [ 1.34233341e+02  5.74206387e+01]
 [ 1.35382222e+02  5.57884663e+01]
 [ 1.34437318e+02  5.44973026e+01]
 [ 1.36196910e+02  4.96032911e+01]
 [ 1.35440587e+02  4.85509556e+01]
 [ 1.36976866e+02  4.71859369e+01]
 [ 1.35347468e+02  4.39625131e+01]
 [ 1.35929632e+02  4.15516944e+01]
 [ 1.28311693e+02  3.94039604e+01]
 [ 1.30038086e+02  3.63080816e+01]
 [ 1.27461301e+02  3.47927390e+01]
 [ 1.24546344e+02  3.27055106e+01]
 [ 1.18251160e+02  3.26146594e+01]
 [ 1.16898561e+02  3.44555312e+01]
 [ 1.14727336e+02  3.35391085e+01]
 [ 1.10915441e+02  3.30666729e+01]
 [ 1.09173699e+02  3.16875661e+01]
 [ 1.06643046e+02  3.36783176e+01]
 [ 1.01428231e+02  2.99425201e+01]
 [ 1.01088584e+02  3.22807328e+01]
 [ 9.66321620e+01  3.15745583e+01]
 [ 9.73892811e+01  3.06844734e+01]
 [ 9.20196962e+01  2.73881770e+01]
 [ 9.14298060e+01  3.03551627e+01]
 [ 8.75615917e+01  2.89306628e+01]
 [ 8.43634934e+01  2.98195342e+01]
 [ 8.10513524e+01  2.99501824e+01]
 [ 7.52668011e+01  3.31205475e+01]
 [ 7.17182511e+01  3.21327188e+01]
 [ 7.13412286e+01  3.13322939e+01]
 [ 6.95700891e+01  3.24763125e+01]
 [ 6.50641319e+01  3.29167141e+01]
 [ 6.22297660e+01  3.30800329e+01]
 [ 6.09379491e+01  2.86789774e+01]
 [ 5.52788345e+01  2.54061245e+01]
 [ 5.79959550e+01  2.49142770e+01]
 [ 5.45533957e+01  2.47952681e+01]
 [ 5.21507692e+01  1.85911390e+01]
 [ 5.29744010e+01  1.73747815e+01]
 [ 5.28203567e+01  1.25780708e+01]
 [ 5.20601061e+01  1.16639674e+01]
 [ 5.68290820e+01  7.08539667e+00]
 [ 5.74816062e+01  3.33389833e+00]
 [ 5.85608947e+01  5.13278184e+00]
 [ 6.18574514e+01  4.71188813e+00]
 [ 6.31386682e+01  7.40337129e-01]
 [ 6.68907356e+01 -1.72669243e-01]
 [ 7.01491468e+01 -2.24214714e+00]
 [ 7.17230757e+01  2.30739861e+00]
 [ 7.58844527e+01 -5.69560150e+00]
 [ 7.78921065e+01 -2.54485739e+00]
 [ 8.07805967e+01 -2.89768007e+00]
 [ 8.54194477e+01 -6.98636983e+00]
 [ 8.52395444e+01 -1.04720755e+01]
 [ 8.65146419e+01 -1.37016829e+01]
 [ 9.08829549e+01 -1.16971630e+01]
 [ 8.87579187e+01 -1.84147187e+01]
 [ 8.99544491e+01 -2.03547832e+01]
 [ 9.00852065e+01 -2.27274420e+01]
 [ 9.89464228e+01 -2.35096359e+01]
 [ 1.00160572e+02 -2.60643339e+01]
 [ 1.02961295e+02 -2.76629838e+01]
 [ 1.00708804e+02 -2.69749158e+01]
 [ 1.01247157e+02 -3.56011320e+01]
 [ 1.01965522e+02 -3.68267043e+01]
 [ 1.02669847e+02 -4.10918522e+01]
 [ 1.02206228e+02 -4.14294334e+01]
 [ 1.00449679e+02 -4.54294352e+01]
 [ 1.01166596e+02 -4.49973301e+01]
 [ 1.02798112e+02 -5.18265844e+01]
 [ 1.04133211e+02 -5.40059079e+01]
 [ 1.07979492e+02 -5.43121458e+01]
 [ 1.09638681e+02 -5.72965500e+01]
 [ 1.11227164e+02 -5.93425362e+01]
 [ 1.20429023e+02 -5.71194971e+01]
 [ 1.18122603e+02 -6.07460571e+01]
 [ 1.20795184e+02 -5.83079771e+01]
 [ 1.25148324e+02 -5.84185311e+01]
 [ 1.25791218e+02 -5.37157778e+01]
 [ 1.30730447e+02 -5.45237325e+01]
 [ 1.31689528e+02 -5.24915469e+01]
 [ 1.29159711e+02 -4.89511426e+01]
 [ 1.33029737e+02 -4.78266448e+01]
 [ 1.34662376e+02 -4.23912514e+01]
 [ 1.34964670e+02 -4.28491622e+01]
 [ 1.38767759e+02 -3.67702411e+01]
 [ 1.37608089e+02 -3.43257821e+01]
 [ 1.39919380e+02 -3.20187350e+01]
 [ 1.39850554e+02 -2.85602571e+01]
 [ 1.45058937e+02 -2.62629096e+01]
 [ 1.45699019e+02 -3.03439361e+01]
 [ 1.46696713e+02 -2.20942208e+01]
 [ 1.47891853e+02 -2.06069241e+01]
 [ 1.50082029e+02 -1.67103092e+01]
 [ 1.51721844e+02 -1.58993792e+01]
 [ 1.56132855e+02 -1.47916783e+01]
 [ 1.58077231e+02 -1.08770581e+01]
 [ 1.57837855e+02 -9.93765391e+00]
 [ 1.60241045e+02 -6.95369031e+00]
 [ 1.64911573e+02 -7.64632660e+00]
 [ 1.65463126e+02 -5.10758856e+00]
 [ 1.71420864e+02 -4.85190149e+00]
 [ 1.73589882e+02 -4.87899760e+00]
 [ 1.76059553e+02 -4.90970277e+00]
 [ 1.79321873e+02 -7.41444936e+00]
 [ 1.82607195e+02 -6.67021152e+00]
 [ 1.85101432e+02 -7.51279018e+00]
 [ 1.88039907e+02 -8.76899073e+00]
 [ 1.92320664e+02 -9.34927331e+00]
 [ 1.91846407e+02 -5.56144159e+00]
 [ 1.98271008e+02 -4.13276108e+00]
 [ 1.98097902e+02 -4.87831743e+00]
 [ 2.00224313e+02 -5.72218818e-01]
 [ 2.04674625e+02  2.91092338e+00]
 [ 2.01009042e+02  7.78292049e+00]
 [ 2.03374887e+02  6.34899328e+00]
 [ 2.06324862e+02  1.05900320e+01]
 [ 2.03182821e+02  1.39688459e+01]
 [ 2.04110193e+02  1.79952833e+01]
 [ 1.99403848e+02  2.21687190e+01]
 [ 2.01067632e+02  2.09875892e+01]
 [ 1.96212509e+02  2.21350760e+01]
 [ 1.95098608e+02  2.42335062e+01]
 [ 1.90996345e+02  2.75746881e+01]
 [ 1.89762307e+02  2.64183668e+01]
 [ 1.87546943e+02  3.02135674e+01]
 [ 1.82276869e+02  2.88744977e+01]
 [ 1.83125705e+02  3.28900502e+01]
 [ 1.80232509e+02  3.59406651e+01]
 [ 1.76053302e+02  3.40105304e+01]
 [ 1.73858900e+02  3.80299893e+01]
 [ 1.71194647e+02  3.82676218e+01]
 [ 1.67998077e+02  3.87202224e+01]
 [ 1.64956330e+02  4.03346946e+01]
 [ 1.64681464e+02  3.86716161e+01]
 [ 1.60317388e+02  3.76176367e+01]
 [ 1.58765254e+02  3.72353679e+01]
 [ 1.57981887e+02  3.36292527e+01]
 [ 1.53474497e+02  3.45510462e+01]
 [ 1.49529242e+02  3.38572608e+01]
 [ 1.44937735e+02  3.57689539e+01]
 [ 1.42085385e+02  3.41030893e+01]
 [ 1.39488569e+02  3.51021201e+01]
 [ 1.37823207e+02  3.47657058e+01]
 [ 1.35953426e+02  3.77961086e+01]
 [ 1.33184248e+02  3.37264357e+01]
 [ 1.30707169e+02  4.08381738e+01]
 [ 1.28979714e+02  4.37495404e+01]
 [ 1.28636448e+02  4.39900874e+01]
 [ 1.22148139e+02  4.75299487e+01]
 [ 1.23101811e+02  4.57524379e+01]
 [ 1.21672623e+02  4.61213870e+01]
 [ 1.13813874e+02  4.66477215e+01]
 [ 1.14150110e+02  4.51878715e+01]
 [ 1.12569665e+02  4.44462524e+01]
 [ 1.08088267e+02  4.63202553e+01]
 [ 1.03434911e+02  4.73611927e+01]
 [ 9.85125724e+01  4.85306594e+01]
 [ 9.79386306e+01  4.69286049e+01]
 [ 9.66887507e+01  5.10359885e+01]
 [ 9.45848883e+01  5.45531558e+01]
 [ 9.33160737e+01  5.59264124e+01]
 [ 8.87503942e+01  5.62686982e+01]
 [ 8.79354971e+01  5.77861814e+01]
 [ 8.48153621e+01  5.96999078e+01]
 [ 8.27255496e+01  5.96622459e+01]
 [ 7.79438477e+01  5.88090172e+01]
 [ 7.41447539e+01  6.15226875e+01]
 [ 7.24650382e+01  6.01414174e+01]
 [ 6.79392017e+01  5.47597383e+01]
 [ 6.58716741e+01  5.76414483e+01]
 [ 6.69486595e+01  5.42759298e+01]
 [ 6.24498005e+01  5.11053603e+01]
 [ 6.19699382e+01  4.80507684e+01]
 [ 5.79157785e+01  4.43744697e+01]
 [ 6.11654622e+01  4.49443947e+01]
 [ 6.19917706e+01  4.17861262e+01]
 [ 6.19752492e+01  3.64186300e+01]
 [ 5.79650807e+01  3.47647493e+01]
 [ 6.59317588e+01  3.40102038e+01]
 [ 6.57011257e+01  2.88118777e+01]
 [ 6.68751464e+01  2.43094392e+01]
 [ 6.85601771e+01  2.30820140e+01]
 [ 7.34192131e+01  2.11706077e+01]
 [ 7.20559482e+01  1.90229174e+01]
 [ 7.55450879e+01  1.55392935e+01]
 [ 7.92732196e+01  1.18433289e+01]
 [ 7.98688945e+01  1.42316924e+01]
 [ 8.10232448e+01  1.28142867e+01]
 [ 8.79359506e+01  1.25006740e+01]
 [ 8.64605303e+01  1.07988984e+01]
 [ 9.37852111e+01  1.29308109e+01]
 [ 9.49211267e+01  1.32161327e+01]
 [ 9.89832060e+01  1.10393950e+01]
 [ 1.00307715e+02  1.13547761e+01]
 [ 1.02558220e+02  9.49846939e+00]
 [ 1.07660603e+02  6.36912759e+00]
 [ 1.10580755e+02  8.38341489e+00]
 [ 1.06674504e+02  2.78666343e+00]
 [ 1.10842073e+02 -9.40662402e-01]
 [ 1.09796164e+02 -3.09892817e+00]
 [ 1.12074968e+02 -6.50923660e+00]
 [ 1.13241539e+02 -8.27106501e+00]
 [ 1.09374012e+02 -9.36975096e+00]
 [ 1.09014491e+02 -1.36144687e+01]
 [ 1.05690751e+02 -1.37791444e+01]
 [ 1.05140444e+02 -1.87727025e+01]
 [ 9.89842027e+01 -1.94512595e+01]
 [ 9.68323087e+01 -2.36562088e+01]
 [ 9.51833317e+01 -2.12274537e+01]
 [ 9.45261305e+01 -2.12717893e+01]
 [ 9.08496274e+01 -2.30571346e+01]
 [ 8.66071496e+01 -2.10778002e+01]
 [ 8.49884572e+01 -2.16573968e+01]
 [ 8.20991237e+01 -2.36593897e+01]
 [ 7.88572274e+01 -2.38238925e+01]
 [ 7.41808818e+01 -2.61503468e+01]
 [ 7.30022913e+01 -3.08128880e+01]
 [ 7.21183625e+01 -2.95711471e+01]
 [ 6.64563075e+01 -3.01617048e+01]
 [ 6.49425427e+01 -2.73796721e+01]
 [ 6.15245319e+01 -2.84557686e+01]
 [ 6.10003042e+01 -2.73785101e+01]
 [ 5.79241533e+01 -2.74297745e+01]
 [ 5.51541125e+01 -2.49045808e+01]
 [ 5.36512304e+01 -2.40499560e+01]
 [ 4.93380040e+01 -1.80623451e+01]
 [ 4.91534001e+01 -1.76973209e+01]
 [ 4.90089025e+01 -1.52449072e+01]
 [ 5.08572592e+01 -1.30845887e+01]
 [ 4.91230529e+01 -7.73063693e+00]
 [ 5.01897256e+01 -6.62516874e+00]
 [ 5.05186334e+01 -2.17119426e+00]
 [ 5.21826410e+01  4.75850167e-01]
 [ 5.37233497e+01  6.22364246e-01]
 [ 5.86496239e+01  1.09802835e+00]
 [ 6.23841739e+01  3.99645540e+00]
 [ 6.28025730e+01  2.28851520e+00]
 [ 6.50082288e+01  4.66398470e+00]]","[  0.     3.     6.     9.    12.    15.    18.    21.    24.    27.
  30.    33.    36.    39.    42.    45.    48.    51.    54.    57.
  60.    62.75  65.75  68.75  71.75  74.5   77.5   80.    82.5   84.75
  86.5   87.75  89.25  91.    92.25  94.    95.25  96.25  96.5   96.25
  95.5   94.25  93.5   93.25  93.5   94.25  95.75  97.5   99.5  102.
 104.5  107.5  110.25 112.75 115.75 118.5  121.5  124.5  127.25 130.
 132.25 134.   135.5  136.5  137.   137.   136.5  135.25 133.75 131.75
 129.5  127.   124.   121.   118.   115.25 112.25 109.25 106.25 103.25
 100.25  97.5   94.75  92.    89.    86.    83.    80.25  77.5   74.5
  71.75  68.75  65.75  63.    60.5   58.25  56.25  55.    54.    53.75
  53.75  54.5   55.5   57.25  59.25  61.75  64.25  67.25  70.25  73.
  76.    78.75  81.5   84.    86.    87.5   89.    90.75  92.5   94.75
  97.    99.   100.25 101.25 101.75 101.75 101.   101.   101.5  102.5
 103.75 105.75 108.   110.5  113.25 116.25 119.25 122.25 125.   127.75
 130.   132.   133.5  134.75 135.5  136.75 137.75 139.   140.25 141.75
 143.25 144.75 146.25 148.   150.   152.   154.25 156.5  159.   161.5
 164.5  167.   170.   173.   176.   179.   181.75 184.5  187.5  190.5
 193.5  196.   198.5  200.5  202.25 203.25 204.   204.   203.75 202.75
 201.5  199.75 197.5  195.   192.25 189.25 186.5  184.   181.75 180.
 177.75 175.25 172.5  169.5  166.5  163.5  160.75 158.   155.5  153.
 150.   147.   144.   141.25 138.5  135.75 133.75 131.75 129.75 127.
 124.5  121.5  118.5  115.5  112.5  109.75 106.75 103.75 100.75  98.
  95.5   93.5   91.75  89.5   87.    84.25  81.5   78.5   75.5   72.5
  70.    67.5   65.25  63.75  62.5   61.75  61.5   61.75  62.5   63.75
  65.    66.5   68.    69.75  71.5   73.25  75.25  77.5   80.25  83.
  86.    89.    92.    95.    98.   100.75 103.25 105.75 107.75 109.25
 110.25 111.   111.   110.5  109.5  108.   106.25 104.   101.25  98.5
  95.5   92.5   89.75  86.75  83.75  81.    78.25  76.    73.5   70.75
  67.75  64.75  61.75  59.    56.25  54.    52.    50.5   49.5   49.
  48.75  49.25  50.25  51.75  53.75  56.    58.5   61.5   64.25  67.25
  70.25]",44.92777005859293,0.05046095356883823,straight,Nonlinear Stabilization
31.826110107960346,34.0,7,3.976628674085246,0.14865073944730536,21.262458471760798,299,"[[ 0.00000000e+00  0.00000000e+00]
 [ 2.99990623e+00  2.37198717e-02]
 [ 5.99982779e+00  2.02627509e-03]
 [ 8.99911975e+00 -6.31486350e-02]
 [ 1.19947227e+01 -2.25515136e-01]
 [ 1.49840092e+01  2.77956115e-02]
 [ 1.79839898e+01  1.70003308e-02]
 [ 2.09837575e+01  5.43345878e-02]
 [ 2.39811205e+01  1.80090365e-01]
 [ 2.69809140e+01  2.15291058e-01]
 [ 2.99623131e+01 -1.18265168e-01]
 [ 3.29502589e+01 -3.86927970e-01]
 [ 3.59502056e+01 -4.04806867e-01]
 [ 3.89500116e+01 -3.70690544e-01]
 [ 4.19424610e+01 -1.57978317e-01]
 [ 4.49423853e+01 -1.79300183e-01]
 [ 4.79417815e+01 -1.19114183e-01]
 [ 5.09405133e+01 -2.06334418e-01]
 [ 5.39402351e+01 -2.47192494e-01]
 [ 5.69397494e+01 -1.93215438e-01]
 [ 5.99285608e+01 -4.52072045e-01]
 [ 6.29206275e+01 -6.70101033e-01]
 [ 6.59199173e+01 -7.35374462e-01]
 [ 6.89162680e+01 -5.87446865e-01]
 [ 7.18410987e+01  7.99104027e-02]
 [ 7.46050647e+01  1.24631163e+00]
 [ 7.75298953e+01  1.91366890e+00]
 [ 8.02938614e+01  3.08007013e+00]
 [ 8.28125321e+01  4.70988535e+00]
 [ 8.50089699e+01  6.75332872e+00]
 [ 8.68160804e+01  9.14797935e+00]
 [ 8.81786620e+01  1.18206880e+01]
 [ 8.96770996e+01  1.44196656e+01]
 [ 9.14099959e+01  1.68685573e+01]
 [ 9.35427969e+01  1.89783345e+01]
 [ 9.56753736e+01  2.10883384e+01]
 [ 9.74080097e+01  2.35374143e+01]
 [ 9.86877783e+01  2.62507502e+01]
 [ 9.94755866e+01  2.91454623e+01]
 [ 9.97473694e+01  3.21331260e+01]
 [ 9.94948246e+01  3.51224773e+01]
 [ 9.87256666e+01  3.80222007e+01]
 [ 9.74633909e+01  4.07437187e+01]
 [ 9.66942329e+01  4.36434421e+01]
 [ 9.64416881e+01  4.66327934e+01]
 [ 9.67134709e+01  4.96204571e+01]
 [ 9.75012791e+01  5.25151691e+01]
 [ 9.87810478e+01  5.52285051e+01]
 [ 1.00513684e+02  5.76775810e+01]
 [ 1.02646261e+02  5.97875849e+01]
 [ 1.05113634e+02  6.14940628e+01]
 [ 1.07840434e+02  6.27448870e+01]
 [ 1.10307808e+02  6.44513649e+01]
 [ 1.12440385e+02  6.65613688e+01]
 [ 1.14907759e+02  6.82678467e+01]
 [ 1.17634559e+02  6.95186710e+01]
 [ 1.20537490e+02  7.02756327e+01]
 [ 1.23527876e+02  7.05156091e+01]
 [ 1.26514371e+02  7.02312695e+01]
 [ 1.29405746e+02  6.94312998e+01]
 [ 1.32113678e+02  6.81401365e+01]
 [ 1.34555449e+02  6.63972207e+01]
 [ 1.36656470e+02  6.42557931e+01]
 [ 1.38352560e+02  6.17812677e+01]
 [ 1.39591911e+02  5.90492337e+01]
 [ 1.40336663e+02  5.61431462e+01]
 [ 1.40564067e+02  5.31517774e+01]
 [ 1.40267176e+02  5.01665043e+01]
 [ 1.39455059e+02  4.72785178e+01]
 [ 1.38152523e+02  4.45760370e+01]
 [ 1.36399359e+02  4.21416144e+01]
 [ 1.34249118e+02  4.00496142e+01]
 [ 1.31767485e+02  3.83639404e+01]
 [ 1.29030265e+02  3.71360853e+01]
 [ 1.26121073e+02  3.64035560e+01]
 [ 1.23128774e+02  3.61887290e+01]
 [ 1.20144775e+02  3.64981667e+01]
 [ 1.17233150e+02  3.72209646e+01]
 [ 1.14294969e+02  3.78268440e+01]
 [ 1.11318501e+02  3.82018679e+01]
 [ 1.08318766e+02  3.81619855e+01]
 [ 1.05319642e+02  3.80894912e+01]
 [ 1.02350733e+02  3.76587037e+01]
 [ 9.93761588e+01  3.72689514e+01]
 [ 9.65022831e+01  3.64082315e+01]
 [ 9.36224110e+01  3.55677932e+01]
 [ 9.08511823e+01  3.44187538e+01]
 [ 8.79222228e+01  3.37697576e+01]
 [ 8.49250031e+01  3.36406296e+01]
 [ 8.19510790e+01  3.40353141e+01]
 [ 7.89538593e+01  3.39061861e+01]
 [ 7.60248998e+01  3.32571899e+01]
 [ 7.32536711e+01  3.21081505e+01]
 [ 7.07248258e+01  3.04941674e+01]
 [ 6.85156123e+01  2.84645429e+01]
 [ 6.66935153e+01  2.60812757e+01]
 [ 6.53141942e+01  2.34171673e+01]
 [ 6.44197831e+01  2.05535981e+01]
 [ 6.40376034e+01  1.75780412e+01]
 [ 6.41793296e+01  1.45813908e+01]
 [ 6.48406324e+01  1.16551853e+01]
 [ 6.60013110e+01  8.88881129e+00]
 [ 6.76259102e+01  6.36677296e+00]
 [ 6.96648036e+01  4.16611083e+00]
 [ 7.20557092e+01  2.35404836e+00]
 [ 7.47255922e+01  9.85938473e-01]
 [ 7.75928959e+01  1.03572722e-01]
 [ 8.05700331e+01 -2.66095339e-01]
 [ 8.35660612e+01 -1.11773486e-01]
 [ 8.65431984e+01 -4.81441547e-01]
 [ 8.95392265e+01 -3.27119694e-01]
 [ 9.25163637e+01 -6.96787755e-01]
 [ 9.55123918e+01 -5.42465902e-01]
 [ 9.84357916e+01  1.31131805e-01]
 [ 1.01197262e+02  1.30342903e+00]
 [ 1.03712449e+02  2.93861570e+00]
 [ 1.06473919e+02  4.11091293e+00]
 [ 1.09397319e+02  4.78451064e+00]
 [ 1.12320719e+02  5.45810834e+00]
 [ 1.15244119e+02  6.13170605e+00]
 [ 1.18167518e+02  6.80530376e+00]
 [ 1.20928989e+02  7.97760099e+00]
 [ 1.23444176e+02  9.61278766e+00]
 [ 1.25636247e+02  1.16609139e+01]
 [ 1.27438243e+02  1.40594156e+01]
 [ 1.28795118e+02  1.67350261e+01]
 [ 1.29665423e+02  1.96060137e+01]
 [ 1.30022573e+02  2.25846785e+01]
 [ 1.29855658e+02  2.55800315e+01]
 [ 1.30212808e+02  2.85586963e+01]
 [ 1.30045893e+02  3.15540492e+01]
 [ 1.29360012e+02  3.44745916e+01]
 [ 1.28176117e+02  3.72311097e+01]
 [ 1.26530372e+02  3.97394005e+01]
 [ 1.24473049e+02  4.19228434e+01]
 [ 1.22066993e+02  4.37147409e+01]
 [ 1.19385703e+02  4.50603560e+01]
 [ 1.16511082e+02  4.59185845e+01]
 [ 1.13530942e+02  4.62632099e+01]
 [ 1.10536317e+02  4.60837052e+01]
 [ 1.07556178e+02  4.64283307e+01]
 [ 1.04681557e+02  4.72865591e+01]
 [ 1.02000266e+02  4.86321743e+01]
 [ 9.95942107e+01  5.04240718e+01]
 [ 9.75368879e+01  5.26075146e+01]
 [ 9.58911427e+01  5.51158054e+01]
 [ 9.47072475e+01  5.78723236e+01]
 [ 9.30615023e+01  6.03806144e+01]
 [ 9.10041795e+01  6.25640572e+01]
 [ 8.85981239e+01  6.43559547e+01]
 [ 8.59168332e+01  6.57015699e+01]
 [ 8.30422125e+01  6.65597983e+01]
 [ 8.00620727e+01  6.69044238e+01]
 [ 7.70674479e+01  6.67249190e+01]
 [ 7.41498145e+01  6.60267674e+01]
 [ 7.13982974e+01  6.48312952e+01]
 [ 6.88969470e+01  6.31750206e+01]
 [ 6.67221717e+01  6.11085375e+01]
 [ 6.49404043e+01  5.86949706e+01]
 [ 6.36060722e+01  5.60080471e+01]
 [ 6.27599353e+01  5.31298441e+01]
 [ 6.24278404e+01  5.01482820e+01]
 [ 6.26199319e+01  4.71544381e+01]
 [ 6.33303421e+01  4.42397654e+01]
 [ 6.45373702e+01  4.14932980e+01]
 [ 6.60798182e+01  3.89201959e+01]
 [ 6.77459017e+01  3.64253681e+01]
 [ 6.94211676e+01  3.39366970e+01]
 [ 7.12082812e+01  3.15270860e+01]
 [ 7.31233312e+01  2.92178473e+01]
 [ 7.51460889e+01  2.70023448e+01]
 [ 7.71879131e+01  2.48044016e+01]
 [ 7.95812313e+01  2.29955269e+01]
 [ 8.22529351e+01  2.16309761e+01]
 [ 8.51214121e+01  2.07524320e+01]
 [ 8.80990392e+01  2.03867316e+01]
 [ 9.10948590e+01  2.05450458e+01]
 [ 9.40173586e+01  2.12225386e+01]
 [ 9.67772644e+01  2.23985147e+01]
 [ 9.96997639e+01  2.30760075e+01]
 [ 1.02695584e+02  2.32343217e+01]
 [ 1.05673211e+02  2.28686212e+01]
 [ 1.08650838e+02  2.25029208e+01]
 [ 1.11628465e+02  2.21372204e+01]
 [ 1.14496942e+02  2.12586764e+01]
 [ 1.17474569e+02  2.08929759e+01]
 [ 1.20470389e+02  2.10512901e+01]
 [ 1.23466209e+02  2.12096043e+01]
 [ 1.26462029e+02  2.13679185e+01]
 [ 1.29384528e+02  2.20454113e+01]
 [ 1.32144434e+02  2.32213874e+01]
 [ 1.34657440e+02  2.48599243e+01]
 [ 1.36846780e+02  2.69109698e+01]
 [ 1.38645578e+02  2.93118708e+01]
 [ 1.39998886e+02  3.19892871e+01]
 [ 1.40865364e+02  3.48614319e+01]
 [ 1.41218545e+02  3.78405699e+01]
 [ 1.41047638e+02  4.08356978e+01]
 [ 1.40357866e+02  4.37553236e+01]
 [ 1.39170299e+02  4.65102616e+01]
 [ 1.37521213e+02  4.90163571e+01]
 [ 1.35460982e+02  5.11970565e+01]
 [ 1.33052541e+02  5.29857461e+01]
 [ 1.30369459e+02  5.43277870e+01]
 [ 1.27493698e+02  5.51821840e+01]
 [ 1.24568360e+02  5.58473163e+01]
 [ 1.21598585e+02  5.62720948e+01]
 [ 1.18601180e+02  5.63968424e+01]
 [ 1.15610773e+02  5.61571268e+01]
 [ 1.12646753e+02  5.56938886e+01]
 [ 1.09700201e+02  5.51301243e+01]
 [ 1.06700497e+02  5.50879894e+01]
 [ 1.03739273e+02  5.55687710e+01]
 [ 1.00906985e+02  5.65577825e+01]
 [ 9.82901503e+01  5.80248129e+01]
 [ 9.59687060e+01  5.99250488e+01]
 [ 9.40135647e+01  6.22004438e+01]
 [ 9.16921204e+01  6.41006797e+01]
 [ 8.90752861e+01  6.55677101e+01]
 [ 8.62429980e+01  6.65567217e+01]
 [ 8.32817737e+01  6.70375032e+01]
 [ 8.02820696e+01  6.69953683e+01]
 [ 7.73355174e+01  6.64316041e+01]
 [ 7.45321252e+01  6.53634317e+01]
 [ 7.19575280e+01  6.38234807e+01]
 [ 6.96903718e+01  6.18587917e+01]
 [ 6.77999113e+01  5.95293800e+01]
 [ 6.63438941e+01  5.69064019e+01]
 [ 6.53667973e+01  5.40699813e+01]
 [ 6.48984680e+01  5.11067622e+01]
 [ 6.49532122e+01  4.81072617e+01]
 [ 6.55293578e+01  4.51631054e+01]
 [ 6.66093052e+01  4.23642282e+01]
 [ 6.80533807e+01  3.97346567e+01]
 [ 6.96520638e+01  3.71961114e+01]
 [ 7.13087048e+01  3.46950036e+01]
 [ 7.31266807e+01  3.23085913e+01]
 [ 7.48205506e+01  2.98325451e+01]
 [ 7.66319335e+01  2.74411246e+01]
 [ 7.86658160e+01  2.52358304e+01]
 [ 8.07973890e+01  2.31248126e+01]
 [ 8.32639509e+01  2.14171615e+01]
 [ 8.59901558e+01  2.01650406e+01]
 [ 8.88927266e+01  1.94066984e+01]
 [ 9.18829986e+01  1.91653000e+01]
 [ 9.48696283e+01  1.94482192e+01]
 [ 9.77613833e+01  2.02468137e+01]
 [ 1.00748013e+02  2.05297330e+01]
 [ 1.03738285e+02  2.02883345e+01]
 [ 1.06640856e+02  1.95299923e+01]
 [ 1.09367061e+02  1.82778714e+01]
 [ 1.11833623e+02  1.65702203e+01]
 [ 1.13965196e+02  1.44592025e+01]
 [ 1.15696667e+02  1.20093029e+01]
 [ 1.16975145e+02  9.29535865e+00]
 [ 1.17761576e+02  6.40027223e+00]
 [ 1.18031938e+02  3.41247966e+00]
 [ 1.17777972e+02  4.23248813e-01]
 [ 1.17462455e+02 -2.56011324e+00]
 [ 1.16632330e+02 -5.44297500e+00]
 [ 1.15312954e+02 -8.13727389e+00]
 [ 1.13544630e+02 -1.05607074e+01]
 [ 1.11381374e+02 -1.26392471e+01]
 [ 1.08889269e+02 -1.43093999e+01]
 [ 1.06144439e+02 -1.55201479e+01]
 [ 1.03230732e+02 -1.62345064e+01]
 [ 1.00237151e+02 -1.64306540e+01]
 [ 9.72551417e+01 -1.61025990e+01]
 [ 9.43757949e+01 -1.52603624e+01]
 [ 9.13937856e+01 -1.49323074e+01]
 [ 8.84002047e+01 -1.51284550e+01]
 [ 8.54864972e+01 -1.58428135e+01]
 [ 8.27416676e+01 -1.70535615e+01]
 [ 8.02495622e+01 -1.87237144e+01]
 [ 7.80863070e+01 -2.08022540e+01]
 [ 7.63179830e+01 -2.32256875e+01]
 [ 7.49986068e+01 -2.59199864e+01]
 [ 7.41684814e+01 -2.88028482e+01]
 [ 7.38529647e+01 -3.17862102e+01]
 [ 7.40616945e+01 -3.47789401e+01]
 [ 7.47882950e+01 -3.76896190e+01]
 [ 7.60105706e+01 -4.04293347e+01]
 [ 7.76911847e+01 -4.29143974e+01]
 [ 7.97787996e+01 -4.50688959e+01]
 [ 8.22096451e+01 -4.68270171e+01]
 [ 8.49094664e+01 -4.81350557e+01]
 [ 8.77957922e+01 -4.89530551e+01]
 [ 9.07804543e+01 -4.92560281e+01]
 [ 9.37722802e+01 -4.90347196e+01]
 [ 9.66798790e+01 -4.82958901e+01]
 [ 9.94144325e+01 -4.70621084e+01]
 [ 1.01892408e+02 -4.53710629e+01]
 [ 1.04038112e+02 -4.32744096e+01]
 [ 1.05786000e+02 -4.08361950e+01]
 [ 1.07371108e+02 -3.82891512e+01]
 [ 1.08488545e+02 -3.55050293e+01]
 [ 1.09104176e+02 -3.25688757e+01]
 [ 1.09199196e+02 -2.95703809e+01]
 [ 1.08770703e+02 -2.66011396e+01]
 [ 1.07831786e+02 -2.37518531e+01]
 [ 1.06411124e+02 -2.11095583e+01]]","[[ 0.00000000e+00  0.00000000e+00]
 [ 1.88595332e-01 -1.98157295e-01]
 [ 3.96054020e+00  1.81070047e-01]
 [ 5.19632373e+00  5.44418857e-01]
 [ 1.09551198e+01  1.35747281e+00]
 [ 1.09391199e+01 -2.12364734e+00]
 [ 1.40490975e+01  8.97845805e-02]
 [ 1.44964436e+01 -3.11187165e-01]
 [ 1.91148910e+01 -1.04406644e+00]
 [ 2.31647321e+01 -2.94359869e-01]
 [ 2.75983598e+01  1.77906111e+00]
 [ 2.97695111e+01  1.93143004e+00]
 [ 3.19524669e+01  1.40337135e-01]
 [ 3.73054109e+01 -2.63788421e-01]
 [ 3.78347627e+01 -1.75327861e+00]
 [ 4.12558723e+01  1.72314368e-01]
 [ 4.34279580e+01 -4.93063546e-01]
 [ 4.77029440e+01  6.92154194e-01]
 [ 5.12625020e+01  3.26724646e-01]
 [ 5.29594922e+01 -4.41612945e-01]
 [ 5.81157127e+01  2.04693128e+00]
 [ 5.80399625e+01  1.81881362e+00]
 [ 6.49394407e+01  5.01866068e-01]
 [ 6.63166008e+01 -1.20625868e+00]
 [ 7.11032991e+01  2.35294061e+00]
 [ 7.45435510e+01  2.05256605e+00]
 [ 7.51411353e+01 -5.66166317e-01]
 [ 7.75232141e+01  2.89838130e+00]
 [ 7.83613192e+01  3.67275322e+00]
 [ 8.34573276e+01  5.75394943e+00]
 [ 8.32327930e+01  5.76077487e+00]
 [ 8.61614276e+01  7.39327649e+00]
 [ 9.07877138e+01  1.10768219e+01]
 [ 9.01705540e+01  1.40318068e+01]
 [ 9.37852052e+01  1.88490988e+01]
 [ 9.44928258e+01  1.56730697e+01]
 [ 9.57534171e+01  2.21138677e+01]
 [ 9.89139520e+01  2.26105537e+01]
 [ 1.01420795e+02  2.42701038e+01]
 [ 9.84832946e+01  3.05480373e+01]
 [ 9.98209513e+01  3.51367149e+01]
 [ 9.97776033e+01  3.41726861e+01]
 [ 9.81593213e+01  3.63854815e+01]
 [ 9.55468706e+01  4.16893359e+01]
 [ 9.75659816e+01  4.55852803e+01]
 [ 9.53097794e+01  4.91664546e+01]
 [ 9.62823893e+01  5.19820695e+01]
 [ 9.68521004e+01  5.14119442e+01]
 [ 9.91557258e+01  5.67756848e+01]
 [ 1.00755198e+02  5.67992877e+01]
 [ 1.00634431e+02  5.76853046e+01]
 [ 1.05867659e+02  6.29786323e+01]
 [ 1.07593992e+02  6.11333397e+01]
 [ 1.11617371e+02  6.25307740e+01]
 [ 1.11370783e+02  6.74928956e+01]
 [ 1.11532547e+02  6.88474011e+01]
 [ 1.16762097e+02  6.96825905e+01]
 [ 1.20423937e+02  7.05788043e+01]
 [ 1.24569134e+02  6.93780544e+01]
 [ 1.28645844e+02  7.13204102e+01]
 [ 1.30671345e+02  7.11785958e+01]
 [ 1.33295060e+02  6.94062546e+01]
 [ 1.34668839e+02  6.42570600e+01]
 [ 1.36453902e+02  6.31015212e+01]
 [ 1.36218448e+02  6.21689469e+01]
 [ 1.38739087e+02  5.75045270e+01]
 [ 1.38772162e+02  5.65457718e+01]
 [ 1.41102075e+02  5.51354636e+01]
 [ 1.40246304e+02  5.17292639e+01]
 [ 1.41558456e+02  4.90037662e+01]
 [ 1.34604568e+02  4.64190626e+01]
 [ 1.36908789e+02  4.27772715e+01]
 [ 1.34805959e+02  4.06237499e+01]
 [ 1.32246606e+02  3.78255705e+01]
 [ 1.26177812e+02  3.69727132e+01]
 [ 1.24915475e+02  3.80238011e+01]
 [ 1.22695624e+02  3.63139420e+01]
 [ 1.18870367e+02  3.57322330e+01]
 [ 1.17215850e+02  3.49929018e+01]
 [ 1.14745996e+02  3.76677356e+01]
 [ 1.09539922e+02  3.46045186e+01]
 [ 1.09088345e+02  3.77156094e+01]
 [ 1.04524630e+02  3.77352592e+01]
 [ 1.05075447e+02  3.75840022e+01]
 [ 9.95060877e+01  3.50383421e+01]
 [ 9.89732917e+01  3.77844635e+01]
 [ 9.52228133e+01  3.56393023e+01]
 [ 9.22261645e+01  3.49751740e+01]
 [ 8.88420064e+01  3.35414682e+01]
 [ 8.27141711e+01  3.51839111e+01]
 [ 7.90486396e+01  3.36754091e+01]
 [ 7.86470756e+01  3.23418959e+01]
 [ 7.69445845e+01  3.29566954e+01]
 [ 7.25983686e+01  3.28879131e+01]
 [ 7.00099572e+01  3.25776374e+01]
 [ 6.90427949e+01  2.77530434e+01]
 [ 6.37771178e+01  2.41196459e+01]
 [ 6.69444404e+01  2.33412612e+01]
 [ 6.39950955e+01  2.30184755e+01]
 [ 6.21136295e+01  1.66995545e+01]
 [ 6.34704481e+01  1.54608967e+01]
 [ 6.38453296e+01  1.07350585e+01]
 [ 6.35935869e+01  9.98283539e+00]
 [ 6.88351192e+01  5.65220784e+00]
 [ 6.99098135e+01  2.22714165e+00]
 [ 7.13479894e+01  4.42097479e+00]
 [ 7.49291883e+01  4.45148370e+00]
 [ 7.64121068e+01  9.73999347e-01]
 [ 8.02767743e+01  5.82631432e-01]
 [ 8.35552442e+01 -9.53570652e-01]
 [ 8.52417732e+01  4.11761356e+00]
 [ 8.94232089e+01 -3.35211073e+00]
 [ 9.15434628e+01  3.20271836e-01]
 [ 9.47623792e+01  1.49820340e+00]
 [ 9.99393890e+01 -9.73761484e-02]
 [ 1.00488938e+02 -2.03772479e-01]
 [ 1.02662499e+02  7.28901092e-01]
 [ 1.08280514e+02  6.49696411e+00]
 [ 1.07513112e+02  3.01198617e+00]
 [ 1.09667951e+02  4.01232700e+00]
 [ 1.10584613e+02  4.41828762e+00]
 [ 1.20112891e+02  6.28679497e+00]
 [ 1.22210865e+02  7.24414739e+00]
 [ 1.26085177e+02  9.91161463e+00]
 [ 1.25063244e+02  1.54895499e+01]
 [ 1.26951536e+02  1.22275806e+01]
 [ 1.29097983e+02  1.66767736e+01]
 [ 1.31264910e+02  1.82235628e+01]
 [ 1.31229648e+02  2.38638012e+01]
 [ 1.28854127e+02  2.58248975e+01]
 [ 1.28966680e+02  3.20774084e+01]
 [ 1.28989684e+02  3.08744376e+01]
 [ 1.27761255e+02  3.39554097e+01]
 [ 1.28167303e+02  3.83827934e+01]
 [ 1.25614642e+02  3.94607396e+01]
 [ 1.22348315e+02  4.06817400e+01]
 [ 1.26200705e+02  4.52766057e+01]
 [ 1.18213567e+02  4.30542602e+01]
 [ 1.15047708e+02  4.58860482e+01]
 [ 1.13583034e+02  4.51466690e+01]
 [ 1.08606456e+02  4.82172730e+01]
 [ 1.08233706e+02  4.58664786e+01]
 [ 1.04350565e+02  4.64922634e+01]
 [ 9.75961981e+01  4.88056670e+01]
 [ 9.79883941e+01  4.89200453e+01]
 [ 9.65764943e+01  5.37059672e+01]
 [ 9.41353464e+01  5.29643832e+01]
 [ 9.56670256e+01  5.90038769e+01]
 [ 9.16231017e+01  6.12242109e+01]
 [ 9.05667308e+01  6.30159955e+01]
 [ 8.67066835e+01  6.56052964e+01]
 [ 8.77217216e+01  6.66571797e+01]
 [ 8.38797225e+01  6.09013856e+01]
 [ 8.04530174e+01  6.68662558e+01]
 [ 7.68468796e+01  6.57790521e+01]
 [ 7.42328620e+01  6.66449435e+01]
 [ 7.10026152e+01  6.41363090e+01]
 [ 7.07415777e+01  6.15169699e+01]
 [ 6.82674045e+01  6.13737562e+01]
 [ 6.37339458e+01  5.82599978e+01]
 [ 6.22260818e+01  5.70206439e+01]
 [ 6.32817879e+01  5.22946499e+01]
 [ 6.07745129e+01  5.06008561e+01]
 [ 6.40560103e+01  4.69836836e+01]
 [ 6.39578709e+01  4.36757247e+01]
 [ 6.46387240e+01  4.10563736e+01]
 [ 6.65208815e+01  3.66555372e+01]
 [ 6.87121875e+01  3.60804694e+01]
 [ 6.99590797e+01  3.34262318e+01]
 [ 7.16888230e+01  2.99182418e+01]
 [ 7.49070629e+01  2.66625304e+01]
 [ 7.35872307e+01  2.73558439e+01]
 [ 7.93821765e+01  2.52215911e+01]
 [ 7.92093686e+01  2.08578916e+01]
 [ 8.19660201e+01  2.16011605e+01]
 [ 8.76572650e+01  2.16856199e+01]
 [ 8.58053999e+01  2.34269002e+01]
 [ 9.05023442e+01  1.92258562e+01]
 [ 9.62295926e+01  2.11479049e+01]
 [ 9.62261605e+01  2.27266937e+01]
 [ 1.00967097e+02  2.45660118e+01]
 [ 1.00632780e+02  2.62320439e+01]
 [ 1.07093503e+02  2.22998197e+01]
 [ 1.07422848e+02  2.10494022e+01]
 [ 1.11813533e+02  2.11651959e+01]
 [ 1.13349631e+02  2.24755580e+01]
 [ 1.18021420e+02  2.03011190e+01]
 [ 1.21571760e+02  2.31023581e+01]
 [ 1.21824464e+02  2.03046665e+01]
 [ 1.27875962e+02  2.24463294e+01]
 [ 1.29724577e+02  2.37890431e+01]
 [ 1.30512117e+02  2.10026807e+01]
 [ 1.33357679e+02  2.50437405e+01]
 [ 1.35652650e+02  2.61801426e+01]
 [ 1.37183078e+02  2.83812271e+01]
 [ 1.38491705e+02  3.25404864e+01]
 [ 1.42057701e+02  3.41407630e+01]
 [ 1.40907646e+02  3.69690211e+01]
 [ 1.41844515e+02  4.09692819e+01]
 [ 1.42749102e+02  4.21121155e+01]
 [ 1.39714053e+02  4.71762487e+01]
 [ 1.36980552e+02  4.98916583e+01]
 [ 1.33303198e+02  5.43752610e+01]
 [ 1.31039474e+02  5.43654570e+01]
 [ 1.28687775e+02  5.60541115e+01]
 [ 1.26916537e+02  5.54198183e+01]
 [ 1.24648376e+02  5.74984174e+01]
 [ 1.21116264e+02  5.18213192e+01]
 [ 1.17461092e+02  5.66724109e+01]
 [ 1.14950070e+02  5.73118581e+01]
 [ 1.14169744e+02  5.54722309e+01]
 [ 1.07465733e+02  5.72063720e+01]
 [ 1.08325077e+02  5.46392027e+01]
 [ 1.06901705e+02  5.50454578e+01]
 [ 9.92013050e+01  5.63239724e+01]
 [ 9.99069008e+01  5.66186327e+01]
 [ 9.88955436e+01  5.85802595e+01]
 [ 9.54451981e+01  6.30171374e+01]
 [ 9.14610348e+01  6.57214792e+01]
 [ 8.68255879e+01  6.76040678e+01]
 [ 8.61474719e+01  6.57430688e+01]
 [ 8.44055348e+01  6.86273517e+01]
 [ 8.14367627e+01  6.99946240e+01]
 [ 7.89566065e+01  6.83568640e+01]
 [ 7.37223293e+01  6.55232174e+01]
 [ 7.28020019e+01  6.37968673e+01]
 [ 7.01428246e+01  6.24979489e+01]
 [ 6.90662771e+01  5.93769666e+01]
 [ 6.58191953e+01  5.56639284e+01]
 [ 6.40291988e+01  5.58286581e+01]
 [ 6.47716857e+01  5.22871787e+01]
 [ 6.30071665e+01  4.52000095e+01]
 [ 6.39557210e+01  4.68830458e+01]
 [ 6.82114214e+01  4.28622861e+01]
 [ 6.68501254e+01  3.95384528e+01]
 [ 6.92054231e+01  3.66786514e+01]
 [ 6.75496001e+01  3.34081140e+01]
 [ 7.28415174e+01  3.45832330e+01]
 [ 7.50616652e+01  3.19338775e+01]
 [ 7.60413731e+01  2.70620917e+01]
 [ 7.28166834e+01  2.59308260e+01]
 [ 8.16180325e+01  2.57704512e+01]
 [ 8.25338091e+01  2.15583927e+01]
 [ 8.49318639e+01  1.84006550e+01]
 [ 8.78230647e+01  1.88892007e+01]
 [ 9.39161557e+01  1.91686174e+01]
 [ 9.36838111e+01  1.96610359e+01]
 [ 9.80877403e+01  1.92324657e+01]
 [ 1.02462863e+02  1.76972096e+01]
 [ 1.03417968e+02  2.12859336e+01]
 [ 1.04633207e+02  2.00718729e+01]
 [ 1.11306400e+02  1.89583783e+01]
 [ 1.09298383e+02  1.54779278e+01]
 [ 1.15813651e+02  1.49067053e+01]
 [ 1.15681878e+02  1.26711038e+01]
 [ 1.18056718e+02  8.23266079e+00]
 [ 1.17325976e+02  6.61464270e+00]
 [ 1.17216002e+02  3.21230232e+00]
 [ 1.19724780e+02 -1.02848098e+00]
 [ 1.20352449e+02  2.58903323e-01]
 [ 1.14062171e+02 -5.65450899e+00]
 [ 1.15826991e+02 -9.27858052e+00]
 [ 1.12433009e+02 -1.09168309e+01]
 [ 1.12490142e+02 -1.34062478e+01]
 [ 1.11629310e+02 -1.38744389e+01]
 [ 1.05990577e+02 -1.33462584e+01]
 [ 1.04170154e+02 -1.56805763e+01]
 [ 9.97404405e+01 -1.37096756e+01]
 [ 9.84728740e+01 -1.64077160e+01]
 [ 9.20099962e+01 -1.47009351e+01]
 [ 8.96781754e+01 -1.75062263e+01]
 [ 8.79814775e+01 -1.47062483e+01]
 [ 8.74102190e+01 -1.54191358e+01]
 [ 8.39506969e+01 -1.88923856e+01]
 [ 8.02157639e+01 -1.85373974e+01]
 [ 7.93796763e+01 -2.06281630e+01]
 [ 7.75241014e+01 -2.39819864e+01]
 [ 7.55355391e+01 -2.52976868e+01]
 [ 7.22938178e+01 -2.85395402e+01]
 [ 7.33724209e+01 -3.46423422e+01]
 [ 7.54993045e+01 -3.53217281e+01]
 [ 7.35097099e+01 -3.82555941e+01]
 [ 7.62178711e+01 -3.81674705e+01]
 [ 7.74422849e+01 -4.22057861e+01]
 [ 8.18391686e+01 -4.42685701e+01]
 [ 8.38124913e+01 -4.75417819e+01]
 [ 8.60660404e+01 -4.82220197e+01]
 [ 8.94074091e+01 -5.04583945e+01]
 [ 8.96111176e+01 -4.73529307e+01]
 [ 9.34781543e+01 -4.95731606e+01]
 [ 9.67962377e+01 -4.93301363e+01]
 [ 1.01412345e+02 -4.89358524e+01]
 [ 1.01666511e+02 -4.48506337e+01]
 [ 1.03881442e+02 -4.44778409e+01]
 [ 1.04483416e+02 -4.01981034e+01]
 [ 1.05825387e+02 -3.73197871e+01]
 [ 1.06202322e+02 -3.63375039e+01]
 [ 1.09158635e+02 -3.44471036e+01]
 [ 1.10177213e+02 -2.95981891e+01]
 [ 1.07216593e+02 -2.88794720e+01]
 [ 1.05483402e+02 -2.36753022e+01]]","[  0.     3.     6.     9.    12.    15.    18.    21.    24.    27.
  30.    33.    36.    39.    42.    45.    48.    51.    54.    57.
  60.    63.    66.    69.    71.75  74.5   77.5   80.25  82.75  85.
  86.75  88.25  89.75  91.5   93.5   95.75  97.5   98.75  99.5   99.75
  99.5   98.75  97.5   96.75  96.5   96.75  97.5   98.75 100.5  102.75
 105.   107.75 110.25 112.5  115.   117.75 120.5  123.5  126.5  129.5
 132.   134.5  136.75 138.25 139.5  140.25 140.5  140.25 139.5  138.25
 136.5  134.25 131.75 129.   126.   123.25 120.25 117.25 114.25 111.25
 108.25 105.25 102.25  99.5   96.5   93.5   90.75  88.    85.    82.
  79.    76.    73.25  70.75  68.5   66.75  65.25  64.5   64.    64.25
  64.75  66.    67.75  69.75  72.    74.75  77.5   80.5   83.5   86.5
  89.5   92.5   95.5   98.5  101.25 103.75 106.5  109.5  112.25 115.25
 118.25 121.   123.5  125.75 127.5  128.75 129.75 130.   129.75 130.25
 130.   129.25 128.25 126.5  124.5  122.   119.5  116.5  113.5  110.5
 107.5  104.75 102.    99.5   97.5   96.    94.75  93.    91.    88.5
  86.    83.    80.    77.    74.25  71.5   69.    66.75  65.    63.5
  62.75  62.5   62.5   63.25  64.5   66.    67.75  69.5   71.25  73.
  75.25  77.25  79.5   82.25  85.    88.    91.    94.    96.75  99.75
 102.75 105.75 108.75 111.75 114.5  117.5  120.5  123.5  126.5  129.5
 132.25 134.75 136.75 138.75 140.   140.75 141.25 141.   140.25 139.25
 137.5  135.5  133.   130.25 127.5  124.5  121.5  118.5  115.5  112.75
 109.75 106.75 103.75 101.    98.25  96.    94.    91.75  89.    86.25
  83.25  80.25  77.25  74.5   72.    69.75  67.75  66.25  65.25  65.
  65.    65.5   66.5   68.    69.75  71.25  73.25  74.75  76.75  78.75
  80.75  83.25  86.    89.    92.    94.75  97.75 100.75 103.75 106.75
 109.25 111.75 114.   115.75 117.   117.75 118.   117.75 117.5  116.75
 115.25 113.5  111.5  109.   106.25 103.25 100.25  97.25  94.5   91.5
  88.5   85.5   82.75  80.25  78.    76.25  75.    74.25  73.75  74.
  74.75  76.    77.75  79.75  82.25  85.    87.75  90.75  93.75  96.75
  99.5  102.   104.   105.75 107.25 108.5  109.   109.25 108.75 107.75
 106.5 ]",44.44657109474431,0.0539834203988098,straight,Proposed AI
16.382977676563318,2.5,7,0.26642986312155514,0.16271931723660218,42.524916943521596,299,"[[250.          90.        ]
 [249.38420854  92.93612004]
 [248.74518417  95.86727132]
 [247.60558262  98.64239444]
 [246.00021522 101.17671792]
 [243.97812099 103.39282598]
 [241.60106869 105.22302334]
 [238.94166996 106.6114031 ]
 [236.56461766 108.44160046]
 [234.54252343 110.65770852]
 [232.93715602 113.19203199]
 [231.79755448 115.96715511]
 [231.15853011 118.8983064 ]
 [231.03960314 121.8959482 ]
 [231.44440644 124.86851179]
 [232.36057449 127.7251945 ]
 [233.7601212  130.37873346]
 [235.60029471 132.74807122]
 [237.82488338 134.76083182]
 [240.36593289 136.35553161]
 [243.14582199 137.48345741]
 [246.07963362 138.11015457]
 [249.07774886 138.21647941]
 [252.04858453 137.79918404]
 [254.90139074 136.87101556]
 [257.54902304 135.46032664]
 [259.9106044  133.6102095 ]
 [261.9139958  131.37717951]
 [263.49799978 128.82944888]
 [264.61422991 126.04484293]
 [265.22858878 123.1084228 ]
 [265.32230963 120.10988709]
 [264.89252956 117.14083183]
 [263.95237705 114.29195254]
 [262.53057085 111.65027369]
 [261.59041833 108.8013944 ]
 [261.16063827 105.83233914]
 [261.25435911 102.83380343]
 [260.82457905  99.86474818]
 [259.88442653  97.01586888]
 [258.46262033  94.37419004]
 [256.60259225  92.0204068 ]
 [254.36116041  90.02642   ]
 [251.80679368  88.45313981]
 [249.01752007  87.34862509]
 [246.46315334  85.77534489]
 [244.2217215   83.7813581 ]
 [241.66735476  82.20807791]
 [238.87808116  81.10356318]
 [235.93910442  80.50155345]
 [232.94020123  80.42043826]
 [229.97297886  80.86269543]
 [227.12807682  81.81481536]
 [224.49239811  83.24771372]
 [222.14645459  85.11761988]
 [220.16190763  87.36741395]
 [218.59937903  89.92837166]
 [217.50659923  92.72226362]
 [216.91694928  95.66374504]
 [216.84844118  98.66296271]
 [216.25879123 101.60444413]
 [216.19028313 104.6036618 ]
 [216.64500958 107.56899885]
 [217.60908011 110.40987337]
 [219.05304531 113.03950538]
 [220.93279649 115.37756772]
 [223.19091305 117.35263977]
 [225.75841647 118.90438917]
 [228.55687742 119.98541474]
 [231.50081154 120.56269449]
 [234.5002907  120.61859429]
 [237.46369003 120.15140658]
 [240.46364497 120.16785071]
 [243.41491715 120.70636024]
 [246.36682719 121.24136217]
 [249.18050317 122.28214434]
 [252.13241321 122.81714628]
 [255.13238557 122.83002532]
 [258.08878031 122.32038806]
 [260.91128868 121.30380234]
 [263.51369172 119.81132173]
 [265.81649405 117.88853691]
 [267.74935213 115.59418305]
 [269.2532231  112.9983456 ]
 [271.18608118 110.70399174]
 [272.68995215 108.10815428]
 [273.71889739 105.29012807]
 [274.24148577 102.33599514]
 [274.24175383  99.33599515]
 [273.71969339  96.38176887]
 [272.69125179  93.56355883]
 [271.18784474  90.96745265]
 [269.25539672  88.67275341]
 [266.95293805  86.74955709]
 [264.35080176  85.25661143]
 [261.52847512  84.23952131]
 [258.5721715   83.72935572]
 [255.57219689  83.74169864]
 [252.62019128  84.27617303]
 [249.80632935  85.31645235]
 [247.21656593  86.83075926]
 [244.93001032  88.77283635]
 [243.01650975  91.08335914]
 [241.53451577  93.69174828]
 [240.52929875  96.51832549]
 [239.04730478  99.12671462]
 [237.1338042  101.43723741]
 [234.84724859 103.3793145 ]
 [232.25748517 104.89362141]
 [229.97092956 106.8356985 ]
 [228.05742898 109.14622129]
 [226.57543501 111.75461042]
 [225.57021799 114.58118763]
 [225.0724842  117.53960969]
 [225.09743789 120.53950591]
 [225.64431679 123.48923869]
 [226.69641544 126.29870277]
 [228.22159545 128.88207768]
 [230.17326729 131.16044926]
 [232.49181337 133.06422027]
 [235.10640926 134.53523637]
 [237.93718709 135.52856253]
 [240.89767531 136.01385572]
 [243.89744013 135.97629171]
 [246.84484795 135.41701796]
 [249.64986454 134.35311858]
 [252.22680529 132.8170924 ]
 [254.49695257 130.85586031]
 [256.39096038 128.5293319 ]
 [257.8509726  125.90857547]
 [258.83239037 123.07364704]
 [259.30523438 120.11114497]
 [259.2550607  117.11156456]
 [258.68340199 114.16653378]
 [257.60772067 111.36601424]
 [256.06087548 108.7955532 ]
 [254.09011779 106.53367033]
 [251.75564817 104.64945919]
 [249.12877749 103.20047664]
 [246.28974857 102.23098462]
 [243.35348302 101.61588738]
 [240.40060679 101.08624413]
 [237.40622604 100.90271231]
 [234.42562547 101.24332971]
 [231.45679002 101.67462558]
 [228.53379356 102.34997118]
 [225.67718484 103.2663699 ]
 [222.70465395 103.67141322]
 [219.70700255 103.55272831]
 [216.77579968 102.91394063]
 [214.00058455 101.77456317]
 [211.46613145 100.16940041]
 [208.69091632  99.03002295]
 [205.75971345  98.39123527]
 [202.76206205  98.27255035]
 [199.78953116  98.67759367]
 [196.93292244  99.5939924 ]
 [194.27949649 100.99375336]
 [191.91030733 102.83411819]
 [189.89772637 105.05886938]
 [188.30323177 107.60004765]
 [187.17553044 110.38002781]
 [186.54907018 113.31389004]
 [186.44298743 116.31201386]
 [186.86052268 119.28281582]
 [187.45576147 122.22317138]
 [188.01212571 125.17112979]
 [188.23326536 128.16296824]
 [188.19287178 131.16269628]
 [188.08107536 134.16061249]
 [187.86815989 137.15304745]
 [187.13933001 140.06316892]
 [186.22637842 142.92088119]
 [185.21227952 145.744284  ]
 [183.81846252 148.40083706]
 [182.21144223 150.93411276]
 [180.27035271 153.2215068 ]
 [178.45672628 155.61122627]
 [176.42199607 157.81573823]
 [174.10985779 159.72728645]
 [171.64012542 161.43034899]
 [168.94844011 162.75504903]
 [166.36442321 164.2791411 ]
 [163.67462464 165.60766797]
 [160.90849461 166.76892792]
 [157.99075472 167.4666341 ]
 [155.07844775 168.18668143]
 [152.0961756  168.51233889]
 [149.11373246 168.83642678]
 [146.11559324 168.94207329]
 [143.12109921 168.76039904]
 [140.12227394 168.67645266]
 [137.153644   168.24374464]
 [134.19757493 167.73222175]
 [131.37571556 166.71383591]
 [128.77426502 165.21969567]
 [126.4726896  163.29544241]
 [124.54129536 160.99985615]
 [123.03908044 158.40305999]
 [121.10768619 156.10747373]
 [118.80611078 154.18322047]
 [116.20466023 152.68908023]
 [113.38280087 151.67069439]
 [110.4267318  151.1591715 ]
 [107.42675184 151.17013702]
 [104.47450114 151.70325599]
 [101.66016188 152.74224325]
 [ 99.06970346 154.25536094]
 [ 96.78225641 156.19638799]
 [ 94.86769519 158.50603198]
 [ 93.38450377 161.1137404 ]
 [ 92.37798907 163.93985578]
 [ 91.87889701 166.898049  ]
 [ 91.90247334 169.89795636]
 [ 92.44799785 172.84793992]
 [ 93.49880646 175.65788676]
 [ 95.0228002  178.24196166]
 [ 96.97342574 180.52122908]
 [ 99.29109749 182.42606442]
 [101.9050177  183.89828082]
 [104.73533916 184.8929066 ]
 [107.69560426 185.379559  ]
 [110.695386   185.34337229]
 [113.6430503  184.78545187]
 [116.44855507 183.72284048]
 [119.39621937 183.16492006]
 [122.39600112 183.12873335]
 [125.34366541 182.57081293]
 [128.34344716 182.53462622]
 [131.29111145 181.9767058 ]
 [134.09661623 180.91409441]
 [136.67426194 179.37925156]
 [138.94530946 177.41906198]
 [140.84038526 175.09340343]
 [142.30160062 172.47331761]
 [143.2843199  169.63884009]
 [143.75852405 166.67655543]
 [143.7097276  163.67695231]
 [143.13942112 160.73165936]
 [142.06502573 157.93064623]
 [140.5193609  155.35947525]
 [138.54964192 153.09668777]
 [136.21603766 151.211405  ]
 [134.24631869 148.94861752]
 [132.70065386 146.37744653]
 [131.62625847 143.57643341]
 [130.08059363 141.00526242]
 [128.11087466 138.74247495]
 [125.7772704  136.85719217]
 [123.15106528 135.40700367]
 [120.31248178 134.43620826]
 [117.3482299  133.97446074]
 [114.3488584  134.03586607]
 [111.40598886 134.61854852]
 [108.60951687 135.70470893]
 [106.04486606 137.26116844]
 [103.7903786  139.240382  ]
 [101.91492216 141.58189073]
 [100.47578616 144.21416874]
 [ 99.51693176 147.05680805]
 [ 99.06764903 150.02297478]
 [ 99.14166216 153.02206165]
 [ 99.73671029 155.96245579]
 [ 99.81072342 158.96154266]
 [ 99.36144069 161.92770939]
 [ 99.43545382 164.92679626]
 [100.03050195 167.8671904 ]
 [101.12840818 170.65907183]
 [102.69563485 173.21715716]
 [104.68430803 175.46330475]
 [107.03367985 177.32890171]
 [109.67198425 178.7569598 ]
 [112.51862915 179.70385623]
 [115.48665829 180.14066623]
 [118.48540754 180.05404661]
 [121.45343669 180.49085661]
 [124.30008158 181.43775305]
 [127.26811073 181.87456305]
 [130.26685997 181.78794343]
 [133.20472676 181.18054014]
 [135.9919683  180.07090749]
 [138.54344293 178.49294133]
 [140.78121097 176.49484369]
 [142.63691549 174.13765028]
 [144.05387042 171.49336612]
 [144.98879215 168.64276595]
 [145.41312171 165.67292682]
 [145.31389713 162.67456819]
 [144.69414941 159.73928068]
 [143.57280995 156.95672829]
 [141.9841322  154.41190943]
 [139.97664539 152.18256049]
 [137.61167206 150.33678121]
 [134.96145486 148.93095447]
 [132.59648153 147.08517519]
 [129.94626434 145.67934846]
 [127.09175926 144.75641794]
 [124.12016263 144.34457633]
 [121.1222476  144.45640411]
 [118.18959124 145.08848531]
 [115.41177716 146.22151177]]","[[250.          90.        ]
 [250.18859533  89.80184271]
 [250.34484252  93.09347021]
 [247.94168011  96.40966391]
 [249.56158269 100.06301588]
 [244.94461237  99.27858571]
 [243.0432093  103.45481495]
 [238.11352253 104.89483584]
 [237.07280354 105.51300207]
 [235.74822918 107.96715022]
 [235.15996923 112.22147857]
 [232.74435403 115.2417272 ]
 [230.79976247 116.49442022]
 [232.51373538 119.03932484]
 [229.92435427 120.51336013]
 [230.7578177  125.19880447]
 [230.84614722 127.41143113]
 [233.52128368 131.19000183]
 [235.92228339 133.28113029]
 [236.84414047 134.56641137]
 [241.5418961  138.59567832]
 [241.25722369 139.75434307]
 [248.09844675 139.28212167]
 [249.47443231 137.74559519]
 [254.23561556 140.73957152]
 [257.60384304 138.8436712 ]
 [258.08509365 133.64784869]
 [259.9039232  134.5949219 ]
 [259.9814536  131.9698626 ]
 [264.14279533 129.87351297]
 [262.83805296 125.05228907]
 [264.57393591 121.35371994]
 [267.93136144 119.366021  ]
 [265.38598401 116.75297302]
 [266.32758637 116.27249402]
 [263.48059978 108.34500887]
 [261.66846179 109.82692368]
 [262.66658063 104.90547857]
 [263.98737616 100.85315698]
 [259.83228701 101.26732316]
 [259.95800845 100.01945776]
 [258.74539912  93.4243989 ]
 [256.03624699  90.38368762]
 [252.44464016  90.97203724]
 [252.67854239  90.39497804]
 [247.88561139  89.88228627]
 [246.03207177  88.13695731]
 [243.57254273  82.67813316]
 [242.04203282  83.75525753]
 [239.11959553  80.22526994]
 [233.92727485  78.39927313]
 [233.69422551  81.90500781]
 [229.72653697  79.25114814]
 [228.43764005  79.89422444]
 [223.42279596  84.1792405 ]
 [218.77124283  85.69717427]
 [219.28944638  87.5313335 ]
 [218.48582674  90.23154325]
 [218.54785713  91.58470899]
 [219.04842231  96.75288572]
 [218.11404017 100.41025868]
 [217.44017356 102.87056215]
 [216.30367354 102.46350102]
 [216.44244193 106.41472689]
 [215.47496745 110.79755256]
 [218.20022112 111.49479872]
 [219.36829487 115.78019334]
 [223.72892097 119.33632597]
 [225.73754446 120.46714881]
 [230.66027466 121.7106632 ]
 [227.95285568 122.40572007]
 [235.00972071 121.25425132]
 [238.02053116 120.72554232]
 [240.9427663  119.62948074]
 [240.5624642  120.54298814]
 [245.16122942 122.86160729]
 [248.74735341 122.40735737]
 [250.85800428 122.05121257]
 [255.11508598 120.60196255]
 [258.53980798 122.16127968]
 [259.13270897 117.70645304]
 [264.28326992 119.36494567]
 [265.02148143 117.53430497]
 [270.47406604 115.5194816 ]
 [269.383152   110.76773629]
 [273.65708978 112.08022371]
 [274.29035446 108.17966338]
 [275.09387957 105.84654832]
 [275.16126938 102.1077057 ]
 [272.03092191 100.87927667]
 [270.81725394  96.02186387]
 [272.38446805  91.99926861]
 [272.10752945  90.6669581 ]
 [268.60009423  89.45251601]
 [266.23806949  88.83302705]
 [264.87798438  84.54511195]
 [258.61207765  82.27789152]
 [260.20241768  83.65344963]
 [255.14750929  86.20657606]
 [250.69621741  83.39768633]
 [249.09744784  86.19595827]
 [246.22126314  85.91063249]
 [242.52228622  89.86686046]
 [244.22571879  90.36879402]
 [241.77952569  91.75277909]
 [239.82157902  98.58525192]
 [239.25090088 102.59225985]
 [235.95301509 102.30766403]
 [234.55398985 104.22804127]
 [232.24666813 104.05182425]
 [228.66950441 111.43475361]
 [227.94141139 106.12123026]
 [225.6025341  112.77167001]
 [224.82020534 116.62185694]
 [226.57608161 117.31110174]
 [224.38911397 119.0323044 ]
 [224.59436697 121.27952408]
 [228.50300987 128.68475395]
 [226.33738835 127.10955322]
 [227.5204995  129.71466791]
 [227.83230817 131.35080183]
 [237.05178236 134.01672757]
 [239.21906344 134.79510894]
 [243.53867626 136.31268269]
 [243.32443669 139.80492775]
 [246.35814017 133.58518294]
 [249.95272955 134.29486602]
 [253.82629212 131.43464152]
 [255.70402797 132.13498302]
 [255.38942944 128.77419791]
 [256.60484467 129.42728758]
 [257.77618102 122.39403538]
 [257.70647734 119.59196305]
 [259.24624666 118.26324827]
 [257.76767203 113.88787284]
 [255.48298662 110.1249109 ]
 [260.19458682 110.35741799]
 [252.91798173 104.52757447]
 [250.29227393 104.6169229 ]
 [249.18086918 102.08393574]
 [244.35988687 104.36455238]
 [244.0310112  101.05403535]
 [240.06961498 100.29194845]
 [233.00215787 101.07620505]
 [232.81980885  99.73930326]
 [230.49639642 102.77307815]
 [226.77799735 100.19854899]
 [226.63696295 104.39792326]
 [221.26625339 104.51500974]
 [219.26955391 104.00466658]
 [214.88435926 104.1632823 ]
 [215.80547298 102.73017302]
 [212.30364139  94.51098767]
 [209.08186095  98.99185498]
 [205.53914519  97.44536828]
 [202.84510951  98.89072646]
 [199.39384892  97.98260746]
 [198.77755315  97.93594174]
 [195.82472929 101.25897206]
 [190.70384886 102.39914534]
 [188.51773596 106.07146616]
 [188.82508441 106.76485339]
 [185.52220299 110.83260195]
 [187.98514859 113.14313551]
 [187.07051618 115.74797313]
 [186.96187649 118.84589146]
 [187.89682469 119.95851261]
 [188.9784115  124.82623107]
 [188.77117746 127.65250304]
 [188.67341356 129.55385208]
 [189.86480698 131.6052956 ]
 [186.30930166 137.50654655]
 [189.33359344 140.48035838]
 [185.85451574 140.78324598]
 [184.92536453 145.71446848]
 [186.35431549 149.3340249 ]
 [179.91780292 153.97428141]
 [179.6778379  151.90231723]
 [180.66896025 155.53659263]
 [175.87089217 158.14391722]
 [175.37719097 161.21729076]
 [169.57732182 164.42807119]
 [170.3687325  162.18624744]
 [165.13643343 162.82562245]
 [163.85969229 164.63564353]
 [159.76118366 167.98580953]
 [158.53760573 166.87477722]
 [156.17981915 170.23774937]
 [150.45443113 167.60740106]
 [150.52766522 169.91483763]
 [146.45564152 170.68570507]
 [141.48878162 166.54169229]
 [138.82251291 168.86026881]
 [135.95951383 167.5129174 ]
 [132.73507475 166.80157804]
 [129.86853473 167.26503522]
 [129.96660162 164.49902676]
 [126.16179091 162.42389355]
 [125.33817218 161.13344021]
 [125.43031579 156.75985193]
 [121.65143994 156.77346083]
 [118.26545052 155.05852166]
 [114.04687626 155.86728477]
 [111.36973419 153.05040528]
 [108.74504778 152.88549605]
 [106.8495908  151.40777138]
 [104.55451678 153.35435713]
 [101.17784071 148.29146768]
 [ 97.92961527 154.53092943]
 [ 96.1215541  157.35111927]
 [ 96.39068569 158.28437426]
 [ 91.15003568 163.18998806]
 [ 94.00256932 163.49106908]
 [ 95.04132963 166.37473581]
 [ 90.19679376 169.66414621]
 [ 94.06474842 171.44175975]
 [ 96.42564408 174.31309744]
 [ 96.45443361 179.05865522]
 [ 96.74234015 182.14202855]
 [ 97.04139931 184.4624221 ]
 [101.80949166 183.08462794]
 [105.85910023 186.48275512]
 [108.8502974  188.37881473]
 [112.31647512 187.26863224]
 [112.83325439 184.94523754]
 [117.29302895 183.69622713]
 [119.84867222 183.80407721]
 [123.66236699 182.97632001]
 [124.81896659 181.32833945]
 [127.00584867 184.29330306]
 [131.16432922 183.15712237]
 [132.15057046 178.00684225]
 [135.1006251  181.09919201]
 [140.54742562 177.91711989]
 [139.63713004 174.89719947]
 [141.8549599  171.9558576 ]
 [139.52521514 168.35195051]
 [143.47336073 168.95119712]
 [143.95084218 165.77828474]
 [142.54886076 160.35262649]
 [136.21589314 158.62564174]
 [141.34000439 158.00511386]
 [137.81950011 153.23791901]
 [135.15774573 149.4470194 ]
 [133.17665674 148.43111973]
 [134.7338109  146.38076394]
 [130.44044125 143.78925015]
 [130.40695067 139.99091434]
 [129.8257251  135.90995161]
 [125.45695346 137.85479127]
 [121.1434165  135.9488843 ]
 [122.25182136 135.11671516]
 [114.81298999 132.8821682 ]
 [116.19731351 134.48336894]
 [111.39120045 135.28034941]
 [109.6910903  134.64201107]
 [105.60926594 137.47553891]
 [102.97444202 139.04020466]
 [103.8617298  140.13016093]
 [103.36578022 147.03318531]
 [ 96.9467726  146.84527406]
 [ 99.58168638 148.88166815]
 [ 98.03004141 152.6659381 ]
 [100.84547742 155.19545503]
 [102.55076414 159.39650367]
 [ 99.20757776 164.10159891]
 [100.37487561 165.48072642]
 [ 99.53379137 170.58816882]
 [102.34614056 170.35395483]
 [100.32983613 173.77658447]
 [102.96869789 172.88938582]
 [106.6149526  177.75110836]
 [111.5957061  179.18063753]
 [113.72765844 177.86503217]
 [115.45286003 180.32698321]
 [119.77877682 180.22813762]
 [122.65955513 179.73455774]
 [124.83701394 182.06005265]
 [125.39344714 182.13787099]
 [129.78631618 178.9318115 ]
 [134.64233678 180.63775212]
 [134.71338321 179.50493237]
 [138.75074339 180.75480556]
 [140.53231117 177.20345493]
 [144.69728455 174.93797608]
 [145.65671665 170.77860133]
 [146.14536614 168.55580195]
 [147.02473857 164.16758746]
 [144.1445605  164.57766555]
 [144.40002345 159.20083971]
 [143.68916857 155.92248211]
 [143.98204425 152.53816546]
 [139.75074839 152.70298967]
 [137.45500146 149.13334989]
 [133.65887107 149.56904611]
 [131.05076086 148.05453925]
 [127.66004179 144.84687381]
 [127.14621829 142.87819002]
 [125.09817893 144.31676811]
 [119.56813708 142.17807177]
 [115.84120718 145.16503623]]","[0.00000000e+00 2.99942586e+00 5.99885172e+00 8.74832543e+00
 1.17477513e+01 1.42472728e+01 1.64968422e+01 1.87464116e+01
 2.09959810e+01 2.44953112e+01 2.74947371e+01 3.12440194e+01
 3.49933017e+01 3.77427754e+01 4.09921534e+01 4.32417228e+01
 4.49913879e+01 4.64911009e+01 4.69910052e+01 4.69910052e+01
 4.64911009e+01 4.57412444e+01 4.49913879e+01 4.32417228e+01
 4.09921534e+01 3.97423927e+01 3.69929190e+01 3.42434453e+01
 3.24937802e+01 2.94943543e+01 2.77446892e+01 2.49952155e+01
 2.27456461e+01 2.07460289e+01 1.84964595e+01 1.67467944e+01
 1.39973207e+01 1.14977991e+01 8.74832543e+00 5.99885172e+00
 3.99923448e+00 1.74966509e+00 0.00000000e+00 5.63892062e+02
 5.62642301e+02 5.61142588e+02 5.58643067e+02 5.56893402e+02
 5.55393689e+02 5.54643832e+02 5.53144119e+02 5.53144119e+02
 5.55143737e+02 5.56143545e+02 5.57893210e+02 5.61892445e+02
 5.64391966e+02 3.74928233e+00 8.74832543e+00 1.37473685e+01
 1.89963638e+01 2.39954069e+01 2.64949284e+01 3.09940672e+01
 3.27437323e+01 3.59931103e+01 3.67429668e+01 3.72428711e+01
 3.69929190e+01 3.64930147e+01 3.52432539e+01 3.32436366e+01
 3.22438280e+01 3.17439237e+01 3.12440194e+01 3.12440194e+01
 3.07441151e+01 2.97443065e+01 2.84945457e+01 2.72447849e+01
 2.52451677e+01 2.29955983e+01 2.12459332e+01 1.82465073e+01
 1.69967465e+01 1.42472728e+01 1.14977991e+01 9.99808621e+00
 6.99866034e+00 5.49894741e+00 2.74947371e+00 2.49952155e-01
 5.64641918e+02 5.62642301e+02 5.61142588e+02 5.59892828e+02
 5.59642875e+02 5.59642875e+02 5.59892828e+02 5.60642684e+02
 5.62142397e+02 5.63892062e+02 1.24976078e+00 3.99923448e+00
 7.49856465e+00 1.02480384e+01 1.34974164e+01 1.57469858e+01
 1.84964595e+01 2.09959810e+01 2.49952155e+01 2.77446892e+01
 3.19938759e+01 3.62430625e+01 3.89925362e+01 4.24918664e+01
 4.44914836e+01 4.67410530e+01 4.77408616e+01 4.82407659e+01
 4.82407659e+01 4.74909095e+01 4.64911009e+01 4.52413401e+01
 4.34916750e+01 4.12421056e+01 3.94924405e+01 3.67429668e+01
 3.42434453e+01 3.17439237e+01 2.87444978e+01 2.64949284e+01
 2.37454547e+01 2.17458375e+01 1.92463159e+01 1.72466987e+01
 1.57469858e+01 1.42472728e+01 1.32474642e+01 1.27475599e+01
 1.24976078e+01 1.24976078e+01 1.27475599e+01 1.34974164e+01
 1.44972250e+01 1.57469858e+01 1.84964595e+01 1.94962681e+01
 1.99961724e+01 1.99961724e+01 1.94962681e+01 1.84964595e+01
 1.54970336e+01 1.52470815e+01 1.87464116e+01 1.97462203e+01
 2.44953112e+01 2.64949284e+01 3.59931103e+01 4.24918664e+01
 4.89906224e+01 5.92386608e+01 6.52375125e+01 7.09864121e+01
 7.59854552e+01 7.74851681e+01 8.17343547e+01 8.34840198e+01
 8.77332065e+01 8.94828715e+01 9.37320582e+01 9.57316754e+01
 9.99808621e+01 1.03980097e+02 1.06229666e+02 1.10228900e+02
 1.12978374e+02 1.16727656e+02 1.20726891e+02 1.23226412e+02
 1.27225647e+02 1.29975121e+02 1.33724403e+02 1.36473877e+02
 1.40223159e+02 1.43972441e+02 1.46721915e+02 1.50471197e+02
 1.53470623e+02 1.56969953e+02 1.60719236e+02 1.63468709e+02
 1.66968040e+02 1.69967465e+02 1.73466796e+02 1.76466222e+02
 1.79965552e+02 1.83214930e+02 1.85964403e+02 1.89463734e+02
 1.92463159e+02 1.96462394e+02 1.99211868e+02 2.02711198e+02
 2.04960767e+02 2.07460289e+02 2.08710050e+02 2.09709858e+02
 2.09959810e+02 2.09709858e+02 2.09209954e+02 2.07960193e+02
 2.06210528e+02 2.05210719e+02 2.02961150e+02 2.00461628e+02
 1.98711963e+02 1.95962490e+02 1.93962872e+02 1.91213399e+02
 1.88463925e+02 1.86714260e+02 1.83964786e+02 1.82715025e+02
 1.80465456e+02 1.78215887e+02 1.75966317e+02 1.73466796e+02
 1.71217226e+02 1.68467753e+02 1.66218183e+02 1.64468518e+02
 1.62718853e+02 1.61219140e+02 1.60469284e+02 1.60219331e+02
 1.60469284e+02 1.61219140e+02 1.62468901e+02 1.64218566e+02
 1.67717896e+02 1.70217418e+02 1.74466604e+02 1.78715791e+02
 1.81215312e+02 1.85214547e+02 1.89963638e+02 1.92713112e+02
 1.97712155e+02 2.02711198e+02 2.07460289e+02 2.09959810e+02
 2.13709093e+02 2.15458758e+02 2.17958279e+02 2.18458184e+02
 2.18208231e+02 2.17708327e+02 2.15958662e+02 2.14708901e+02
 2.12709284e+02 2.10459715e+02 2.07960193e+02 2.05960576e+02
 2.04460863e+02 2.02461246e+02 2.00211676e+02 1.98212059e+02
 1.95462585e+02 1.93213016e+02 1.90213590e+02 1.87964021e+02
 1.85214547e+02 1.82715025e+02 1.80215504e+02 1.77466030e+02
 1.74966509e+02 1.71967083e+02 1.69717513e+02 1.66968040e+02
 1.64968422e+02 1.62718853e+02 1.60969188e+02 1.59469475e+02
 1.58719619e+02 1.58219714e+02 1.58219714e+02 1.58969571e+02
 1.61219140e+02 1.62968805e+02 1.66468135e+02 1.69217609e+02
 1.73466796e+02 1.78215887e+02 1.81215312e+02 1.85714451e+02
 1.90463542e+02 1.93213016e+02 1.97212250e+02 1.99211868e+02
 2.01961341e+02]",48.653075853744056,0.036663912585748096,circle,Pure Pursuit
14.213193024551465,8.5,11,1.614129179209943,0.1680093010075867,52.823920265780735,299,"[[250.          90.        ]
 [250.08544888  92.99878283]
 [249.93303701  95.99490877]
 [249.69827621  98.98570923]
 [248.94637831 101.88995604]
 [247.7003115  104.61893341]
 [245.99813927 107.08927948]
 [243.89185775 109.22553278]
 [241.44580736 110.96243735]
 [239.33952584 113.09869064]
 [237.63735361 115.56903671]
 [236.3912868  118.29801409]
 [235.6393889  121.2022609 ]
 [235.4046281  124.19306136]
 [235.6941756  127.1790557 ]
 [236.49918662 130.06903101]
 [237.79507056 132.77470741]
 [239.54224215 135.21343484]
 [241.68733066 137.31071767]
 [244.16481026 139.00249036]
 [246.89900156 140.23707447]
 [249.80638344 140.97675725]
 [252.79814433 141.19894367]
 [255.78289513 140.89684662]
 [258.66946091 140.07969423]
 [261.36966595 138.772448  ]
 [263.80102731 137.01504027]
 [265.88927438 134.86115444]
 [267.57061765 132.37658509]
 [268.79369723 129.63722817]
 [269.52115183 126.7267626 ]
 [269.73075994 123.73409416]
 [269.41611868 120.75063964]
 [268.58683937 117.8675344 ]
 [267.33565615 115.14089901]
 [265.62885342 112.67374996]
 [263.80277495 110.29353202]
 [261.75191839 108.10401441]
 [259.54321653 106.07383311]
 [257.14179104 104.27573534]
 [254.67862307 102.56319233]
 [252.00585593 101.20072552]
 [249.20233477 100.13289166]
 [246.31004841  99.33622387]
 [243.41668718  98.54346866]
 [240.44096929  98.16254477]
 [237.44634982  97.98295005]
 [234.44770247  98.07302802]
 [231.45929931  98.33655518]
 [228.49991985  98.82856453]
 [225.50007752  98.79780714]
 [222.55140828  98.24522257]
 [219.55156596  98.21446518]
 [216.59218649  98.70647453]
 [213.76366983  99.70622124]
 [211.15241844 101.18316612]
 [208.83819802 103.09219306]
 [206.89170089 105.37498716]
 [205.37238652 107.96181608]
 [204.32666532 110.77366017]
 [203.78648083 113.72462623]
 [203.76833404 116.72457135]
 [204.27277927 119.68185642]
 [205.28440727 122.5061455 ]
 [206.77231592 125.11116524]
 [208.69105419 127.41734031]
 [210.98201053 129.35422416]
 [213.57520328 130.86265094]
 [216.39141838 131.89654287]
 [219.34462912 132.42431772]
 [222.34462401 132.42985361]
 [225.29976244 131.91298141]
 [228.11977402 130.88949   ]
 [230.71851609 129.39064387]
 [233.01660505 127.46222818]
 [235.0999642  125.30361412]
 [237.52733552 123.54069935]
 [240.22457029 122.22733549]
 [243.10927628 121.40364177]
 [245.80651104 120.09027791]
 [248.23388236 118.32736314]
 [250.31724151 116.16874908]
 [251.99294828 113.68037475]
 [253.20981499 110.93825232]
 [253.9306701  108.0261452 ]
 [254.13349372 105.03300928]
 [253.81209019 102.05027568]
 [252.97627742  99.1690577 ]
 [251.6515869   96.47736771]
 [249.87848386  94.05742853]
 [247.71113114  91.98316187]
 [245.21573469  90.31793019]
 [242.4685212   89.11260118]
 [239.55340957  88.40399395]
 [236.5594475   88.21375425]
 [233.57809132  88.54769334]
 [230.70041228  89.39561039]
 [228.01431461  90.73160415]
 [225.60185034  92.51486413]
 [223.53671282  94.69091722]
 [221.88198565  97.19329169]
 [220.68821565  99.9455477 ]
 [219.99186882 102.86361232]
 [219.81421641 105.85834763]
 [220.16068515 108.83827371]
 [221.0206915  111.71236297]
 [222.3679649  114.39282084]
 [224.16135031 116.79776757]
 [226.3460653  118.85373946]
 [228.85537357 120.49793287]
 [231.61262348 121.68012278]
 [234.53358952 122.3641969 ]
 [237.52904516 122.52925889]
 [240.51055942 122.19673406]
 [243.50443091 122.38839393]
 [246.48594516 122.0558691 ]
 [249.36402609 121.20931718]
 [252.05075719 119.87459773]
 [254.46406708 118.09248231]
 [256.53023659 115.91740908]
 [258.18615058 113.41581981]
 [259.38122599 110.66413038]
 [260.07895694 107.74639641]
 [260.25802989 104.75174569]
 [259.91297473 101.77165561]
 [259.05433181  98.89715872]
 [257.70833004  96.21606207]
 [255.91608564  93.81026491]
 [253.73234615  91.75325693]
 [251.22381808  90.1078734 ]
 [248.46712927  88.92437572]
 [245.54648805  88.2389161 ]
 [242.55111104  88.07243322]
 [239.57249778  88.43001263]
 [236.70163573  89.30073137]
 [234.0262209   90.65799166]
 [231.62797898  92.46033339]
 [229.58016888  94.65270055]
 [227.94534489  97.16812308]
 [226.77344585  99.92976256]
 [226.10026967 102.85325941]
 [225.94637981 105.8493098 ]
 [226.31647714 108.8263936 ]
 [227.19925632 111.69357007]
 [228.56775116 114.3632558 ]
 [230.38015835 116.7539001 ]
 [232.58111444 118.79247614]
 [235.103387   120.41671171]
 [237.86992835 121.5769914 ]
 [240.79622917 122.23787224]
 [243.78579964 122.48780903]
 [246.77322505 122.21341987]
 [249.66724875 121.42308651]
 [252.37946723 120.1409512 ]
 [254.82703054 118.40617922]
 [256.93517318 116.27176253]
 [258.63949787 113.80290098]
 [259.88794273 111.07501069]
 [260.64237162 108.17142032]
 [260.87973906 105.18082561]
 [260.59279421 102.19458003]
 [259.79030233  99.30390419]
 [258.4967771   96.59709935]
 [256.75173173  94.15685005]
 [254.60847198  92.0576984 ]
 [252.13246784  90.36376703]
 [249.39935361  89.12680032]
 [246.49261753  88.3845838 ]
 [243.50105144  88.15978991]
 [240.51603846  88.45928539]
 [237.62876157  89.2739216 ]
 [234.92741818  90.57881389]
 [232.49452602  92.33410182]
 [230.40440246  94.48616676]
 [228.72089433  96.96926974]
 [226.63077077  99.12133467]
 [224.94726265 101.60443765]
 [223.72179595 104.34272751]
 [222.99180493 107.25255794]
 [222.77958854 110.24504256]
 [223.09162937 113.22877018]
 [223.9183955  116.11259711]
 [225.2346318  118.80843131]
 [227.00013128 121.23392334]
 [229.16096337 123.31498188]
 [231.6511213  124.98803701]
 [234.39453842 126.20198203]
 [237.30741177 126.91973467]
 [240.30076204 127.11936979]
 [243.28315158 126.79478914]
 [246.16347759 125.95590768]
 [248.85375496 124.62835064]
 [251.271804   122.85267082]
 [253.34376075 120.68310975]
 [255.00633331 118.18594086]
 [256.20873522 115.43744497]
 [256.91423678 112.52158017]
 [257.1012871  109.52741715]
 [256.76417237 106.54641838]
 [255.91319041 103.6696442 ]
 [254.57433609 100.9849712 ]
 [252.78850729  98.57440788]
 [250.61025559  96.51158954]
 [248.10611988  94.85952891]
 [245.35259378  93.66869138]
 [242.43378905  92.97545335]
 [239.43886619  92.80099113]
 [236.45931088  93.15063399]
 [233.58613935  94.01370142]
 [230.90711816  95.36382936]
 [228.50408316  97.15977557]
 [226.45043967  99.34667941]
 [224.80892018 101.85773771]
 [223.62966806 104.61624535]
 [222.94870582 107.53793843]
 [222.78683478 110.53356821]
 [223.14899959 113.51162742]
 [224.02413723 116.38114551]
 [225.38551494 119.05446755]
 [227.19154683 121.44993177]
 [229.38706417 123.49436412]
 [231.90500067 125.12531347]
 [234.66844112 126.29295934]
 [237.59297092 126.96163375]
 [240.58925468 127.11091075]
 [243.56576515 126.73623039]
 [246.43157912 125.849038  ]
 [249.09915477 124.47643458]
 [251.48700588 122.66034893]
 [253.52219094 120.45625689]
 [255.14254133 117.93148668]
 [256.29856032 115.16316226]
 [256.9549351  112.23584742]
 [257.09161542 109.23896262]
 [256.70442613 106.26405347]
 [255.80519466 103.40199429]
 [254.42138979 100.74021217]
 [252.59528247  98.36001636]
 [250.38265467  96.33411453]
 [247.85109537  94.72439173]
 [245.07793589  93.58002005]
 [242.14788774  92.93595652]
 [239.15045487  92.81187529]
 [236.17719961  93.21156667]
 [233.31894578  94.12282132]
 [230.66300422  95.5178032 ]
 [228.29050578  97.35389992]
 [225.63456423  98.7488818 ]
 [223.26206579 100.58497852]
 [221.24548299 102.80610297]
 [219.64641624 105.34440664]
 [218.51371209 108.12235216]
 [217.88197118 111.05508184]
 [217.77049124 114.05300983]
 [218.18267764 117.02455865]
 [219.10593936 119.87895662]
 [220.5120736  122.52901068]
 [222.35812727 124.89376983]
 [224.58770913 126.90099795]
 [227.1327123  128.48938041]
 [229.91539478 129.61039701]
 [232.85075418 130.22980414]
 [235.84912431 130.32868083]
 [238.81891418 129.90400668]
 [241.66940585 128.9687542 ]
 [244.31352559 127.55149246]
 [246.67050366 125.69551445]
 [248.66834164 123.45751458]
 [250.24601174 120.90585687]
 [251.35532098 118.11848661]
 [251.96238338 115.18054936]
 [252.04865506 112.18179009]
 [251.61150068 109.21381164]
 [250.66427395 106.36727664]
 [249.23590975 103.72913795]
 [247.37004021 101.37998261]
 [245.12366188  99.39157007]
 [242.56539473  97.82464022]
 [239.77338593  96.72705794]
 [236.83292276  96.13235099]
 [233.83382732  96.05868584]
 [230.86133366  96.4640023 ]
 [227.91378599  97.02253852]
 [224.91401187  97.05935193]
 [221.95364517  96.57331799]
 [218.95387105  96.6101314 ]
 [216.00632337  97.16866762]
 [213.20104066  98.2318651 ]
 [210.62371565  99.76724643]
 [208.3530777  101.72791042]
 [206.45848781 104.05396484]
 [204.99781986 106.67435587]
 [204.01569277 109.50903863]
 [203.5421075  112.4714223 ]
 [203.59153062 115.47101516]
 [203.74737262 118.46696464]
 [203.70720919 121.46669578]
 [204.18993679 124.42760342]
 [205.18080959 127.25924095]
 [206.64955947 129.87511055]
 [208.55132064 132.19530547]]","[[250.          90.        ]
 [250.18859533  89.80184271]
 [251.04608285  93.15613301]
 [249.12953295  96.53730135]
 [251.65427628 100.40633067]
 [247.89077546  99.99182383]
 [246.76539981 104.68092238]
 [242.51059311 106.76109199]
 [242.02299133 108.12713175]
 [240.62941888 110.48798711]
 [239.95697164 114.6624607 ]
 [237.44455162 117.61873192]
 [235.39349479 118.82527919]
 [236.99459418 121.34327935]
 [234.28937922 122.81047329]
 [235.00758686 127.50934839]
 [234.98475935 129.75526764]
 [237.55623305 133.58597579]
 [239.86423083 135.7464939 ]
 [240.70658775 137.11629722]
 [245.34077347 141.24263708]
 [245.01040326 142.50796013]
 [251.82519658 142.14872435]
 [253.19482777 140.72805945]
 [257.96992616 143.83723409]
 [261.37191321 142.05234988]
 [261.90573657 136.95997005]
 [263.79434611 137.99975267]
 [263.95673219 135.45383753]
 [268.21541319 133.42064917]
 [267.01752028 128.64467431]
 [268.86649896 124.97205974]
 [272.33981176 122.99022806]
 [269.90957312 120.36278082]
 [270.96204869 119.84807588]
 [268.28568508 111.83563418]
 [265.70689688 113.69927924]
 [265.30871731 109.36667145]
 [264.48493544 106.12336795]
 [258.5509245  107.47640809]
 [257.21537296 107.27932422]
 [254.96140186 101.61340119]
 [251.43951067  99.56400634]
 [247.28581452 101.0785089 ]
 [247.18179712 101.2780621 ]
 [242.2847785  101.07712984]
 [240.00988773 100.52415719]
 [236.79717105  96.87972511]
 [234.82238053  99.62020764]
 [231.70081368  97.45826195]
 [226.48809028  96.72628421]
 [226.2541018  100.28237669]
 [222.30496639  96.63367528]
 [220.86112918  96.29387427]
 [215.52258435  99.63800131]
 [210.38845807 100.28577563]
 [210.27995719 101.34708567]
 [208.72464573 103.39536465]
 [207.93295879 104.23743253]
 [207.50385956 109.05095677]
 [205.59226431 112.52095614]
 [204.96786317 114.99074425]
 [203.88172445 114.58441057]
 [204.07021162 118.52758446]
 [203.15029461 122.89382469]
 [205.91949173 123.56645858]
 [207.12655257 127.81996593]
 [211.52001845 131.33791036]
 [213.55433127 132.42541058]
 [218.49481562 133.62179132]
 [215.79667326 134.2673433 ]
 [222.85405403 133.06551063]
 [225.85660357 132.48711715]
 [228.59889535 130.35112003]
 [227.86606314 129.22727178]
 [231.81100728 129.0824733 ]
 [234.66681444 125.42882715]
 [236.25292659 122.77476565]
 [240.20727069 119.99927272]
 [243.56030395 121.24453339]
 [244.02793133 116.49292861]
 [249.00346056 117.88098708]
 [249.52222889 115.81451714]
 [254.71766219 113.60567329]
 [253.33974388 108.70764302]
 [256.4016787  109.40237717]
 [255.73389602 105.10451838]
 [255.18707237 102.60669593]
 [253.89606103  98.94076827]
 [249.44075498  98.02064923]
 [246.97604441  93.69752352]
 [247.40434741  90.41887166]
 [246.1354194   90.01743563]
 [241.81321871  89.89236378]
 [238.83854101  90.48746391]
 [237.08663012  87.50225477]
 [230.66169386  86.58606354]
 [232.33065846  89.3197043 ]
 [227.58962702  93.19648158]
 [223.67787648  91.63637743]
 [222.82783131  95.57042314]
 [220.88668286  96.27316491]
 [218.28049156 101.03957181]
 [221.20107786 102.1490472 ]
 [220.05922633 103.91937845]
 [219.45296542 110.90520014]
 [221.2242876  115.1779082 ]
 [221.18717579 115.26324746]
 [223.86809156 117.64649434]
 [226.33524826 118.01194229]
 [227.55394843 125.09698798]
 [231.49660589 118.65513174]
 [233.5606886  123.38125649]
 [236.77903251 124.5699282 ]
 [242.01415683 121.96822611]
 [242.79610699 120.88119242]
 [245.43599534 119.84615449]
 [251.17062053 123.59536836]
 [250.16655008 118.10207326]
 [251.8112993  116.64670097]
 [251.87073138 114.20399064]
 [260.13152368 112.89731102]
 [260.66310234 109.93067678]
 [262.71995788 108.04522338]
 [259.68502645 108.58038173]
 [259.42626694  99.93982058]
 [259.35719681  98.83890616]
 [259.30781687  94.83361119]
 [257.12316104  95.08938761]
 [252.73081521  91.99812294]
 [249.97769015  93.62658551]
 [247.41091992  88.24476405]
 [243.94773102  87.71973418]
 [242.542297    89.22411692]
 [238.65676781  88.15135169]
 [234.57690168  88.05962803]
 [238.15993224  92.21985645]
 [230.45584292  90.45423752]
 [228.11679463  94.62016426]
 [227.99743657  96.05158218]
 [224.84358415 102.06333032]
 [226.77779785 102.29140738]
 [225.615388   105.05501411]
 [221.91240897 108.99988634]
 [225.5934397  110.18954363]
 [227.60735755 115.46170837]
 [228.62436214 114.60247791]
 [233.54089256 119.9240295 ]
 [233.66498643 121.26030822]
 [237.4324797  122.02892966]
 [238.90478875 123.48721391]
 [245.59068807 123.44341888]
 [247.61073499 116.55500713]
 [250.05819338 121.38491853]
 [252.15889896 119.19508421]
 [254.91007801 119.02435533]
 [256.53949094 115.57677632]
 [260.48412858 112.14485031]
 [261.43317553 111.34022938]
 [259.43591316 107.73644747]
 [259.49974866 106.19342239]
 [261.11464685 101.35938577]
 [258.13697489  99.75647833]
 [259.93285551  96.42634482]
 [257.37926048  93.59280932]
 [254.70982579  91.62077403]
 [252.57353105  88.09910826]
 [250.3656394   88.7819016 ]
 [247.03052963  87.87411861]
 [243.98159322  86.5509457 ]
 [242.29977008  85.90396851]
 [236.06990335  89.6274207 ]
 [237.12168161  90.99600334]
 [232.12266334  90.19646661]
 [230.11748746  94.45635124]
 [231.2567473   97.90245757]
 [224.33713146 102.16150332]
 [224.35474783 100.28524808]
 [225.93402993 104.26809387]
 [222.44070103 107.58073692]
 [224.04692172 111.73504687]
 [221.02882577 116.22649239]
 [225.33868789 115.54379552]
 [224.00664202 117.35491266]
 [227.18519893 120.2618989 ]
 [228.01365242 124.53186349]
 [232.19797232 124.39618012]
 [235.49590982 128.25304997]
 [235.6656673  126.01479684]
 [241.7146948  128.19778064]
 [243.62319987 128.53842092]
 [244.53116    123.73720093]
 [247.55399392 124.81216679]
 [250.07767383 122.12184358]
 [251.88126057 119.75246604]
 [253.49915248 118.73714017]
 [257.40107182 114.71677606]
 [256.60333809 111.65003131]
 [257.89816393 109.66100121]
 [259.15540772 104.90321033]
 [256.45694416 104.3356313 ]
 [254.03367583 101.86027239]
 [250.63072332 101.75261243]
 [248.59718891  97.89130043]
 [246.42443586  96.58585346]
 [244.77543274  93.90632574]
 [242.51380468  94.6265545 ]
 [238.95654502  88.35021556]
 [235.31922269  93.42620247]
 [232.92543704  95.16843269]
 [232.43010866  95.14217165]
 [226.26961507  99.23602324]
 [228.07501992  98.89789271]
 [227.9713528  101.33442452]
 [221.92398848 104.3824352 ]
 [224.5654564  106.13175827]
 [225.7136724  109.18877889]
 [224.580633   114.32832098]
 [223.79305164 118.00194498]
 [223.13581676 121.09082523]
 [227.09602079 120.6362789 ]
 [230.51082524 125.08421264]
 [233.05969382 128.1245692 ]
 [236.28953023 128.21821929]
 [236.78317501 127.12141942]
 [241.43372855 127.0842974 ]
 [244.018218   127.37538754]
 [247.69794499 125.69662466]
 [248.57445594 123.2339611 ]
 [250.14940739 124.41902577]
 [253.39540871 121.63667346]
 [253.19649556 115.02423451]
 [254.72492348 116.88310271]
 [258.55705125 112.73390533]
 [255.88836019 109.04275866]
 [256.25778541 105.74659345]
 [252.04608991 102.11510471]
 [254.13622647 103.01485385]
 [252.83639706 100.46134879]
 [249.79209431  95.95508166]
 [242.00196277  95.41938724]
 [245.89857939  96.22565866]
 [241.41774593  93.07718776]
 [238.09216293  91.0474897 ]
 [235.10753766  92.69406889]
 [235.35210282  94.12613872]
 [229.47718701  95.73061994]
 [228.61686282  96.33955183]
 [227.34941467  95.91635846]
 [222.94174885 101.58257761]
 [219.23783421 103.34798359]
 [221.58575581 106.02491353]
 [215.97847218 107.03005962]
 [219.73042628 111.50258471]
 [217.75570283 114.71481072]
 [219.26425107 115.96186079]
 [218.67033924 120.0933271 ]
 [219.69613701 122.32883334]
 [224.30493491 123.44204003]
 [227.47770319 129.72001452]
 [224.56255315 128.27784642]
 [230.42943214 128.46909038]
 [231.73913343 129.8736806 ]
 [236.95789144 129.56168007]
 [241.5589549  130.33896768]
 [241.51554293 131.14264372]
 [245.25294738 128.10542262]
 [246.17379308 128.41649287]
 [249.88607403 123.15239758]
 [247.88021301 121.46528419]
 [249.63971084 115.54456768]
 [251.54365612 115.60275602]
 [253.97237691 112.60546783]
 [252.82052997 107.37498759]
 [250.63047569 106.55359362]
 [250.52927903 103.90322896]
 [248.57615864 100.62368374]
 [245.66059424 100.01386967]
 [240.69073114  98.08794816]
 [239.29284214  93.87092601]
 [238.27053278  95.58956297]
 [232.55524224  95.49271073]
 [231.06863412  98.72586652]
 [227.66488618  97.73114977]
 [226.97438093  97.85967773]
 [223.5564914   95.8585532 ]
 [220.11044504  96.5231674 ]
 [217.61794023  95.66332827]
 [212.03170403 100.13496246]
 [210.32958969  99.22880546]
 [208.46943633 100.69366424]
 [208.45639986 102.18022086]
 [204.77192286 107.19478504]
 [203.85902217 108.30560731]
 [202.2395237  113.10951394]
 [202.04580994 116.44037922]
 [201.46115007 117.63449   ]
 [203.76166822 119.58846786]
 [205.16795309 124.3997952 ]
 [203.62669907 124.9809086 ]
 [204.30117541 129.95166147]]","[0.00000000e+00 2.99942586e+00 5.99885172e+00 8.99827759e+00
 1.19977034e+01 1.47471772e+01 1.77466030e+01 2.02461246e+01
 2.24956940e+01 2.54951198e+01 2.89944500e+01 3.19938759e+01
 3.54932060e+01 3.82426797e+01 4.12421056e+01 4.34916750e+01
 4.52413401e+01 4.64911009e+01 4.72409573e+01 4.72409573e+01
 4.69910052e+01 4.62411487e+01 4.54912922e+01 4.42415315e+01
 4.22419142e+01 3.99923448e+01 3.84926319e+01 3.57431582e+01
 3.42434453e+01 3.14939715e+01 2.87444978e+01 2.72447849e+01
 2.44953112e+01 2.27456461e+01 2.07460289e+01 1.87464116e+01
 1.72466987e+01 1.59969379e+01 1.44972250e+01 1.29975121e+01
 1.17477513e+01 1.09978948e+01 1.02480384e+01 9.74813405e+00
 9.24822974e+00 8.99827759e+00 9.24822974e+00 9.49818190e+00
 9.99808621e+00 1.22476556e+01 1.24976078e+01 1.24976078e+01
 1.29975121e+01 1.39973207e+01 1.52470815e+01 1.97462203e+01
 2.44953112e+01 2.72447849e+01 3.27437323e+01 3.84926319e+01
 4.37416272e+01 4.89906224e+01 5.34897612e+01 5.52394263e+01
 5.87387565e+01 5.92386608e+01 5.94886129e+01 5.89887086e+01
 5.79889000e+01 5.54893784e+01 5.37397134e+01 5.09902396e+01
 4.87406703e+01 4.59911965e+01 4.27418185e+01 3.92424884e+01
 3.67429668e+01 3.44933974e+01 3.24937802e+01 3.02442108e+01
 2.79946414e+01 2.52451677e+01 2.27456461e+01 1.99961724e+01
 1.69967465e+01 1.42472728e+01 1.14977991e+01 8.74832543e+00
 6.24880388e+00 3.99923448e+00 1.99961724e+00 4.99904310e-01
 5.64142014e+02 5.63392158e+02 5.63142206e+02 5.63392158e+02
 5.64142014e+02 1.49971293e+00 3.24937802e+00 7.24861250e+00
 9.74813405e+00 1.44972250e+01 1.92463159e+01 2.39954069e+01
 2.67448806e+01 3.09940672e+01 3.29936845e+01 3.59931103e+01
 3.69929190e+01 3.74928233e+01 3.74928233e+01 3.69929190e+01
 3.57431582e+01 3.42434453e+01 3.32436366e+01 3.19938759e+01
 3.02442108e+01 2.84945457e+01 2.59950241e+01 2.34955026e+01
 2.12459332e+01 1.82465073e+01 1.59969379e+01 1.29975121e+01
 1.07479427e+01 7.99846896e+00 5.74889957e+00 3.49933017e+00
 1.74966509e+00 0.00000000e+00 5.64391966e+02 5.63392158e+02
 5.63142206e+02 5.63392158e+02 5.64391966e+02 1.24976078e+00
 2.99942586e+00 6.49875603e+00 9.24822974e+00 1.34974164e+01
 1.79965552e+01 2.09959810e+01 2.49952155e+01 2.74947371e+01
 3.07441151e+01 3.24937802e+01 3.37435409e+01 3.49933017e+01
 3.47433496e+01 3.39934931e+01 3.32436366e+01 3.19938759e+01
 3.02442108e+01 2.84945457e+01 2.62449763e+01 2.34955026e+01
 2.14958853e+01 1.84964595e+01 1.62468901e+01 1.32474642e+01
 1.12478470e+01 8.24842112e+00 5.74889957e+00 3.99923448e+00
 1.99961724e+00 2.49952155e-01 5.64391966e+02 5.63642110e+02
 5.63392158e+02 5.63642110e+02 5.64391966e+02 9.99808621e-01
 2.99942586e+00 6.24880388e+00 8.99827759e+00 1.27475599e+01
 1.54970336e+01 1.99961724e+01 2.44953112e+01 2.74947371e+01
 3.17439237e+01 3.54932060e+01 3.72428711e+01 3.89925362e+01
 4.07422013e+01 4.09921534e+01 4.09921534e+01 4.02422970e+01
 3.89925362e+01 3.74928233e+01 3.54932060e+01 3.34935888e+01
 3.09940672e+01 2.84945457e+01 2.59950241e+01 2.29955983e+01
 2.04960767e+01 1.77466030e+01 1.52470815e+01 1.24976078e+01
 1.04979905e+01 8.24842112e+00 6.49875603e+00 4.99904310e+00
 3.74928233e+00 3.24937802e+00 3.24937802e+00 3.49933017e+00
 4.49913879e+00 7.24861250e+00 9.24822974e+00 1.29975121e+01
 1.57469858e+01 2.02461246e+01 2.47452634e+01 2.77446892e+01
 3.19938759e+01 3.57431582e+01 3.74928233e+01 3.89925362e+01
 4.07422013e+01 4.09921534e+01 4.09921534e+01 4.02422970e+01
 3.87425840e+01 3.72428711e+01 3.52432539e+01 3.32436366e+01
 3.07441151e+01 2.84945457e+01 2.57450720e+01 2.29955983e+01
 2.02461246e+01 1.72466987e+01 1.49971293e+01 1.24976078e+01
 1.02480384e+01 7.99846896e+00 6.24880388e+00 4.74909095e+00
 3.74928233e+00 3.24937802e+00 3.24937802e+00 3.74928233e+00
 4.74909095e+00 7.24861250e+00 9.49818190e+00 1.24976078e+01
 1.47471772e+01 1.89963638e+01 2.17458375e+01 2.64949284e+01
 3.14939715e+01 3.59931103e+01 3.84926319e+01 4.22419142e+01
 4.39915793e+01 4.64911009e+01 4.69910052e+01 4.69910052e+01
 4.64911009e+01 4.52413401e+01 4.39915793e+01 4.22419142e+01
 3.99923448e+01 3.77427754e+01 3.49933017e+01 3.24937802e+01
 2.94943543e+01 2.69948328e+01 2.39954069e+01 2.12459332e+01
 1.84964595e+01 1.59969379e+01 1.37473685e+01 1.17477513e+01
 9.74813405e+00 8.49837327e+00 7.74851681e+00 7.24861250e+00
 7.49856465e+00 8.24842112e+00 8.99827759e+00 9.49818190e+00
 9.24822974e+00 9.49818190e+00 1.24976078e+01 1.39973207e+01
 1.82465073e+01 2.07460289e+01 2.59950241e+01 3.17439237e+01
 3.72428711e+01 4.27418185e+01 4.79908138e+01 5.29898569e+01
 5.54893784e+01 5.97385651e+01 6.12382780e+01 6.42377039e+01
 6.47376082e+01]",50.23478100126842,0.02668587905968151,circle,Line of Sight
20.71527487501284,15.5,9,3.7323594122739987,0.14982262676564276,39.8671096345515,299,"[[250.          90.        ]
 [250.04650532  92.99963952]
 [249.67633276  95.97671397]
 [249.6268906   98.97630652]
 [249.05595013 101.92147663]
 [247.98095181 104.72225842]
 [246.43473354 107.29309662]
 [244.46452751 109.55546004]
 [242.13051748 111.44024043]
 [239.50400025 112.88986357]
 [236.66520784 113.86004792]
 [233.70085663 114.32115734]
 [230.7973825  115.07603346]
 [227.9181533  115.91867173]
 [225.22961009 117.24973723]
 [222.35038089 118.0923755 ]
 [219.36841731 118.42084654]
 [216.37480916 118.22511655]
 [213.46100195 117.51116451]
 [210.71600352 116.30079943]
 [208.22366512 114.63099426]
 [206.06012003 112.55275639]
 [204.29145788 110.1295696 ]
 [202.97170587 107.43545479]
 [202.14117835 104.55270887]
 [201.82524538 101.56939086]
 [202.03355774  98.57663194]
 [202.75975214  95.66585168]
 [203.98164556  92.92596547]
 [205.66191293  90.44066839]
 [207.74922724  88.28587862]
 [210.17982748  86.52741836]
 [212.87946628  85.21900315]
 [215.76567798  84.40060105]
 [218.75029771  84.09721173]
 [221.74215451  84.3181028 ]
 [224.64985638  85.05652671]
 [227.44002977  86.15876643]
 [230.1342795   87.478243  ]
 [232.7794469   88.89354842]
 [235.17812142  90.69531437]
 [237.55030101  92.53182301]
 [239.68751341  94.63713135]
 [241.42553185  97.08239041]
 [242.71126524  99.79290505]
 [243.50543838 102.68587741]
 [243.78379171 105.67293606]
 [243.53782241 108.66283558]
 [242.77504407 111.56424372]
 [241.51875723 114.2885314 ]
 [239.80733758 116.75248002]
 [237.69306373 118.88082352]
 [235.24052023 120.60854758]
 [232.52462475 121.88287552]
 [229.62833952 122.66488057]
 [226.64013715 122.93067486]
 [223.65129803 122.6721392 ]
 [220.75312198 121.89717107]
 [218.03413937 120.62944334]
 [215.57740675 118.90768121]
 [213.45796974 116.78447921]
 [211.74057062 114.32469462]
 [210.47767063 111.60346628]
 [209.7078475  108.70391936]
 [209.45461695 105.71462609]
 [209.72571438 102.72690017]
 [210.51285862  99.83200743]
 [211.79200482  97.11837794]
 [213.52407901  94.66890474]
 [215.65617165  92.55841167]
 [218.12315387  90.85136782]
 [220.84966696  89.59991811]
 [223.75242434  88.8422905 ]
 [226.7427557   88.60162815]
 [229.72931562  88.88528258]
 [232.62087389  89.68458901]
 [235.32910231  90.97513109]
 [237.77127282  92.71748673]
 [239.87278465  94.85843233]
 [241.63993821  97.28271949]
 [243.48833158  99.64565029]
 [244.8970881  102.29431129]
 [245.8231746  105.14779404]
 [246.23830199 108.11893342]
 [246.1297894  111.11697028]
 [245.50095156 114.05032382]
 [244.37099753 116.82938911]
 [242.77444393 119.36927426]
 [240.76006055 121.5923936 ]
 [238.38938061 123.43083768]
 [236.37499723 125.65395702]
 [234.77844362 128.19384217]
 [233.64848959 130.97290746]
 [233.01965175 133.906261  ]
 [231.88969772 136.68532629]
 [230.29314412 139.22521144]
 [228.27876074 141.44833078]
 [225.9080808  143.28677486]
 [223.25352127 144.68438486]
 [220.39617078 145.59846811]
 [217.42331259 146.00110216]
 [214.42575837 145.8799878 ]
 [211.49507417 145.2388247 ]
 [208.72078338 144.0971984 ]
 [206.18763204 142.48998209]
 [203.97300012 140.46627127]
 [202.14453782 138.08788408]
 [200.75809904 135.42747292]
 [199.8560352  132.56630518]
 [199.46590159 129.59178072]
 [199.52691527 126.59240123]
 [200.10921343 123.64945563]
 [201.19500866 120.85284183]
 [202.11674717 117.99795162]
 [203.46273481 115.31684788]
 [205.25496653 112.91104126]
 [207.43869518 110.85402177]
 [209.25131483 108.46353856]
 [211.45245209 106.42515813]
 [213.97486899 104.80114674]
 [216.74151344 103.64111293]
 [219.66787299 102.98049216]
 [222.66455635 102.83946437]
 [225.64002407 103.22233752]
 [228.50338477 104.11741602]
 [231.16717159 105.49735796]
 [233.55001404 107.32001038]
 [235.57912362 109.52969686]
 [237.19251729 112.05891826]
 [238.34091081 114.83041466]
 [238.98922432 117.75952538]
 [239.11765382 120.75677509]
 [238.7222762  123.73060705]
 [238.8507057  126.72785677]
 [239.49901921 129.65696749]
 [240.64741274 132.42846389]
 [242.2608064  134.95768529]
 [243.40919992 137.72918169]
 [245.02259359 140.25840309]
 [247.05170317 142.46808957]
 [249.43454562 144.29074199]
 [252.09833244 145.67068393]
 [254.96169314 146.56576243]
 [257.93716086 146.94863558]
 [260.93384422 146.80760779]
 [263.86020377 146.14698702]
 [266.62684822 144.98695321]
 [269.14926512 143.36294182]
 [271.35040238 141.32456139]
 [273.16302203 138.93407818]
 [274.53175413 136.26451409]
 [275.41478812 133.39741608]
 [276.78352022 130.72785199]
 [278.59613988 128.33736878]
 [279.96487198 125.66780468]
 [280.84790597 122.80070668]
 [281.21826788 119.82365578]
 [281.06464429 116.82759173]
 [280.39172794 113.90403506]
 [279.22007434 111.14229144]
 [277.58547391 108.62672362]
 [275.53785866 106.43417447]
 [273.13977693 104.63161961]
 [270.46448274 103.27412155]
 [267.59369809 102.40314767]
 [264.61511662 102.04530354]
 [261.61972482 102.21152021]
 [258.6990227  102.89672025]
 [255.94222871 104.07997293]
 [253.43355443 105.72513352]
 [251.24963213 107.78194741]
 [248.74095784 109.42710799]
 [245.98416385 110.61036067]
 [243.06346173 111.29556072]
 [240.06806993 111.46177738]
 [237.08948846 111.10393326]
 [234.09409666 111.27014992]
 [231.14015631 111.79382573]
 [228.19681419 112.37411635]
 [225.39946042 113.45800373]
 [222.78452472 114.92841568]
 [219.95351745 115.92108776]
 [216.99291718 116.4056969 ]
 [213.99316112 116.36743979]
 [211.0458826  115.80748505]
 [208.2411119  114.74293758]
 [205.66452613 113.20631603]
 [203.39483206 111.24455947]
 [200.81824629 109.70793792]
 [198.01347559 108.64339046]
 [195.06619707 108.08343572]
 [192.06644101 108.0451786 ]
 [189.10584074 108.52978774]
 [186.27483347 109.52245982]
 [183.65989777 110.99287177]
 [181.34091188 112.89610702]
 [179.38871367 115.1740276 ]
 [177.86293679 117.75705004]
 [176.81018904 120.56627095]
 [176.2626286  123.51587729]
 [176.23698178 126.51576767]
 [176.7101343  129.47822048]
 [176.92582068 132.470457  ]
 [177.12022551 135.4641515 ]
 [177.25176853 138.46126619]
 [177.34448296 141.45983318]
 [177.32802235 144.45978803]
 [177.39116942 147.45912336]
 [177.05874131 150.4406484 ]
 [176.58219706 153.40255751]
 [176.01547373 156.34854201]
 [175.04138531 159.18599716]
 [174.05082661 162.01774458]
 [172.85624755 164.76964954]
 [171.29976533 167.33428656]
 [169.60876969 169.8122966 ]
 [167.65536533 172.08918295]
 [165.33537178 173.99118976]
 [162.7196577  175.4602166 ]
 [159.8881251  176.4513892 ]
 [157.08280378 177.51448481]
 [154.13523582 178.072914  ]
 [151.13546037 178.10961847]
 [148.15230708 177.79213387]
 [145.1558643  177.64608373]
 [142.16362601 177.43042187]
 [139.20166496 176.9542006 ]
 [136.23776139 176.49022253]
 [133.28922015 175.93695535]
 [130.48204167 174.87877344]
 [127.73650566 173.66962827]
 [125.24342551 172.00093076]
 [123.07895714 169.9236545 ]
 [121.30921839 167.50125389]
 [119.98826933 164.80772579]
 [119.1564609  161.92534921]
 [118.83920229 158.94217189]
 [119.04618475 155.94932069]
 [119.61297745 153.00334954]
 [119.65819571 150.00369034]
 [119.18045825 147.04197345]
 [118.68581465 144.08303315]
 [118.71390155 141.08316463]
 [119.263861   138.13400465]
 [120.31889341 135.32564096]
 [121.84677079 132.74386043]
 [123.8008212  130.46752851]
 [126.12135441 128.56618014]
 [128.07540482 126.28984822]
 [129.6032822  123.7080677 ]
 [130.65831461 120.89970401]
 [131.20827405 117.95054402]
 [131.23636096 114.9506755 ]
 [130.74171736 111.9917352 ]
 [129.7394531  109.16410964]
 [128.26018426 106.55417406]
 [126.34909795 104.24165398]
 [124.06457198 102.29718976]
 [121.47639158 100.78017881]
 [118.66361771  99.73696113]
 [115.71217194  99.19940381]
 [112.71905498  98.99630074]
 [109.73276564  98.70981169]
 [106.74769757  98.41086576]
 [103.76596607  98.0802947 ]
 [100.80517727  97.59683869]
 [ 97.89182625  96.88102741]
 [ 95.0225776   96.00500675]
 [ 92.2250536   94.92155879]
 [ 89.57206003  93.52097851]
 [ 87.08405628  91.84472156]
 [ 84.63009859  90.11900674]
 [ 82.2034577   88.35508668]
 [ 80.10798705  86.20822787]
 [ 78.34211261  83.78300881]
 [ 76.64964462  81.30600415]
 [ 75.41429315  78.57215947]
 [ 74.57666457  75.69146886]
 [ 74.25338116  72.70893842]
 [ 74.45431823  69.71567527]
 [ 74.40810038  66.7160313 ]
 [ 74.88485087  63.75415538]
 [ 75.21696115  60.77259492]
 [ 76.06311289  57.89439632]
 [ 76.63196772  54.94882266]
 [ 77.64923648  52.1265604 ]
 [ 78.86433032  49.38365191]
 [ 80.31895534  46.75990153]
 [ 81.84324768  44.17600276]
 [ 83.57845834  41.72875043]
 [ 85.38337503  39.33244583]
 [ 87.096074    36.8693863 ]
 [ 88.90037954  34.4726215 ]
 [ 90.9976541   32.3275249 ]
 [ 93.03160165  30.12229081]
 [ 95.03466149  27.88896341]
 [ 97.39596814  26.03849566]
 [100.04339096  24.62741367]
 [102.89605934  23.69882164]
 [105.86683302  23.2810852 ]
 [108.86496402  23.38696491]]","[[250.          90.        ]
 [250.18859533  89.80184271]
 [251.00713929  93.1569897 ]
 [248.8728287   96.51910655]
 [251.58289067 100.39692797]
 [248.00034727 100.02334442]
 [247.04604012 104.78424739]
 [242.94718737 106.96490912]
 [242.59566109 108.457059  ]
 [241.314129   110.9657902 ]
 [240.12144605 114.45363362]
 [236.47240585 115.90974313]
 [232.70306462 114.84842244]
 [232.15258777 115.21705191]
 [226.80290443 114.53608367]
 [224.54302135 117.58002992]
 [220.83595362 117.77861214]
 [219.1295798  119.23211491]
 [216.69679785 118.75817562]
 [212.48025903 117.31674406]
 [211.89196672 118.54094615]
 [206.33506682 116.90187992]
 [208.07893317 113.72472349]
 [204.68814133 109.65868538]
 [205.15873689 110.37584227]
 [204.84363065 106.52536452]
 [202.36131599  99.75691291]
 [202.02687654  99.56134434]
 [200.82720994  96.25853477]
 [204.6264411   93.97002955]
 [203.88573598  89.44811453]
 [207.09457437  86.53117576]
 [212.78887929  85.78355226]
 [213.37292072  84.83114433]
 [218.1408873   86.38114253]
 [219.70032664  80.79194691]
 [221.82019797  85.34363208]
 [226.15579874  84.12966614]
 [230.17304682  84.17811998]
 [229.14198747  88.88081799]
 [232.85302882  91.8971373 ]
 [235.46090021  89.74552324]
 [236.98395576  90.89510383]
 [237.77099316  95.58274858]
 [242.29728057  99.02422864]
 [241.57935656 102.32656623]
 [243.07435682 105.04748982]
 [243.13461294 104.56971112]
 [243.91250046 110.2100152 ]
 [243.01655843 110.68595048]
 [239.50692765 112.18625108]
 [240.56136185 118.23704957]
 [237.44662184 117.26927624]
 [236.55008346 118.68795666]
 [231.4550226  122.8144023 ]
 [226.25312776 123.24443496]
 [225.7676759  123.0945944 ]
 [223.53774574 122.97531079]
 [221.79437989 120.75961644]
 [220.16561241 121.71858403]
 [216.84300575 120.65497718]
 [214.63935207 118.05059723]
 [211.85396103 112.18453384]
 [210.27510298 110.44919432]
 [207.57373485 109.09159855]
 [208.60179276 104.16991943]
 [208.16121276 103.12952579]
 [211.05086654 101.81569364]
 [211.77113282  98.68113758]
 [215.62747625  96.39415319]
 [212.10821579  94.40143725]
 [218.63258389  91.48702485]
 [221.40650809  90.17405386]
 [224.23154567  88.30392053]
 [223.89030275  88.43825606]
 [228.52371785  90.5055277 ]
 [232.18772413  89.80980205]
 [234.05469337  90.20919739]
 [237.75397323  90.48942395]
 [240.32381232  94.69932395]
 [239.86135851  93.6853702 ]
 [244.25790978  99.19927424]
 [244.10207548 101.94007934]
 [248.54788852 105.07309258]
 [246.36823089 105.88832412]
 [248.600798   112.49320226]
 [247.10135386 114.12183292]
 [245.74597971 117.38580936]
 [243.69422754 119.14098482]
 [238.54922863 123.13567513]
 [235.48694115 123.07093267]
 [236.0682135  124.08966681]
 [235.69812833 127.89334762]
 [232.9931871  131.75267006]
 [232.30478319 135.98973096]
 [232.41688034 135.97382681]
 [227.37674665 137.26358165]
 [229.90900691 141.37242469]
 [225.4833932  145.75165228]
 [221.3295474  143.80589816]
 [219.68728927 146.47797403]
 [216.42800979 145.08097539]
 [212.01803427 146.97401191]
 [212.70428321 144.52425957]
 [208.9657933  142.15822922]
 [205.4799123  144.55690851]
 [204.17659622 143.9318165 ]
 [200.96374871 138.9583107 ]
 [200.4648403  136.27619969]
 [199.84521816 131.72450802]
 [198.16447644 134.19083583]
 [199.41089768 123.5674102 ]
 [199.13631252 124.66651522]
 [200.44499601 122.89351114]
 [203.62034458 117.76944367]
 [202.75441089 113.80964637]
 [204.20501671 110.70132665]
 [209.24528961 113.24007295]
 [207.36710773 106.6910141 ]
 [208.79968431 104.97937679]
 [209.31536378 103.0877283 ]
 [218.68688654 103.12260413]
 [220.94974934 102.24703856]
 [225.3055573  103.13829134]
 [225.06702063 107.05097356]
 [228.01667698 102.28558099]
 [231.47003659 105.43910541]
 [235.14950087 105.9375595 ]
 [236.78619902 110.80881956]
 [236.19098635 112.30378427]
 [237.09478288 118.34912677]
 [237.93301498 117.07991371]
 [237.51889679 120.23759318]
 [238.71346216 124.88229076]
 [237.93497573 126.44919583]
 [237.37428516 128.41586415]
 [244.78112407 133.99032868]
 [241.08867033 132.95158943]
 [241.94582568 137.6966454 ]
 [245.07468527 139.14186219]
 [245.12184147 144.60165732]
 [250.1120738  143.72888996]
 [251.76734063 144.87638824]
 [250.55762497 146.73925517]
 [256.33134424 145.44460913]
 [259.97345061 147.90606036]
 [262.10440755 143.99556483]
 [267.58662634 146.11850657]
 [267.71086456 144.20653833]
 [270.91295373 141.77649965]
 [271.27158161 140.18341985]
 [276.33664256 137.22012394]
 [276.25229806 127.73900335]
 [277.17446484 130.68968401]
 [278.37557162 127.39150179]
 [280.04791944 126.28598079]
 [280.45222372 122.10572047]
 [283.06289859 118.16560512]
 [282.60987709 117.09281042]
 [279.18526947 113.46906222]
 [277.84008394 112.15488822]
 [278.10732655 107.79152936]
 [273.88453121 106.88674861]
 [274.57585534 104.46086509]
 [271.09201149 102.71008082]
 [267.6950519  101.9662233 ]
 [265.05617983  99.78064477]
 [262.58601061 101.86662148]
 [259.2369348  102.38625506]
 [256.42277049 102.47112873]
 [255.21728604 103.16981663]
 [249.6907739  108.13544651]
 [250.93522127 109.84429744]
 [245.61230117 108.47272546]
 [242.77654673 111.2657452 ]
 [242.6039229  112.39496522]
 [234.79584915 114.1441019 ]
 [233.50158185 109.95096035]
 [233.35239028 111.71919209]
 [227.64571029 112.70229533]
 [226.66679359 114.94800804]
 [220.72172112 117.92613789]
 [221.37380984 115.35228617]
 [215.7649274  114.95217826]
 [214.17822878 115.39541534]
 [209.89857165 117.02436665]
 [208.78796291 114.15108069]
 [206.76589752 115.25738397]
 [201.75308759 110.33962164]
 [202.23217905 110.78634877]
 [198.35352387 110.38702224]
 [193.43387947 105.86472897]
 [190.76667997 108.22899474]
 [187.91171057 107.79896051]
 [184.81233329 108.59181611]
 [182.15271694 111.54407108]
 [182.53324848 112.17543811]
 [179.07781497 114.30247874]
 [178.65981362 117.89063409]
 [179.20142439 118.9230629 ]
 [176.80638235 124.18186439]
 [175.69632152 127.39106886]
 [174.55235033 132.65642503]
 [174.912754   133.85016789]
 [175.43854149 137.19047605]
 [176.67460749 138.69890055]
 [177.42449859 143.11093433]
 [176.84570118 140.00901246]
 [176.25108123 147.73469184]
 [176.398039   151.59537967]
 [178.10518755 153.18089979]
 [173.78100564 158.42478967]
 [176.66596556 158.73721046]
 [177.21325922 161.49443139]
 [171.15056797 164.53583939]
 [172.9165159  165.9281064 ]
 [172.5356073  168.46750728]
 [169.08699875 172.90587651]
 [165.1042862  175.61198923]
 [160.46995952 177.49657428]
 [159.79259906 175.63773633]
 [158.20656485 179.10433333]
 [155.28992897 181.07216973]
 [152.75654948 180.03487842]
 [147.34251118 177.95191954]
 [146.00033817 177.61947037]
 [142.61607886 178.06957902]
 [140.46803083 176.80178726]
 [135.71306257 175.24774906]
 [131.95162166 177.69563219]
 [130.35525943 176.05919001]
 [125.79045989 170.76237611]
 [123.66978866 173.72087121]
 [124.6810733  170.42171242]
 [120.10596316 167.30504992]
 [119.54162861 164.29026577]
 [115.39735615 160.63845963]
 [118.55403897 161.21681357]
 [119.28729934 158.05065312]
 [119.02241709 152.62431667]
 [113.80906311 150.69868585]
 [120.00110174 149.68761206]
 [117.95567283 144.22426439]
 [117.65560962 139.31877904]
 [118.19419905 137.61650686]
 [122.35205045 135.32895836]
 [120.66095358 132.95667717]
 [124.12717823 129.45318043]
 [127.83620485 125.7336568 ]
 [127.75508787 127.28744732]
 [127.59563342 124.24994832]
 [132.59765419 121.5802109 ]
 [128.67303414 116.85825148]
 [133.08481606 115.39817837]
 [130.72692895 112.65353609]
 [130.82102652 108.10141178]
 [127.82458413 106.76854454]
 [125.53316136 104.04147664]
 [126.01137962 100.84545997]
 [124.36638564 103.59919537]
 [116.09345855  99.52542713]
 [116.22620929  98.05809718]
 [111.60743422  98.6401772 ]
 [110.84153277  97.94281093]
 [109.48773829  98.84582676]
 [103.61210314 100.25418423]
 [101.74459907  98.15076885]
 [ 97.39511567  99.60200583]
 [ 96.24030998  95.69988975]
 [ 89.85925487  95.48098611]
 [ 87.85644989  90.94705958]
 [ 86.66532902  92.26692822]
 [ 86.55382044  90.54268448]
 [ 83.41248699  86.51626262]
 [ 80.07418879  86.39454484]
 [ 79.63548189  83.95709982]
 [ 77.85576306  80.54970528]
 [ 75.95122551  79.19445907]
 [ 72.70200099  75.9547768 ]
 [ 73.77283737  69.8528065 ]
 [ 75.89192825  69.17288725]
 [ 73.1295153   66.15005619]
 [ 75.09215132  66.01601961]
 [ 74.96806134  61.48120617]
 [ 78.12348196  58.69472211]
 [ 78.23481395  54.23405787]
 [ 78.80581047  52.0395964 ]
 [ 80.47594718  47.87831255]
 [ 79.14961871  48.66299889]
 [ 81.54912172  43.63756179]
 [ 83.69481697  40.69450424]
 [ 87.38128708  37.45870185]
 [ 86.870177    37.38981548]
 [ 88.74370894  33.26919018]
 [ 89.69507031  32.96561654]
 [ 91.48588097  31.09165487]
 [ 92.74843894  27.05648877]
 [ 97.45042718  24.16026775]
 [101.02140726  24.59960545]
 [101.34194881  21.42048929]
 [103.51844896  23.35763611]]","[  0.           2.99942586   5.99885172   8.99827759  11.99770345
  14.99712931  17.74660302  20.49607672  23.24555043  25.24516767
  26.99483276  28.99445     30.74411508  32.49378017  35.99311034
  37.74277543  40.99215344  41.99196206  42.74181853  42.99177068
  42.74181853  41.74200991  37.74277543  35.74315819  30.74411508
  24.99521551  18.99636379  12.99751207   7.2486125    1.74966509
 562.39234907 558.14316244 557.14335382 556.64344951 556.64344951
 557.14335382 558.14316244 560.89263614 562.14239692 563.64210985
   1.24976078   2.99942586   4.9990431    7.99846896  10.49799052
  13.49741638  16.49684224  19.74622026  22.99559827  25.99502413
  29.24440215  31.99387586  34.99330172  37.24287112  39.24248836
  41.49205775  42.74181853  43.24172284  43.491675    42.99177068
  42.24191422  38.74258405  36.74296681  31.99387586  26.7448806
  21.49588534  18.49645948  13.24746422   8.24842112   3.74928233
   1.74966509 564.14201416 563.39215769 563.14220554 563.64210985
 564.64191847   1.49971293   2.99942586   5.24899526   7.99846896
  10.24803836  12.99751207  15.74698577  18.74641164  21.49588534
  24.74526336  27.74468922  30.74411508  33.49358879  36.2430625
  39.24248836  42.49186637  45.49129224  48.74067025  51.99004827
  54.98947413  58.23885215  60.98832586  64.23770387  66.73722542
  69.73665129  71.73626853  73.48593361  75.73550301  76.48535947
  76.98526378  76.73531163  75.98545516  72.73607715  70.98641206
  66.48727327  61.73818232  58.73875646  53.4897612   47.99081379
  42.49186637  37.24287112  31.99387586  26.99483276  24.74526336
  20.74602888  19.4962681   18.74641164  18.49645948  18.74641164
  19.4962681   20.74602888  22.49569396  24.99521551  27.49473707
  30.49416293  33.24363663  36.49301465  39.24248836  41.74200991
  43.491675    44.99138793  46.74105301  47.99081379  48.74067025
  49.24057456  48.99062241  48.24076594  46.99100517  45.74124439
  45.24134008  42.74181853  40.24229698  39.49244051  36.49301465
  34.24344525  32.74373232  29.74430646  28.49454569  26.24497629
  23.24555043  22.49569396  19.4962681   17.2466987   16.24689008
  13.99732069  12.2476556   11.49779914  11.24784698  10.74794267
  10.49799052  10.99789483  11.49779914  12.99751207  14.99712931
  17.2466987   19.4962681   21.24593319  22.49569396  23.74545474
  24.24535905  25.24516767  26.49492845  27.99464138  30.99406724
  33.24363663  36.74296681  38.49263189  41.49205775  42.49186637
  42.74181853  42.49186637  41.74200991  41.74200991  41.99196206
  42.74181853  47.49090948  49.49052672  58.98870861  65.48746465
  72.23617284  82.73416335  88.98296723  94.98181895 100.23081421
 104.72995301 105.47980947 106.47961809 109.97894826 110.97875688
 111.72861335 112.72842197 115.72784783 116.72765645 117.97741723
 120.72689093 122.22660387 123.7263168  126.4757905  128.22545559
 130.22507283 132.97454654 135.47406809 138.47349395 141.47291981
 144.47234567 147.22181938 150.4711974  153.47062326 156.47004912
 159.46947498 162.46890084 165.46832671 168.46775257 171.46717843
 174.46660429 177.46603015 180.21550386 183.21492972 185.46449912
 187.71406851 189.96363791 191.46335084 192.46315946 194.96268101
 197.21225041 200.71158058 202.46124567 203.9609586  206.96038446
 207.46028877 207.71024092 207.21033661 207.21033661 207.96019308
 208.9600017  213.70909265 219.20804006 225.20689178 231.45569566
 237.9544517  247.70258575 253.70143747 259.20038488 260.70009782
 264.94928445 265.69914092 266.44899738 269.6983754  270.44823187
 271.19808833 272.19789695 275.19732281 276.44708359 277.94679652
 280.94622238 282.69588747 284.44555255 287.19502626 289.44459566
 292.19406936 294.69359091 297.69301678 300.69244264 303.6918685
 306.69129436 309.69072022 312.44019393 315.68957195 318.43904565
 321.43847152 324.43789738 327.43732324 330.4367491  333.43617496
 336.43560082 339.43502669 342.43445255 345.43387841 348.43330427
 351.43273013 354.43215599 357.1816297  360.18105556 362.68057711
 364.93014651]",44.796965402927185,0.05040841494131527,circle,Vector Field
20.730878879922614,16.0,6,9.35127560662897,0.1539036160475719,37.2093023255814,299,"[[250.          90.        ]
 [250.0601356   92.99939722]
 [249.76404732  95.98475009]
 [249.63848504  98.98212129]
 [248.9929738  101.91185084]
 [247.84723201 104.68444453]
 [246.23625853 107.21520814]
 [244.20926366 109.42683464]
 [241.82816584 111.25176565]
 [239.16570029 112.63425513]
 [236.30319713 113.5320723 ]
 [233.32809703 113.9177916 ]
 [230.43402325 114.70794158]
 [227.56480129 115.58404964]
 [224.89193982 116.9463314 ]
 [222.02271786 117.82243946]
 [219.04478131 118.18561143]
 [216.04909696 118.02475352]
 [213.12717374 117.34477944]
 [210.36826743 116.16646031]
 [207.85665412 114.52579016]
 [205.66905586 112.4728864 ]
 [203.87229705 110.07045892]
 [202.52126313 107.3918945 ]
 [201.65722404 104.51901503]
 [201.30657352 101.53957814]
 [201.48002285  98.54459644]
 [202.17227369  95.62555743]
 [203.36217992  92.87162875]
 [205.01339355  90.36693445]
 [207.07547509  88.18798523]
 [209.4854343   86.40134128]
 [212.16965435  85.06157908]
 [215.04614056  84.20962424]
 [218.02702515  83.87150135]
 [221.02125126  84.05753904]
 [223.93735449  84.76205441]
 [226.68625688  85.9635267 ]
 [229.18398791  87.62525463]
 [231.62258224  89.37261198]
 [233.77075825  91.46673228]
 [235.77319836  93.70061535]
 [237.68680852  96.01104738]
 [239.16892621  98.61936622]
 [240.1742773  101.44589575]
 [240.67215141 104.4042942 ]
 [240.64734001 107.40419159]
 [240.10060102 110.35395031]
 [239.04863563 113.16346429]
 [237.52357815 115.74691154]
 [235.57201438 118.02537568]
 [233.2535586  119.92925666]
 [231.30199483 122.20772081]
 [229.77693735 124.79116805]
 [228.72497196 127.60068204]
 [228.17823297 130.55044075]
 [228.15342157 133.55033815]
 [228.65129568 136.5087366 ]
 [229.65664677 139.33526613]
 [230.15452088 142.29366457]
 [231.15987197 145.1201941 ]
 [232.64198966 147.72851294]
 [234.55559982 150.03894497]
 [236.84224755 151.9809136 ]
 [239.43208279 153.49509767]
 [242.24599406 154.53524352]
 [245.19802502 155.0695779 ]
 [248.19800021 155.08177852]
 [251.15427962 154.57147271]
 [253.97655802 153.55424873]
 [256.57862349 152.06117965]
 [258.88099094 150.13787412]
 [260.81333012 147.84308322]
 [262.31661403 145.24690574]
 [263.58941423 142.53029395]
 [264.64126923 139.72073863]
 [265.18789232 136.77095844]
 [265.30389849 133.77320218]
 [264.92784837 130.79686445]
 [264.45678423 127.83407884]
 [263.47706979 124.99856132]
 [262.36965637 122.21043731]
 [261.76459206 119.27208791]
 [261.68035972 116.27327066]
 [262.11953238 113.30559019]
 [263.06869468 110.4597    ]
 [264.49885263 107.82253329]
 [266.3663193  105.47464738]
 [267.79647724 102.83748068]
 [268.74563954  99.99159049]
 [269.18481221  97.02391002]
 [269.10057987  94.02509277]
 [268.49551556  91.08674337]
 [267.38810214  88.29861936]
 [265.81216767  85.74588934]
 [263.81585211  83.50653136]
 [261.46013675  81.6489509 ]
 [258.81698144  80.22989135]
 [255.96712645  79.29270059]
 [252.99762606  78.86600693]
 [249.99918939  78.96284454]
 [247.06340944  79.58025532]
 [244.27996525  80.69937929]
 [241.73388248  82.28603064]
 [239.50293612  84.29174207]
 [237.6552747   86.65524525]
 [236.24733862  89.30434245]
 [235.32213596  92.1581119 ]
 [234.90792884  95.12937972]
 [235.01737001  98.12738283]
 [234.60316288 101.09865065]
 [233.67796023 103.95242009]
 [232.27002414 106.60151729]
 [230.42236273 108.96502048]
 [228.19141637 110.9707319 ]
 [225.6453336  112.55738326]
 [223.00716897 113.98569954]
 [220.16061676 114.93287455]
 [217.19263037 115.36997503]
 [214.19387266 115.28364888]
 [211.25594645 114.67653311]
 [208.46859633 113.56717324]
 [205.91696728 111.9894568 ]
 [203.6790037  109.99157816]
 [201.12737465 108.41386172]
 [198.34002453 107.30450185]
 [195.40209832 106.69738608]
 [192.40334061 106.61105994]
 [189.43535422 107.04816041]
 [186.58880201 107.99533543]
 [183.95063739 109.42365171]
 [181.60144815 111.28947858]
 [179.61299481 113.53582079]
 [178.04601849 116.09405948]
 [176.94838549 118.88604835]
 [176.35362514 121.82650071]
 [176.27990551 124.82559481]
 [176.72947853 127.79171755]
 [176.93998443 130.78432298]
 [177.10357994 133.77985908]
 [176.96014597 136.77642823]
 [176.78898162 139.77154138]
 [176.55713783 142.76256937]
 [175.8701872  145.68286025]
 [175.31300462 148.63066411]
 [174.36333603 151.47638538]
 [173.44575551 154.33261472]
 [172.21618252 157.06906319]
 [170.71654303 159.66734751]
 [169.08497211 162.18488129]
 [167.10492722 164.43863865]
 [165.10190592 166.67200061]
 [163.28921108 169.06242681]
 [161.08800971 171.10073801]
 [158.56554173 172.72467006]
 [155.79886079 173.88461686]
 [152.96224917 174.86115897]
 [150.12352697 175.83154872]
 [147.15920913 176.29287262]
 [144.15921184 176.29690449]
 [141.1799465  175.9447993 ]
 [138.18370001 175.79477613]
 [135.25647676 175.13799303]
 [132.29108998 174.68359092]
 [129.35481956 174.06851693]
 [126.57048554 172.95160867]
 [124.02314075 171.36698425]
 [121.79059874 169.36304908]
 [119.9410568  167.0010172 ]
 [118.53101273 164.35304142]
 [117.60353905 161.50000925]
 [117.18696722 158.52907204]
 [117.29402222 155.53098278]
 [117.25809461 152.53119792]
 [117.0926721  149.53576216]
 [116.68761685 146.56323289]
 [116.80628972 143.56558102]
 [117.44506563 140.63437558]
 [118.58443194 137.85915588]
 [120.18958452 135.32469633]
 [122.2114909  133.10841688]
 [124.58838805 131.27801804]
 [127.24766909 129.88941286]
 [130.10810117 128.98501896]
 [133.08230689 128.59246278]
 [136.07943342 128.72373572]
 [139.00792776 129.37482778]
 [141.77833344 130.52585011]
 [144.30602307 132.14164251]
 [146.51378353 134.17284751]
 [148.33417453 136.55741804]
 [149.71158873 139.22251281]
 [150.60395035 142.08672138]
 [150.9840005  145.062551  ]
 [150.84012982 148.05909922]
 [150.17673312 150.98483072]
 [149.01407512 153.7503734 ]
 [147.38767144 156.27124847]
 [145.34720371 158.47045092]
 [143.14851441 160.51147159]
 [140.6280484  162.13850911]
 [137.94017207 163.47092077]
 [135.0613652  164.31500075]
 [132.07956648 164.64496501]
 [129.08586069 164.45073415]
 [126.17169632 163.73824132]
 [123.42609212 162.529251  ]
 [120.93291786 160.86069411]
 [118.76833233 158.78353993]
 [116.99845696 156.36123913]
 [115.67735599 153.66778554]
 [114.845385   150.78545588]
 [113.52428403 148.09200229]
 [111.75440866 145.66970149]
 [109.58982313 143.59254731]
 [107.09664887 141.92399042]
 [104.35104467 140.7150001 ]
 [101.4368803  140.00250727]
 [ 98.44317451 139.80827641]
 [ 95.52901014 139.09578359]
 [ 92.78340594 137.88679326]
 [ 90.29023168 136.21823637]
 [ 88.12564615 134.14108219]
 [ 86.35577078 131.71878139]
 [ 85.03466981 129.0253278 ]
 [ 84.20269882 126.14299815]
 [ 83.88527195 123.15983872]
 [ 84.09208562 120.16697585]
 [ 84.8168223  117.25583231]
 [ 86.03734353 114.51533456]
 [ 87.71636614 112.02919637]
 [ 88.93688737 109.28869862]
 [ 89.66162406 106.37755508]
 [ 89.86843773 103.38469222]
 [ 89.55101086 100.40153279]
 [ 88.71903986  97.51920313]
 [ 87.3979389   94.82574954]
 [ 85.62806352  92.40344874]
 [ 83.46347799  90.32629456]
 [ 81.63371008  87.94891168]
 [ 80.24581075  85.28926218]
 [ 78.60257108  82.77932923]
 [ 77.42142911  80.02163026]
 [ 76.73846511  77.10040446]
 [ 76.38058943  74.12182678]
 [ 75.78763532  71.18100964]
 [ 75.71575788  68.18187082]
 [ 75.95095874  65.19110494]
 [ 76.34898702  62.2176266 ]
 [ 76.97046329  59.28270458]
 [ 77.97945909  56.45747406]
 [ 78.51588088  53.5058217 ]
 [ 79.55801634  50.69264668]
 [ 80.46688978  47.83363478]
 [ 81.83409076  45.16328621]
 [ 83.30712705  42.54982794]
 [ 84.99500778  40.06969516]
 [ 86.7553844   37.6404825 ]
 [ 88.44075825  35.15864548]
 [ 89.66828259  32.4212774 ]
 [ 91.35365645  29.93944039]
 [ 93.44539683  27.78894692]
 [ 95.78129344  25.90650515]
 [ 98.40926126  24.45951339]
 [101.24902395  23.49217278]
 [104.21383551  23.03403261]
 [107.21313007  23.09908764]
 [110.15528841  23.68535064]
 [112.95043665  24.77491309]
 [115.51319161  26.33449221]
 [117.80901286  28.26560711]
 [120.40599179  29.76750605]
 [123.2247987   30.79431062]
 [126.16463213  31.3921228 ]
 [129.14394103  31.74385918]
 [132.01650541  32.60894524]
 [134.69457726  33.96095528]
 [137.09634974  35.75858955]
 [139.14845608  37.94693586]
 [140.78821076  40.45914696]
 [141.96552431  43.21848253]
 [142.64443343  46.14065337]
 [143.82174698  48.89998894]
 [145.46150166  51.41220004]
 [147.513608    53.60054634]
 [149.91538048  55.39818061]
 [152.59345233  56.75019065]
 [155.46601671  57.61527672]
 [158.44532561  57.96701309]
 [161.44037032  57.79465531]
 [164.35966143  57.10346837]
 [167.1140236   55.91456591]
 [169.61931952  54.26426524]
 [171.79902014  52.20297796]
 [173.58654229  49.79367006]
 [175.27561955  47.314352  ]
 [177.03755475  44.88626957]
 [179.03452236  42.64749303]
 [181.19702573  40.56817123]
 [183.30979503  38.43833417]
 [185.5600474   36.45430688]]","[[250.          90.        ]
 [250.18859533  89.80184271]
 [251.02076957  93.1567474 ]
 [248.96054326  96.52714267]
 [251.5944851  100.40274274]
 [247.93737095 100.01371864]
 [246.91232031 104.7464335 ]
 [242.74871237 106.88702064]
 [242.34039724 108.32843361]
 [241.01177736 110.77731541]
 [239.78314609 114.19802519]
 [236.11039513 115.58176751]
 [232.33030502 114.44505671]
 [231.78922852 114.84896003]
 [226.44955242 114.20146158]
 [224.20535108 117.27662408]
 [220.50829059 117.5086761 ]
 [218.80594379 118.99687981]
 [216.37108564 118.55781258]
 [212.14643083 117.15035899]
 [211.54423064 118.40660703]
 [205.96805582 116.79667582]
 [207.68786899 113.6448535 ]
 [204.26898049 109.5995747 ]
 [204.70829416 110.33228198]
 [204.35967635 106.49167068]
 [201.84264414  99.72710019]
 [201.47334165  99.52930885]
 [200.2397315   96.21824052]
 [204.00697546  93.91569283]
 [203.2372166   89.37438059]
 [206.42082222  86.43328236]
 [212.09448612  85.65747519]
 [212.66310879  84.67372026]
 [217.42134988  86.19016572]
 [218.97705408  80.56623653]
 [221.09929472  85.08306832]
 [225.44329686  83.83519385]
 [229.41927392  83.98288025]
 [228.19169588  89.02782961]
 [231.69616416  92.37620085]
 [234.05353704  90.51694114]
 [235.2068531   92.06389618]
 [235.77028827  96.95666462]
 [240.04067493 100.56120445]
 [239.04236861 103.97955693]
 [240.24106985 106.76590661]
 [239.99816124 106.30096665]
 [240.47527908 111.90112993]
 [239.29015    112.28517105]
 [235.51174858 113.64463121]
 [236.32603866 119.50994523]
 [233.00711671 118.31770937]
 [232.61155806 120.28712989]
 [228.70733521 125.72269483]
 [225.3497602  128.18023643]
 [227.30577171 130.7143603 ]
 [228.03986928 133.85350974]
 [229.69255358 135.37118197]
 [231.7881198  140.42440681]
 [231.42011987 144.04096054]
 [232.3412543  146.38631212]
 [232.75538008 145.58835216]
 [234.35303217 148.88467301]
 [234.7081349  152.36859279]
 [238.57925861 151.95039102]
 [240.68149244 154.93786914]
 [245.73603294 157.0532641 ]
 [248.1771282  156.64453816]
 [253.25767686 156.29672117]
 [250.42860216 155.39727431]
 [257.0880535  152.69683668]
 [259.43783206 150.71200986]
 [261.29245145 147.30471326]
 [259.46416108 145.08353365]
 [262.38381645 144.15053907]
 [264.20811947 139.84595167]
 [263.91348338 136.00502474]
 [265.2865989  131.54513941]
 [265.37887605 130.63775607]
 [262.67820453 124.23672954]
 [264.24664799 124.55218526]
 [261.57464375 121.85620536]
 [264.48930597 119.19738645]
 [261.81028861 114.04266135]
 [264.59054098 114.68182216]
 [264.66909698 110.5312091 ]
 [265.87383481 108.37895355]
 [267.28610291 105.24635795]
 [265.58564532 104.3807622 ]
 [265.84320009  99.63168549]
 [268.87802847  95.45961981]
 [270.02026457  93.72459822]
 [267.84021307  91.86650597]
 [266.67323358  90.38208932]
 [266.33935029  85.03438986]
 [260.89945465  81.54490156]
 [263.09038292  81.57304481]
 [258.39229384  82.69476877]
 [254.04315258  78.41421389]
 [252.28874455  79.74551285]
 [249.00388659  78.04271776]
 [244.65568535  80.67427943]
 [245.48917429  79.98481417]
 [241.9788924   80.34706146]
 [238.79521638  86.3586685 ]
 [237.85887081  90.12079048]
 [235.0665495   90.17476908]
 [235.02887722  93.00683867]
 [234.8971118   94.28758255]
 [233.71594486 102.72643793]
 [234.48714529  98.07365961]
 [232.70505932 104.96947968]
 [231.52001149 108.6421866 ]
 [231.92596014 108.73651252]
 [227.48309245 109.46353039]
 [224.59538378 110.34766864]
 [224.81376341 116.37175072]
 [218.27640965 113.16035009]
 [214.53986259 113.92419368]
 [209.53436746 113.57023044]
 [213.20131955 114.15802432]
 [209.75047268 112.83371965]
 [208.55796822 112.28828377]
 [203.10600027 113.8202142 ]
 [200.64066687 106.5820267 ]
 [198.64288954 107.24624929]
 [197.00158515 105.3149352 ]
 [193.61041601 107.89018264]
 [188.43382329 107.29302642]
 [185.34267408 111.51404754]
 [182.89442804 108.74404004]
 [180.00269112 110.77029667]
 [179.60418077 114.68750449]
 [177.13028852 115.81539855]
 [174.82365144 117.64494501]
 [180.48733647 123.3883655 ]
 [175.10776945 122.81949895]
 [175.26610429 127.75918126]
 [176.99207612 129.66778208]
 [175.17371824 135.91342684]
 [177.63767415 136.2145762 ]
 [176.45798981 138.97724569]
 [172.15306966 142.93606211]
 [174.26437058 144.17883381]
 [174.35261101 149.72911668]
 [172.60753981 149.32496319]
 [174.40553363 155.46416807]
 [170.77778196 157.91265971]
 [170.27909439 160.11928578]
 [167.19353169 163.43422296]
 [168.90981565 165.3942485 ]
 [165.93941586 161.01358788]
 [163.6801557  169.02425884]
 [160.86744145 170.15487102]
 [158.6485892  173.34284617]
 [155.40317855 173.18963065]
 [154.80687988 173.20310831]
 [151.66875976 176.09676741]
 [145.95275066 175.85789978]
 [142.77922143 177.30950127]
 [141.70179914 175.10960504]
 [136.53037256 176.24735027]
 [136.69255517 174.96723851]
 [132.91861873 174.11955019]
 [129.45617337 173.63159256]
 [127.01154876 170.6869499 ]
 [124.98942654 171.02208553]
 [122.32851085 168.85258389]
 [120.42159858 165.392173  ]
 [120.31474435 161.79772454]
 [116.04468083 161.85350836]
 [119.38123064 158.9462615 ]
 [116.92215954 153.39334757]
 [116.97117962 152.5013824 ]
 [119.62852507 150.46894999]
 [114.39397753 149.60340154]
 [116.2137749  142.24639145]
 [119.65729961 140.55974194]
 [118.03332804 138.18733486]
 [121.45691769 136.81470064]
 [120.1486873  136.10613908]
 [126.00868043 130.70921644]
 [126.01967932 128.43589421]
 [130.29316883 128.01299452]
 [131.93499594 129.80934439]
 [136.62628443 128.13187883]
 [140.10929916 131.42589572]
 [140.13658897 129.62091228]
 [145.71995583 133.22005336]
 [146.85383182 135.91647929]
 [146.70185694 134.33871129]
 [148.41182769 139.40632896]
 [149.40982019 141.35589415]
 [149.52150032 144.13190728]
 [149.332949   148.61029852]
 [151.36906972 150.26416181]
 [148.70317642 152.87882455]
 [148.18454826 156.40483252]
 [147.73843906 156.82724287]
 [143.69226816 161.17745869]
 [140.08738814 163.0138103 ]
 [135.78238809 166.64912532]
 [133.04829852 165.69471164]
 [130.39788246 166.37128955]
 [128.50869965 164.68836851]
 [126.25171195 165.38934246]
 [122.94377095 158.07847543]
 [119.79282968 161.13626259]
 [118.10763002 159.93827121]
 [118.52144745 156.13958141]
 [113.4428879  155.7440332 ]
 [116.46996525 150.33666918]
 [116.68671665 147.5686891 ]
 [110.04872908 145.43589134]
 [111.2065737  142.18636715]
 [110.02348648 140.5792011 ]
 [105.78267809 141.53169366]
 [101.20579471 141.62330674]
 [ 96.19347632 141.84463409]
 [ 95.43348409 138.28213071]
 [ 93.90716701 139.47664178]
 [ 91.44492483 139.2174921 ]
 [ 89.74673526 136.06634214]
 [ 85.54597487 131.87856706]
 [ 85.87914368 128.99871445]
 [ 84.65515167 126.78215529]
 [ 85.15163782 123.00742538]
 [ 83.56738679 118.92450238]
 [ 83.47922381 119.01450915]
 [ 85.9105613  115.69575113]
 [ 85.77032037 109.12194421]
 [ 87.36325052 111.00863907]
 [ 91.26374022 106.87561299]
 [ 88.6651825  103.18848825]
 [ 89.10437014  99.88407277]
 [ 84.95993511  96.23231355]
 [ 87.11277558  97.10039122]
 [ 85.86917811  94.50478117]
 [ 82.87291763  89.94726169]
 [ 75.78457748  88.64390719]
 [ 81.06645424  87.93490078]
 [ 77.87242926  82.92056047]
 [ 76.36313718  78.25724466]
 [ 75.66880316  76.58290667]
 [ 78.41374647  74.12514418]
 [ 74.60181811  71.39382638]
 [ 76.04211491  67.16752274]
 [ 77.66580918  62.35858161]
 [ 76.02867008  63.21522569]
 [ 74.96281451  59.8245852 ]
 [ 79.91879866  57.13798096]
 [ 75.98064096  52.41352916]
 [ 81.40647144  51.14014955]
 [ 80.45210137  48.49543567]
 [ 82.91566418  44.10058835]
 [ 82.87152693  42.76419842]
 [ 84.1790712   39.86951782]
 [ 88.70219204  36.1887527 ]
 [ 91.33075232  37.97766205]
 [ 87.09812344  32.20974341]
 [ 91.8676938   28.79813376]
 [ 92.33377608  27.43282337]
 [ 96.89006057  25.13950439]
 [101.14930198  24.89447439]
 [101.09516103  25.66606231]
 [105.15325731  23.58796277]
 [106.7164195   25.82006606]
 [111.37302079  23.38023364]
 [110.58463792  25.33434041]
 [113.79758147  23.76057328]
 [117.3902856   28.68781377]
 [122.32971364  30.19118378]
 [124.43382799  28.95548656]
 [126.13083386  31.57843978]
 [130.43731031  31.91795019]
 [133.22262384  31.85264637]
 [135.23150962  34.58325488]
 [135.22168615  36.0218975 ]
 [138.66791229  35.09080394]
 [142.22582078  39.91635894]
 [140.68693922  42.65250741]
 [142.85173388  48.40251759]
 [143.57284718  49.60860018]
 [147.52187072  52.21252583]
 [149.11645424  52.88578155]
 [151.07195447  55.31121661]
 [154.20506919  55.2448513 ]
 [154.29668008  59.51837408]
 [158.15119965  57.42857212]
 [161.55672894  56.76040912]
 [166.35757348  55.22972439]
 [166.8881266   56.43499509]
 [169.46264892  53.06083392]
 [170.49643634  52.8410696 ]
 [172.04082161  50.76303412]
 [172.989397    46.48187736]
 [177.09201379  43.00804165]
 [180.01253866  42.61968481]
 [179.64291521  38.28983888]
 [180.96141098  38.51488509]]","[0.00000000e+00 2.99942586e+00 5.99885172e+00 8.99827759e+00
 1.19977034e+01 1.49971293e+01 1.77466030e+01 2.04960767e+01
 2.29955983e+01 2.49952155e+01 2.67448806e+01 2.79946414e+01
 3.04941629e+01 3.22438280e+01 3.57431582e+01 3.77427754e+01
 4.07422013e+01 4.19919621e+01 4.27418185e+01 4.29917707e+01
 4.27418185e+01 4.19919621e+01 3.79927276e+01 3.59931103e+01
 3.07441151e+01 2.52451677e+01 1.92463159e+01 1.32474642e+01
 7.24861250e+00 1.74966509e+00 5.62142397e+02 5.57893210e+02
 5.56893402e+02 5.56393497e+02 5.56143545e+02 5.56643450e+02
 5.57643258e+02 5.60642684e+02 5.62392349e+02 5.64142014e+02
 1.99961724e+00 4.24918664e+00 7.24861250e+00 9.49818190e+00
 1.29975121e+01 1.57469858e+01 1.92463159e+01 2.22457418e+01
 2.57450720e+01 2.89944500e+01 3.19938759e+01 3.52432539e+01
 3.79927276e+01 4.17420099e+01 4.47414358e+01 4.82407659e+01
 5.09902396e+01 5.37397134e+01 5.54893784e+01 5.77389478e+01
 5.92386608e+01 6.04884215e+01 6.09883259e+01 6.12382780e+01
 6.07383737e+01 5.97385651e+01 5.84888043e+01 5.72390435e+01
 5.57393306e+01 5.32398090e+01 5.14901440e+01 4.92405746e+01
 4.64911009e+01 4.49913879e+01 4.19919621e+01 3.99923448e+01
 3.77427754e+01 3.49933017e+01 3.37435409e+01 3.12440194e+01
 2.89944500e+01 2.77446892e+01 2.49952155e+01 2.27456461e+01
 2.02461246e+01 1.72466987e+01 1.52470815e+01 1.27475599e+01
 1.09978948e+01 8.24842112e+00 5.74889957e+00 3.49933017e+00
 4.99904310e-01 5.64142014e+02 5.61642493e+02 5.59642875e+02
 5.58143162e+02 5.56393497e+02 5.55393689e+02 5.54643832e+02
 5.54393880e+02 5.54643832e+02 5.55643641e+02 5.56893402e+02
 5.58643067e+02 5.61642493e+02 5.64142014e+02 2.49952155e+00
 6.49875603e+00 9.49818190e+00 1.34974164e+01 1.64968422e+01
 2.02461246e+01 2.39954069e+01 2.64949284e+01 3.02442108e+01
 3.24937802e+01 3.57431582e+01 3.74928233e+01 3.84926319e+01
 4.12421056e+01 4.14920578e+01 4.12421056e+01 3.79927276e+01
 3.74928233e+01 3.74928233e+01 3.82426797e+01 4.27418185e+01
 4.79908138e+01 5.39896655e+01 6.04884215e+01 7.09864121e+01
 7.77351202e+01 8.79831586e+01 9.39820103e+01 9.94809577e+01
 1.00730719e+02 1.04729953e+02 1.05729762e+02 1.06729570e+02
 1.10728805e+02 1.11728613e+02 1.12978374e+02 1.16727656e+02
 1.17977417e+02 1.21226795e+02 1.22726508e+02 1.24476173e+02
 1.27725551e+02 1.29725169e+02 1.32974547e+02 1.35224116e+02
 1.37973590e+02 1.40223159e+02 1.43222585e+02 1.45722106e+02
 1.48971484e+02 1.51720958e+02 1.54720384e+02 1.57719810e+02
 1.60719236e+02 1.63718662e+02 1.66718087e+02 1.69717513e+02
 1.72716939e+02 1.75716365e+02 1.78715791e+02 1.81715217e+02
 1.84464690e+02 1.86964212e+02 1.89713686e+02 1.91463351e+02
 1.92963064e+02 1.95462585e+02 1.97462203e+02 2.00711581e+02
 2.02461246e+02 2.03960959e+02 2.04710815e+02 2.06960384e+02
 2.06960384e+02 2.04210911e+02 2.02961150e+02 2.01461437e+02
 1.96462394e+02 1.91213399e+02 1.85464499e+02 1.79715600e+02
 1.73716748e+02 1.68217800e+02 1.63218757e+02 1.58719619e+02
 1.57219906e+02 1.56470049e+02 1.55970145e+02 1.56220097e+02
 1.56720001e+02 1.57969762e+02 1.60969188e+02 1.62468901e+02
 1.64468518e+02 1.67717896e+02 1.70217418e+02 1.73716748e+02
 1.76466222e+02 1.79965552e+02 1.83714834e+02 1.86464308e+02
 1.90213590e+02 1.92963064e+02 1.96212442e+02 1.98462011e+02
 2.02211294e+02 2.06210528e+02 2.09209954e+02 2.13209188e+02
 2.15958662e+02 2.19208040e+02 2.21207657e+02 2.24207083e+02
 2.26956557e+02 2.30205935e+02 2.32955409e+02 2.36454739e+02
 2.39454165e+02 2.42703543e+02 2.45952921e+02 2.48702394e+02
 2.51701820e+02 2.53951390e+02 2.55701055e+02 2.58950433e+02
 2.61699906e+02 2.65699141e+02 2.69948328e+02 2.72947753e+02
 2.76697036e+02 2.79196557e+02 2.82445935e+02 2.84695505e+02
 2.87944883e+02 2.90444404e+02 2.93443830e+02 2.96443256e+02
 2.99692634e+02 3.02442108e+02 3.05441534e+02 3.08690912e+02
 3.11440385e+02 3.14689763e+02 3.17689189e+02 3.20688615e+02
 3.23688041e+02 3.26437515e+02 3.29436940e+02 3.32436366e+02
 3.35435792e+02 3.38435218e+02 3.41434644e+02 3.44434070e+02
 3.47433496e+02 3.50432922e+02 3.53182395e+02 3.56181821e+02
 3.58931295e+02 3.61680768e+02 3.63930338e+02 3.66179907e+02
 3.67929572e+02 3.68929381e+02 3.69679237e+02 3.72178759e+02
 3.73928424e+02 3.77677706e+02 3.80177228e+02 3.83926510e+02
 3.85676175e+02 3.87175888e+02 3.90425266e+02 3.90925171e+02
 3.91175123e+02 3.90675218e+02 3.90675218e+02 3.91425075e+02
 3.95924214e+02 3.97673879e+02 4.03172826e+02 4.13170912e+02
 4.19669668e+02 4.26418377e+02 4.36416463e+02 4.42665267e+02
 4.48164214e+02 4.52913305e+02 4.53663162e+02 4.54413018e+02
 4.55412827e+02 4.58912157e+02 4.60161918e+02 4.61411678e+02
 4.64661056e+02]",46.017181198224,0.04481244514643774,circle,Nonlinear Stabilization
25.588184803333395,19.5,6,19.86565118818124,0.13490090164218624,30.89700996677741,299,"[[250.          90.        ]
 [249.38420854  92.93612004]
 [248.82013689  95.88261341]
 [247.7516721   98.68589416]
 [246.21145246 101.2603307 ]
 [244.24652697 103.52728191]
 [241.91691803 105.41749941]
 [239.29378803 106.87324287]
 [236.45726553 107.85004381]
 [233.49399755 108.31806398]
 [230.5282907  108.77037237]
 [227.66655984 109.67064815]
 [224.93545388 110.91204263]
 [222.23782683 112.22460056]
 [219.77578754 113.93876582]
 [217.05290199 115.19808876]
 [214.15234596 115.96410096]
 [211.1627225  116.21340309]
 [208.1753554  115.93837973]
 [205.28149955 115.14743202]
 [202.56955332 113.86472096]
 [199.67569746 113.07377325]
 [196.68833037 112.79874989]
 [193.69870691 113.04805202]
 [190.79815087 113.81406421]
 [188.07526532 115.07338716]
 [185.61322603 116.78755242]
 [183.48724072 118.90419752]
 [181.7622517  121.35866546]
 [180.49095208 124.07597981]
 [179.71217614 126.97313497]
 [179.4497131  129.96163178]
 [179.37929018 132.9608051 ]
 [179.09847526 135.94763334]
 [178.43164129 138.87258334]
 [177.85685299 141.81700491]
 [176.9078713  144.66295532]
 [175.83781319 147.46562827]
 [174.67627306 150.23164066]
 [173.21377727 152.85101197]
 [171.32296003 155.18013415]
 [169.48207008 157.54891532]
 [167.47097203 159.7750071 ]
 [165.11819142 161.63630326]
 [162.57358352 163.22531888]
 [159.87416323 164.53418483]
 [157.09154987 165.65537299]
 [154.34913711 166.87158526]
 [151.44901444 167.63923654]
 [148.55457173 168.42803398]
 [145.61812262 169.04225429]
 [142.61958249 169.13583366]
 [139.62663632 169.34143821]
 [136.6284249  169.44501572]
 [133.65797286 169.02499825]
 [130.80601837 168.09421602]
 [128.15967985 166.68110157]
 [125.7997948  164.8288212 ]
 [123.79845046 162.59395637]
 [122.21678172 160.04477533]
 [121.1031037  157.2591477 ]
 [120.49143583 154.32216584]
 [120.31139724 151.32757303]
 [119.87810998 148.35902757]
 [119.96828843 145.36038324]
 [120.57917793 142.42323938]
 [121.69211768 139.63731671]
 [123.27311079 137.08771659]
 [125.27386279 134.85232146]
 [127.63325687 132.99941574]
 [130.2792208  131.58560003]
 [132.63861488 129.73269431]
 [134.63936689 127.49729918]
 [136.22036    124.94769906]
 [137.33329974 122.16177639]
 [137.94418924 119.22463253]
 [138.0343677  116.2259882 ]
 [137.60108043 113.25744274]
 [136.65756304 110.40967608]
 [135.23263708 107.76967873]
 [133.36982965 105.41809448]
 [131.12604378 103.426757  ]
 [128.56982023 101.85649551]
 [125.77924375 100.75527667]
 [122.83955787 100.15673933]
 [119.87085237  99.72454998]
 [116.94076182  99.08067937]
 [114.03497836  98.33474206]
 [111.20311269  97.34452146]
 [108.46095434  96.1277357 ]
 [105.8396959   94.66862494]
 [103.30232744  93.06807464]
 [100.83185567  91.36608485]
 [ 98.49746852  89.48177154]
 [ 96.36748673  87.36914816]
 [ 94.25031773  85.24368458]
 [ 92.53554574  82.78206783]
 [ 90.88625749  80.27610528]
 [ 89.52285018  77.60381778]
 [ 88.53966475  74.76950192]
 [ 87.64302264  71.90663047]
 [ 87.07962144  68.96000883]
 [ 86.82974778  65.97043308]
 [ 86.49289141  62.98940511]
 [ 86.62053617  59.99212187]
 [ 86.86940941  57.00246267]
 [ 87.07510205  54.00952255]
 [ 87.78187859  51.09396653]
 [ 88.56832639  48.19888452]
 [ 89.6553738   45.40275721]
 [ 90.65828928  42.57536255]
 [ 92.13815918  39.96576775]
 [ 93.65860496  37.37960367]
 [ 95.18708723  34.7981812 ]
 [ 96.85246009  32.30287897]
 [ 98.91351332  30.12295704]
 [101.32262928  28.33517621]
 [104.00621689  26.99414768]
 [106.88230081  26.14083573]
 [109.86302553  25.80130642]
 [112.85733908  25.98593133]
 [115.7737744   26.68907073]
 [118.52324337  27.88924588]
 [121.35140004  28.89001051]
 [124.21747768  29.77635072]
 [127.13217267  30.48666972]
 [129.87867787  31.6936118 ]
 [132.37309599  33.36030861]
 [134.53923023  35.43584769]
 [136.31091186  37.85682769]
 [137.63402147  40.54929514]
 [138.46814211  43.43100345]
 [138.78779398  46.41392528]
 [139.62191463  49.29563359]
 [140.94502423  51.98810104]
 [142.71670586  54.40908105]
 [144.88284011  56.48462012]
 [147.37725822  58.15131693]
 [150.12376342  59.35825902]
 [153.03845842  60.06857802]
 [156.03230825  60.26057587]
 [159.01386002  59.92838763]
 [161.89203651  59.08216063]
 [164.57891826  57.7477445 ]
 [166.99242933  55.96590154]
 [169.05884437  53.79106157]
 [170.95624805  51.46730184]
 [172.94978135  49.22546666]
 [175.03905046  47.0725722 ]
 [177.3085304   45.11056792]
 [179.62200778  43.20064058]
 [182.10216441  41.51279489]
 [184.82212096  40.24715814]
 [187.52314562  38.94160623]
 [190.29874637  37.8031685 ]
 [193.14889954  36.86688493]
 [196.06587749  36.16600006]
 [199.05103044  35.86790297]
 [202.04885706  35.75372942]
 [205.04876611  35.77708898]
 [208.04772508  35.85611493]
 [210.9871205   36.45607705]
 [213.92809023  37.04827386]
 [216.72103489  38.14347253]
 [219.39837291  39.49693517]
 [222.01258012  40.96864189]
 [224.40142716  42.78341731]
 [226.73899942  44.66377789]
 [228.94084322  46.7013951 ]
 [230.97989073  48.90191442]
 [232.72198622  51.34427051]
 [234.78198651  53.52518748]
 [236.43080808  56.0314571 ]
 [237.97871662  58.60127794]
 [239.47204393  61.20319522]
 [240.489548    64.02537265]
 [241.95669414  66.64214208]
 [242.98991693  69.45860274]
 [243.6699177   72.38051974]
 [244.77917769  75.16790961]
 [245.63149786  78.04428759]
 [246.97160097  80.72833746]
 [247.82392115  83.60471544]
 [249.01760563  86.35700855]
 [249.7138618   89.2750948 ]
 [250.90754629  92.0273879 ]
 [251.60380245  94.94547415]
 [251.78136182  97.94021499]
 [251.43480049 100.92013029]
 [250.57470484 103.79419283]
 [249.22734816 106.47460884]
 [247.43388803 108.87949985]
 [245.24910916 110.93540386]
 [242.7397498  112.57951931]
 [239.98246317 113.76162354]
 [237.06147588 114.44560691]
 [234.0660151  114.61057583]
 [231.1225546  115.19026564]
 [228.25393611 116.06834761]
 [225.42649517 117.07113261]
 [222.46764602 117.56632113]
 [219.46777238 117.5387867 ]
 [216.51851116 116.98937039]
 [213.70995322 115.9348552 ]
 [211.12789135 114.40745331]
 [208.85119961 112.45382216]
 [206.94942391 110.13363915]
 [204.67273216 108.18000799]
 [202.0906703  106.65260611]
 [199.28211236 105.59809091]
 [196.33285114 105.04867461]
 [193.3329775  105.02114017]
 [190.37412834 105.5163287 ]
 [187.54668741 106.51911369]
 [184.93702431 107.99886317]
 [182.62485622 109.91037533]
 [180.68081276 112.19525936]
 [179.16427848 114.78371909]
 [178.12157883 117.59668504]
 [177.58456508 120.54822976]
 [177.56964134 123.54819264]
 [177.5022008  126.54743451]
 [177.32696567 129.54231224]
 [176.88429474 132.50947291]
 [176.45794448 135.47902262]
 [175.73833874 138.39143872]
 [174.90451802 141.27323383]
 [173.96433104 144.12210175]
 [172.85170478 146.90814963]
 [171.35549726 149.50841175]
 [169.70347106 152.01257017]
 [168.03502617 154.50581939]
 [165.95796923 156.67049823]
 [163.73326893 158.68313545]
 [161.48093131 160.66479516]
 [159.02984586 162.3945871 ]
 [156.45096878 163.92736008]
 [153.64461183 164.98771882]
 [150.76856752 165.84116425]
 [147.89860654 166.71484841]
 [144.92036429 167.07550483]
 [141.92143449 167.15563005]
 [138.92585269 167.3183866 ]
 [135.92791939 167.42972366]
 [132.93661096 167.20152668]
 [129.95223116 166.89578619]
 [127.06666508 166.07511062]
 [124.36805788 164.76456906]
 [121.9388437  163.00419454]
 [119.85322756 160.84776107]
 [118.17491861 158.36114106]
 [116.95518403 155.6202931 ]
 [116.23128295 152.70894165]
 [116.02532832 149.71601955]
 [116.34361142 146.73295136]
 [117.17640969 143.85086062]
 [118.49828369 141.15778633]
 [120.26885426 138.73599363]
 [122.4340359  136.65946083]
 [124.92768898 134.99161962]
 [127.67364007 133.7834174 ]
 [130.58800883 133.07176105]
 [133.58177025 132.87838947]
 [136.56347413 133.20920957]
 [139.44203861 134.05411581]
 [142.12953239 135.38729891]
 [144.54386081 137.16803423]
 [146.61127358 139.34192577]
 [148.26861758 141.84256786]
 [149.46526607 144.59357357]
 [150.16466512 147.51090813]
 [150.34545023 150.50545597]
 [150.00209899 153.48574286]
 [149.1450997  156.3607302 ]
 [147.80063107 159.04259599]
 [146.00976247 161.44941747]
 [143.82719943 163.50767367]
 [141.31961252 165.15449118]
 [138.56360082 166.3395648 ]
 [135.64335199 167.02669418]
 [132.64807065 167.19488963]
 [129.66925343 166.8390133 ]
 [126.79789402 165.96993612]
 [124.12170362 164.61420571]
 [121.72243161 162.81323548]
 [119.67336835 160.6220395 ]
 [118.03710644 158.10755209]
 [116.86362862 155.34658309]
 [116.18878105 152.42347161]
 [115.92039966 149.43550049]
 [116.17634746 146.44643864]
 [116.94880605 143.54759271]
 [118.21417919 140.82751352]
 [119.93381362 138.36929111]
 [122.05517981 136.24801661]
 [124.51347655 134.52848843]
 [127.23361043 133.26323287]
 [130.13248975 132.49089958]
 [133.12156266 132.23508098]
 [136.10952218 132.50359152]
 [139.00509534 133.28822905]]","[[250.          90.        ]
 [250.18859533  89.80184271]
 [250.34484252  93.09347021]
 [248.01663283  96.42500599]
 [249.70767216 100.1065156 ]
 [245.15584961  99.36219849]
 [243.31161527 103.58927088]
 [238.42937187 105.08931191]
 [237.42492161 105.77484184]
 [235.64087705 107.37559358]
 [234.11144335 109.88183403]
 [230.3354887  110.82006757]
 [226.66876783 110.19791325]
 [226.29065915 111.05306108]
 [221.12257796 110.8420125 ]
 [219.08919881 114.2690585 ]
 [215.53847472 114.8843254 ]
 [213.91350844 116.77536934]
 [211.48471118 116.74646215]
 [207.19461249 115.74395928]
 [206.45746275 117.38757874]
 [200.68095502 116.13560662]
 [201.6945106  114.24574035]
 [197.08501381 112.32786567]
 [195.88573793 115.9884395 ]
 [193.50060318 115.78671986]
 [188.61133594 113.26090921]
 [185.60654483 117.77226482]
 [181.55469853 119.49688061]
 [182.40704724 122.40272955]
 [178.71477513 123.08342595]
 [179.05752327 125.21843211]
 [182.05876491 129.21776568]
 [179.87274463 132.57294628]
 [181.47368458 137.92817483]
 [179.38167022 135.56731851]
 [177.93489645 142.8425342 ]
 [178.41381366 143.73609476]
 [178.57083024 145.48498182]
 [173.68398103 151.63421564]
 [173.28735919 155.85460084]
 [171.60573882 154.23034302]
 [168.91572483 155.91219614]
 [165.55445178 160.72062434]
 [165.98994014 163.57814149]
 [161.44167483 165.75898006]
 [159.44308167 166.89579725]
 [156.4423711  164.55214805]
 [154.72381517 168.41876489]
 [151.69052881 166.76094331]
 [146.54274216 166.32575365]
 [146.37214689 170.52682384]
 [142.3731406  167.52428637]
 [140.93619955 167.42084729]
 [135.55882276 170.3765425 ]
 [130.2827611  169.60455264]
 [129.93355711 168.25813556]
 [128.04612756 166.98427316]
 [126.84105271 163.69126657]
 [125.92992349 163.68309705]
 [123.48238071 161.7920713 ]
 [122.28448603 158.52526572]
 [120.60482625 152.18200507]
 [120.10882959 150.17330107]
 [117.74399733 148.74670676]
 [119.11546425 143.81567658]
 [119.01467631 142.825865  ]
 [122.2301256  141.62100292]
 [123.25223879 138.65047623]
 [127.37726003 136.57756991]
 [124.08530101 134.84244132]
 [130.78865081 132.22125705]
 [133.19545601 130.30683006]
 [135.11848822 126.95892921]
 [133.36790705 124.78432696]
 [136.12770197 123.78202151]
 [137.51103948 119.34984557]
 [136.75995876 115.4600545 ]
 [137.58378084 111.02937996]
 [137.10859071 110.2505677 ]
 [133.45405737 104.17232943]
 [134.13940785 104.97171843]
 [130.33103116 103.07252506]
 [131.29453414 101.78179406]
 [125.90917264  98.52466737]
 [125.31056647 101.5329713 ]
 [121.47125467  99.79605908]
 [118.315744    99.63709962]
 [114.95476197  98.10645262]
 [108.99228077  98.88780298]
 [105.55851488  95.7678307 ]
 [105.53291217  93.10433473]
 [104.22201214  92.76758009]
 [100.17655318  92.14584744]
 [ 97.78259996  91.5652415 ]
 [ 96.89466934  86.65764868]
 [ 91.33392026  83.28205478]
 [ 94.16579191  82.70616173]
 [ 90.46156989  82.7409827 ]
 [ 87.59887632  76.72533108]
 [ 87.83078323  75.64900784]
 [ 86.64771984  70.9865037 ]
 [ 84.67189734  70.05403294]
 [ 88.03895682  65.25586796]
 [ 86.73790133  61.05043592]
 [ 85.91281644  62.0590483 ]
 [ 87.07300551  60.4680079 ]
 [ 85.89431294  54.87994918]
 [ 87.48861985  51.9426933 ]
 [ 88.55750935  47.35708735]
 [ 88.35394865  50.00181232]
 [ 90.54227169  39.55037152]
 [ 91.16525827  40.98282734]
 [ 92.90859231  39.42027297]
 [ 96.69068464  34.56967325]
 [ 96.14413618  30.79567746]
 [ 97.86356351  27.91324243]
 [103.12922371  30.72122739]
 [102.12200978  25.22162321]
 [104.22953302  24.69505438]
 [105.20352032  24.08788798]
 [114.80271218  25.46742253]
 [117.05565075  25.95561714]
 [121.16424431  28.18807286]
 [120.7783966   32.71864655]
 [123.73076989  27.94451569]
 [127.43503768  30.42841716]
 [131.4781647   30.31116092]
 [133.58017139  34.63943132]
 [133.53769929  35.68071369]
 [135.06478393  41.3755398 ]
 [136.57781212  39.86968348]
 [136.86938508  42.91182153]
 [138.77897994  47.56560899]
 [138.70618466  49.01697265]
 [138.82029018  50.7469977 ]
 [146.8504172   55.97094583]
 [143.71070404  54.47852426]
 [145.91388398  58.11878064]
 [150.1758551   58.24171811]
 [151.10859672  62.20214577]
 [156.70983643  59.69872384]
 [158.68286821  59.13409194]
 [157.48796834  59.25565337]
 [162.97310165  56.24371805]
 [166.03203572  57.06435411]
 [167.30304816  51.63963938]
 [171.91602616  52.5988552 ]
 [171.51138079  50.06906318]
 [174.60160182  47.52451046]
 [175.41708998  46.35990959]
 [181.42689621  44.15625044]
 [182.93967435  35.85438215]
 [185.21306558  40.20899016]
 [187.30257736  37.99573925]
 [190.38179383  38.4213446 ]
 [192.7532173   36.17189872]
 [197.91050821  34.5079494 ]
 [200.59626324  36.13312167]
 [200.84239859  35.31875658]
 [203.66877571  36.78968575]
 [208.56957772  35.02092067]
 [209.33379305  36.90865119]
 [215.36416864  36.87751933]
 [217.34856364  37.57943181]
 [219.49972672  39.0600108 ]
 [222.45364333  38.70398313]
 [225.36771295  42.43851858]
 [227.27691153  44.1533127 ]
 [229.421385    45.09255089]
 [232.76362235  46.34659753]
 [231.163128    51.69776962]
 [236.97624994  53.94237693]
 [236.05894539  53.89382189]
 [237.69180162  58.57146243]
 [242.0078969   62.13638305]
 [238.19590869  67.0655413 ]
 [241.36417933  65.3229525 ]
 [245.20215091  69.3839691 ]
 [243.1188138   72.70869872]
 [246.04651086  76.65791392]
 [243.56869426  81.0420098 ]
 [248.39189335  80.15953586]
 [246.59593137  82.1511968 ]
 [249.20267329  85.38498411]
 [248.56655085  90.4919764 ]
 [251.4543973   91.43553102]
 [252.70517385  96.99654209]
 [250.13961735  97.03527716]
 [252.84873325 101.99854114]
 [250.91475313 105.53782462]
 [247.59503056 104.25590209]
 [246.134127   109.063316  ]
 [244.054979   110.20457662]
 [241.27724962 111.64887559]
 [238.47528234 114.31282285]
 [238.25381248 113.724938  ]
 [233.75511641 113.73902697]
 [231.91943142 115.3238497 ]
 [230.64517146 114.42513956]
 [225.97024892 117.73711971]
 [221.92698576 118.44162232]
 [217.3099884  120.71699124]
 [214.50544448 118.36908128]
 [212.0282692  117.66117975]
 [210.55073031 114.64508767]
 [208.93121524 114.1049233 ]
 [206.46710273 105.68286359]
 [203.53264398 108.45557648]
 [201.42996799 107.80733738]
 [200.80510285 105.3764332 ]
 [194.09838305 107.12492228]
 [194.95755775 104.57235347]
 [193.53656096 104.99301551]
 [185.84100783 106.28530354]
 [186.55377488 106.592683  ]
 [185.55169384 108.565586  ]
 [182.11244618 113.01195292]
 [178.93319289 116.40451856]
 [175.87188065 119.63304272]
 [177.48903904 119.73457688]
 [178.69340241 125.13804116]
 [178.65689394 129.54669024]
 [178.94805479 131.46757219]
 [176.07449883 132.66925858]
 [177.30241835 135.45240926]
 [176.19079159 139.03059587]
 [176.1708839  141.12082049]
 [173.43963222 142.87962827]
 [171.51410629 148.66682647]
 [171.22871503 150.68882832]
 [167.75742529 149.10531801]
 [166.46138932 156.22575984]
 [167.56008539 157.16855614]
 [162.53001371 158.48693148]
 [161.03429059 160.14733514]
 [155.27074111 161.10769752]
 [156.16580547 166.20200176]
 [153.88572642 167.08905125]
 [150.17800715 165.46213138]
 [142.04947395 167.40984392]
 [145.74100778 169.72114343]
 [141.19129267 167.29686129]
 [137.86756076 165.55400101]
 [134.85825744 166.91222587]
 [134.969768   167.20484408]
 [128.76641395 167.10860294]
 [127.39302212 165.06076253]
 [126.08290832 161.93204572]
 [121.61852676 164.00179363]
 [117.84557878 161.38964169]
 [120.11425819 159.04164795]
 [114.41994411 154.52800055]
 [118.07973805 153.15644452]
 [116.01053991 150.37782045]
 [117.42518485 145.6702535 ]
 [116.74080957 144.06523109]
 [117.68234711 140.95760899]
 [122.2156619  137.28426383]
 [125.32402996 139.4784774 ]
 [122.35752982 134.78008562]
 [128.18767743 132.64211077]
 [129.47638807 132.71563751]
 [134.69053738 132.11138871]
 [139.30351485 133.64417058]
 [139.28817568 136.22800534]
 [143.06895418 135.94122907]
 [144.04715024 139.88901265]
 [147.82900596 139.03680877]
 [145.90281886 142.40199517]
 [147.74965593 142.01965464]
 [149.74593786 147.93311479]
 [152.26917208 150.92913371]
 [151.21112828 151.6469188 ]
 [149.11130143 156.54704718]
 [149.09400035 159.216687  ]
 [147.21588091 160.6931186 ]
 [144.36413179 164.12997327]
 [139.44494893 165.41779912]
 [138.08305703 163.48343288]
 [137.08096201 166.48390616]
 [131.36948557 166.62891452]
 [129.87655389 169.10087753]
 [126.54899422 166.67854737]
 [126.18207269 165.41453151]
 [123.32527784 162.09847069]
 [120.82994234 160.5350755 ]
 [119.64872329 156.60221274]
 [115.69429199 157.24968045]
 [115.89465509 151.88503064]
 [116.03675828 148.4012543 ]
 [118.17425951 144.57269466]
 [116.72290905 144.06802189]
 [118.05750858 139.6240822 ]
 [118.63122983 139.00738274]
 [120.50945914 137.21738067]
 [122.227254   133.69601379]
 [127.28806947 131.38500495]
 [131.11050605 132.46309136]
 [131.56745214 129.95674863]
 [133.76113812 132.58014244]]","[  0.           2.99942586   5.99885172   8.74832543  11.74775129
  14.24727284  16.49684224  18.99636379  20.49607672  21.7458375
  23.74545474  25.49511982  27.49473707  30.99406724  34.99330172
  37.24287112  40.99215344  42.74181853  43.74162715  44.49148362
  47.24095732  47.99081379  49.24057456  54.23961767  59.73856508
  65.7374168   71.98622068  78.23502456  87.73320646  93.48210602
  98.73110128 100.23081421 104.48000085 105.72976163 109.97894826
 111.47866119 115.22794352 117.22756076 118.97722585 122.72650818
 126.4757905  128.7253599  132.22469007 134.72421162 138.47349395
 141.22296766 144.97224998 147.72172369 151.22105386 154.72038403
 157.46985774 160.96918791 163.96861377 167.21799179 170.21741765
 173.46679567 176.46622153 179.9655517  183.21492972 185.71445127
 188.96382929 190.96344653 192.71311162 195.96248963 197.46220256
 198.71196334 201.21148489 201.46143705 201.46143705 198.46201118
 197.21225041 196.21244179 195.96248963 196.21244179 196.96229825
 197.96210687 203.21110213 209.20995386 219.20804006 225.95674825
 236.45473877 242.9534948  249.20229868 254.70124609 259.45033704
 260.45014566 264.6993323  266.19904523 270.19827971 271.69799264
 275.69722712 277.44689221 281.44612669 283.19579178 286.94507411
 288.94469135 292.69397367 294.94354307 298.6928254  301.19234695
 304.94162928 307.69110298 311.19043315 314.68976333 317.43923703
 320.9385672  323.93799307 327.18737108 330.18679695 333.68612712
 336.43560082 339.934931   343.18430901 346.18373487 349.43311289
 352.43253875 355.68191677 358.68134263 361.68076849 364.18029004
 367.17971591 369.17933315 370.67904608 373.42851979 375.42813703
 378.9274672  380.67713228 383.9265103  384.92631892 385.67617539
 385.67617539 385.17627108 384.42641461 380.92708444 380.92708444
 384.67636677 385.67617539 390.67521849 396.67407021 402.92287409
 413.42086461 420.1695728  430.66756331 436.91636719 442.4153146
 447.41435771 448.66411848 452.91330512 454.1630659  458.41225253
 459.66201331 461.4116784  465.66086503 469.41014736 471.4097646
 475.15904693 477.15866417 480.9079465  483.15751589 486.90679822
 489.15636762 492.90564994 495.4051715  498.90450167 501.65397537
 505.15330555 508.65263572 511.65206158 515.15139175 518.15081761
 521.40019563 524.39962149 527.89895166 530.64842537 534.14775554
 537.39713356 540.39655942 543.64593744 546.6453633  549.89474132
 552.89416718 555.89359304 558.8930189  561.64249261 564.64191847
   1.99961724   4.9990431    7.74851681  10.74794267  13.49741638
  16.49684224  19.24631595  21.7458375   23.99540689  25.99502413
  27.49473707  29.24440215  30.74411508  32.49378017  35.74315819
  37.24287112  38.49263189  40.99215344  41.2421056   40.99215344
  37.99272758  36.74296681  35.74315819  32.74373232  32.74373232
  36.2430625   37.49282327  42.74181853  48.4907181   54.98947413
  65.48746465  72.23617284  82.4842112   88.73301508  94.23196249
  98.98105344 100.48076637 104.97990516 106.47961809 110.72880473
 112.22851766 116.4777043  117.97741723 121.97665171 123.97626895
 127.72555128 129.72516852 133.47445085 135.9739724  139.47330257
 141.97282412 145.72210645 149.47138878 152.22086248 155.72019265
 158.46966636 162.21894869 164.96842239 168.46775257 171.96708274
 174.71655645 178.21588662 181.21531248 184.71464265 187.46411636
 190.71349437 193.21301593 196.21244179 198.21205903 200.96153274
 201.96134136 202.71119782 202.96114998 202.46124567 201.7113892
 197.96210687 195.96248963 191.21339869 185.96440343 180.21550386
 174.71655645 169.21760903 164.21856593 161.96899653 157.96976205
 156.72000128 155.97014481 155.97014481 156.22009696 156.96995343
 158.46966636 161.21914007 163.21875731 166.21818317 168.96765688
 172.21703489 175.21646076 178.46583877 181.46526463 184.96459481
 187.71406851 190.96344653 193.46296808 196.46239394 198.46201118
 201.21148489 202.46124567 203.21110213 203.46105429 202.96114998
 202.21129351 198.71196334 196.7123461  191.96325515 186.71425989
 180.96536032]",40.33536959101369,0.05792581081082339,circle,Proposed AI
18.960344313331134,11.5,9,3.8609393792192055,0.15969400771402908,38.53820598006645,299,"[[ 0.00000000e+00  0.00000000e+00]
 [ 2.99993483e+00  1.97748235e-02]
 [ 5.99988268e+00  2.08588131e-03]
 [ 8.99939046e+00 -5.22559024e-02]
 [ 1.19962838e+01 -1.88747796e-01]
 [ 1.49890801e+01  1.90282532e-02]
 [ 1.79890691e+01  1.09119057e-02]
 [ 2.09889013e+01  4.26393009e-02]
 [ 2.39870304e+01  1.48573492e-01]
 [ 2.69868543e+01  1.81073283e-01]
 [ 2.99817577e+01  6.27766731e-03]
 [ 3.29747192e+01 -1.99103946e-01]
 [ 3.59745400e+01 -2.31892884e-01]
 [ 3.89745262e+01 -2.22781262e-01]
 [ 4.19702087e+01 -6.18893061e-02]
 [ 4.49700884e+01 -8.87586790e-02]
 [ 4.79698192e+01 -4.85694851e-02]
 [ 5.09688514e+01 -1.24766464e-01]
 [ 5.39685728e+01 -1.65647586e-01]
 [ 5.69683569e+01 -1.29657973e-01]
 [ 5.99610124e+01 -3.39451133e-01]
 [ 6.29547843e+01 -5.32659984e-01]
 [ 6.59541046e+01 -5.96520007e-01]
 [ 6.89521946e+01 -4.89487955e-01]
 [ 7.18858584e+01  1.37901229e-01]
 [ 7.46654813e+01  1.26648273e+00]
 [ 7.75991450e+01  1.89387192e+00]
 [ 8.03787680e+01  3.02245342e+00]
 [ 8.29194413e+01  4.61775256e+00]
 [ 8.56990642e+01  5.74633406e+00]
 [ 8.86327279e+01  6.37372325e+00]
 [ 9.16308180e+01  6.48075530e+00]
 [ 9.46017520e+01  6.06416072e+00]
 [ 9.74547771e+01  5.13666520e+00]
 [ 1.00102742e+02  3.72660086e+00]
 [ 1.02464760e+02  1.87704083e+00]
 [ 1.04468678e+02 -3.55516526e-01]
 [ 1.06830696e+02 -2.20507656e+00]
 [ 1.08834614e+02 -4.43763391e+00]
 [ 1.10419219e+02 -6.98499083e+00]
 [ 1.11536106e+02 -9.76933340e+00]
 [ 1.12151157e+02 -1.27056085e+01]
 [ 1.12245585e+02 -1.57041220e+01]
 [ 1.11816506e+02 -1.86732786e+01]
 [ 1.10877025e+02 -2.15223796e+01]
 [ 1.09455842e+02 -2.41643937e+01]
 [ 1.07596369e+02 -2.65186157e+01]
 [ 1.05355408e+02 -2.85131311e+01]
 [ 1.02801412e+02 -3.00870138e+01]
 [ 1.00012399e+02 -3.11921865e+01]
 [ 9.70735646e+01 -3.17948894e+01]
 [ 9.40746806e+01 -3.18767120e+01]
 [ 9.11073540e+01 -3.14351548e+01]
 [ 8.82622275e+01 -3.04837059e+01]
 [ 8.56262108e+01 -2.90514293e+01]
 [ 8.32798263e+01 -2.71820766e+01]
 [ 8.11809373e+01 -2.50385596e+01]
 [ 7.92314723e+01 -2.27582995e+01]
 [ 7.73519229e+01 -2.04200750e+01]
 [ 7.50939768e+01 -1.84448081e+01]
 [ 7.25266073e+01 -1.68928371e+01]
 [ 6.97282396e+01 -1.58115700e+01]
 [ 6.71608701e+01 -1.42595991e+01]
 [ 6.49029240e+01 -1.22843322e+01]
 [ 6.30233746e+01 -9.94610763e+00]
 [ 6.15796363e+01 -7.31635102e+00]
 [ 6.06158110e+01 -4.47539332e+00]
 [ 6.01613404e+01 -1.51001703e+00]
 [ 6.02301073e+01  1.48919471e+00]
 [ 6.08200111e+01  4.43062524e+00]
 [ 6.19130320e+01  7.22442289e+00]
 [ 6.34757816e+01  9.78524575e+00]
 [ 6.54605227e+01  1.20348686e+01]
 [ 6.78066276e+01  1.39045723e+01]
 [ 7.04424299e+01  1.53372432e+01]
 [ 7.32874141e+01  1.62891176e+01]
 [ 7.62546747e+01  1.67311187e+01]
 [ 7.90996588e+01  1.76829931e+01]
 [ 8.17354612e+01  1.91156640e+01]
 [ 8.45804454e+01  2.00675385e+01]
 [ 8.75477059e+01  2.05095396e+01]
 [ 9.05466021e+01  2.04281656e+01]
 [ 9.34855269e+01  1.98259022e+01]
 [ 9.62747052e+01  1.87211468e+01]
 [ 9.88289361e+01  1.71476462e+01]
 [ 1.01070196e+02  1.51534660e+01]
 [ 1.02930021e+02  1.27995223e+01]
 [ 1.04351599e+02  1.01577207e+01]
 [ 1.05291506e+02  7.30876031e+00]
 [ 1.05721030e+02  4.33966798e+00]
 [ 1.05627050e+02  1.34114037e+00]
 [ 1.05012438e+02 -1.59522674e+00]
 [ 1.03895967e+02 -4.37973635e+00]
 [ 1.02311743e+02 -6.92733028e+00]
 [ 1.00308159e+02 -9.16018738e+00]
 [ 9.79464183e+01 -1.10101007e+01]
 [ 9.52986643e+01 -1.24205612e+01]
 [ 9.24457780e+01 -1.33484835e+01]
 [ 8.94749064e+01 -1.37655224e+01]
 [ 8.64768003e+01 -1.36589389e+01]
 [ 8.35430428e+01 -1.30319886e+01]
 [ 8.07632510e+01 -1.19038229e+01]
 [ 7.78294935e+01 -1.12768725e+01]
 [ 7.48313874e+01 -1.11702890e+01]
 [ 7.18605157e+01 -1.15873280e+01]
 [ 6.90076295e+01 -1.25152503e+01]
 [ 6.63598754e+01 -1.39257107e+01]
 [ 6.39981344e+01 -1.57756240e+01]
 [ 6.19945503e+01 -1.80084811e+01]
 [ 6.04103265e+01 -2.05560751e+01]
 [ 5.92938561e+01 -2.33405847e+01]
 [ 5.86792438e+01 -2.62769518e+01]
 [ 5.85852642e+01 -2.92754794e+01]
 [ 5.90147880e+01 -3.22445717e+01]
 [ 5.99546947e+01 -3.50935321e+01]
 [ 6.13762729e+01 -3.77353337e+01]
 [ 6.32360979e+01 -4.00892774e+01]
 [ 6.54773577e+01 -4.20834576e+01]
 [ 6.80315886e+01 -4.36569582e+01]
 [ 7.08207669e+01 -4.47617137e+01]
 [ 7.37596917e+01 -4.53639770e+01]
 [ 7.67585878e+01 -4.54453510e+01]
 [ 7.97258484e+01 -4.50033499e+01]
 [ 8.25708326e+01 -4.40514755e+01]
 [ 8.52066349e+01 -4.26188045e+01]
 [ 8.75527398e+01 -4.07491008e+01]
 [ 8.95374809e+01 -3.84994780e+01]
 [ 9.13452165e+01 -3.61052993e+01]
 [ 9.27084957e+01 -3.34329464e+01]
 [ 9.35856745e+01 -3.05640516e+01]
 [ 9.39499579e+01 -2.75862508e+01]
 [ 9.37902180e+01 -2.45905066e+01]
 [ 9.31113345e+01 -2.16683299e+01]
 [ 9.19340451e+01 -1.89089840e+01]
 [ 9.02943125e+01 -1.63967585e+01]
 [ 8.84089390e+01 -1.40632275e+01]
 [ 8.66622812e+01 -1.16241321e+01]
 [ 8.52042374e+01 -9.00228001e+00]
 [ 8.42249488e+01 -6.16661540e+00]
 [ 8.34076621e+01 -3.28008765e+00]
 [ 8.31054261e+01 -2.95350903e-01]
 [ 8.30073893e+01  2.70304680e+00]
 [ 8.23888045e+01  5.63857959e+00]
 [ 8.22907677e+01  8.63697729e+00]
 [ 8.16721828e+01  1.15725101e+01]
 [ 8.05519457e+01  1.43555065e+01]
 [ 7.99333608e+01  1.72910392e+01]
 [ 7.88131237e+01  2.00740356e+01]
 [ 7.81945388e+01  2.30095684e+01]
 [ 7.80965020e+01  2.60079661e+01]
 [ 7.85220080e+01  2.89776369e+01]
 [ 7.94580589e+01  3.18278665e+01]
 [ 7.98835649e+01  3.47975373e+01]
 [ 8.08196158e+01  3.76477669e+01]
 [ 8.22376182e+01  4.02914895e+01]
 [ 8.40942563e+01  4.26479476e+01]
 [ 8.63328157e+01  4.46451586e+01]
 [ 8.88849152e+01  4.62221139e+01]
 [ 9.16725961e+01  4.73306424e+01]
 [ 9.46107033e+01  4.79368818e+01]
 [ 9.76094866e+01  4.80223135e+01]
 [ 1.00577343e+02  4.75843277e+01]
 [ 1.03423612e+02  4.66363037e+01]
 [ 1.06061351e+02  4.52072006e+01]
 [ 1.08409983e+02  4.33406731e+01]
 [ 1.10397766e+02  4.10937379e+01]
 [ 1.11963980e+02  3.85350319e+01]
 [ 1.13060780e+02  3.57427158e+01]
 [ 1.13654663e+02  3.28020861e+01]
 [ 1.13727488e+02  2.98029702e+01]
 [ 1.13277030e+02  2.68369817e+01]
 [ 1.12317050e+02  2.39947224e+01]
 [ 1.10876871e+02  2.13630147e+01]
 [ 1.09000487e+02  1.90222491e+01]
 [ 1.06745216e+02  1.70439288e+01]
 [ 1.04179949e+02  1.54884854e+01]
 [ 1.01431880e+02  1.42851072e+01]
 [ 9.89353022e+01  1.26216477e+01]
 [ 9.64840073e+01  1.08921526e+01]
 [ 9.43712713e+01  8.76228247e+00]
 [ 9.26282157e+01  6.32061150e+00]
 [ 9.13311843e+01  3.61548499e+00]
 [ 9.05249475e+01  7.25851397e-01]
 [ 8.92279161e+01 -1.97927511e+00]
 [ 8.74797103e+01 -4.41726125e+00]
 [ 8.53337324e+01 -6.51363404e+00]
 [ 8.28555354e+01 -8.20435575e+00]
 [ 8.01208207e+01 -9.43778003e+00]
 [ 7.76426238e+01 -1.11285017e+01]
 [ 7.54966459e+01 -1.32248745e+01]
 [ 7.37484401e+01 -1.56628607e+01]
 [ 7.24514086e+01 -1.83679872e+01]
 [ 7.16451719e+01 -2.12576208e+01]
 [ 7.13543579e+01 -2.42434920e+01]
 [ 7.15878501e+01 -2.72343918e+01]
 [ 7.23385161e+01 -3.01389573e+01]
 [ 7.35834253e+01 -3.28684629e+01]
 [ 7.52845495e+01 -3.53395308e+01]
 [ 7.73899248e+01 -3.74766773e+01]
 [ 7.98352382e+01 -3.92146192e+01]
 [ 8.25457931e+01 -4.05002677e+01]
 [ 8.54387903e+01 -4.12943503e+01]
 [ 8.84258577e+01 -4.15726101e+01]
 [ 9.14157495e+01 -4.13265472e+01]
 [ 9.43171338e+01 -4.05636781e+01]
 [ 9.70413821e+01 -3.93073060e+01]
 [ 9.95052772e+01 -3.75958092e+01]
 [ 1.01633555e+02 -3.54814687e+01]
 [ 1.03361202e+02 -3.30288711e+01]
 [ 1.04635445e+02 -3.03129358e+01]
 [ 1.05417359e+02 -2.74166261e+01]
 [ 1.05683060e+02 -2.44284154e+01]
 [ 1.05424431e+02 -2.14395844e+01]
 [ 1.04649372e+02 -1.85414326e+01]
 [ 1.03381559e+02 -1.58224896e+01]
 [ 1.01659720e+02 -1.33658109e+01]
 [ 9.95364516e+01 -1.12464404e+01]
 [ 9.72686098e+01 -9.28254281e+00]
 [ 9.53773364e+01 -6.95379106e+00]
 [ 9.39204038e+01 -4.33132131e+00]
 [ 9.29423170e+01 -1.49524193e+00]
 [ 9.14853845e+01  1.12722782e+00]
 [ 8.95941110e+01  3.45597957e+00]
 [ 8.73262693e+01  5.41987712e+00]
 [ 8.47511347e+01  6.95892945e+00]
 [ 8.19473698e+01  8.02612325e+00]
 [ 7.90006211e+01  8.58885902e+00]
 [ 7.60009024e+01  8.62994693e+00]
 [ 7.30541536e+01  9.19268270e+00]
 [ 7.02503888e+01  1.02598765e+01]
 [ 6.73036400e+01  1.08226123e+01]
 [ 6.43039214e+01  1.08637002e+01]
 [ 6.13428651e+01  1.03818851e+01]
 [ 5.85109223e+01  9.39188502e+00]
 [ 5.58946002e+01  7.92394139e+00]
 [ 5.35738193e+01  6.02289537e+00]
 [ 5.16194723e+01  3.74681805e+00]
 [ 5.00912586e+01  1.16523660e+00]
 [ 4.90358603e+01 -1.64298961e+00]
 [ 4.84855166e+01 -4.59207791e+00]
 [ 4.84570389e+01 -7.59194275e+00]
 [ 4.89512970e+01 -1.05509475e+01]
 [ 4.99531928e+01 -1.33787036e+01]
 [ 5.14321216e+01 -1.59888319e+01]
 [ 5.33429066e+01 -1.83016009e+01]
 [ 5.56271793e+01 -2.02463628e+01]
 [ 5.82151620e+01 -2.17637109e+01]
 [ 6.10277999e+01 -2.28072950e+01]
 [ 6.39791756e+01 -2.33452369e+01]
 [ 6.69791337e+01 -2.33611039e+01]
 [ 6.99360346e+01 -2.28544116e+01]
 [ 7.27595541e+01 -2.18406376e+01]
 [ 7.53634424e+01 -2.03507498e+01]
 [ 7.81869619e+01 -1.93369759e+01]
 [ 8.11438628e+01 -1.88302835e+01]
 [ 8.39673823e+01 -1.78165096e+01]
 [ 8.65712706e+01 -1.63266218e+01]
 [ 8.88759869e+01 -1.44061315e+01]
 [ 9.08111292e+01 -1.21137040e+01]
 [ 9.23175850e+01 -9.51936570e+00]
 [ 9.33493365e+01 -6.70236574e+00]
 [ 9.38748670e+01 -3.74875479e+00]
 [ 9.38781231e+01 -7.48756554e-01]
 [ 9.35767684e+01  2.23606929e+00]
 [ 9.27603339e+01  5.12283821e+00]
 [ 9.14537593e+01  7.82336828e+00]
 [ 8.96969563e+01  1.02551666e+01]
 [ 8.75435899e+01  1.23439493e+01]
 [ 8.50594388e+01  1.40259104e+01]
 [ 8.23203861e+01  1.52496713e+01]
 [ 7.94101016e+01  1.59778497e+01]
 [ 7.66710489e+01  1.72016105e+01]
 [ 7.41868978e+01  1.88835717e+01]
 [ 7.20335314e+01  2.09723543e+01]
 [ 7.02767284e+01  2.34041527e+01]
 [ 6.89701538e+01  2.61046828e+01]
 [ 6.81537193e+01  2.89914517e+01]
 [ 6.78523646e+01  3.19762775e+01]
 [ 6.80752950e+01  3.49679831e+01]
 [ 6.88157009e+01  3.78751809e+01]
 [ 7.00509649e+01  4.06090651e+01]
 [ 7.17433537e+01  4.30861238e+01]
 [ 7.38411700e+01  4.52306907e+01]
 [ 7.62803318e+01  4.69772557e+01]
 [ 7.89863305e+01  4.82724667e+01]
 [ 8.18765059e+01  4.90767590e+01]
 [ 8.48625721e+01  4.93655638e+01]
 [ 8.78533141e+01  4.91300592e+01]
 [ 9.07573738e+01  4.83774390e+01]
 [ 9.34860412e+01  4.71306936e+01]
 [ 9.59559639e+01  4.54279070e+01]
 [ 9.80916933e+01  4.33210943e+01]
 [ 9.98279895e+01  4.08746120e+01]
 [ 1.01640510e+02  3.84840538e+01]
 [ 1.03462674e+02  3.61008374e+01]
 [ 1.04842069e+02  3.34367675e+01]
 [ 1.05736560e+02  3.05732232e+01]
 [ 1.06118823e+02  2.75976770e+01]
 [ 1.05977180e+02  2.46010226e+01]
 [ 1.05315959e+02  2.16747987e+01]
 [ 1.04155357e+02  1.89083923e+01]]","[[ 0.00000000e+00  0.00000000e+00]
 [ 1.88595332e-01 -1.98157295e-01]
 [ 3.96056880e+00  1.77124999e-01]
 [ 5.19637862e+00  5.44478464e-01]
 [ 1.09553905e+01  1.36836554e+00]
 [ 1.09406810e+01 -2.08688000e+00]
 [ 1.40541684e+01  8.10172223e-02]
 [ 1.45015229e+01 -3.17275590e-01]
 [ 1.91200349e+01 -1.05576173e+00]
 [ 2.31706419e+01 -3.25876742e-01]
 [ 2.76043001e+01  1.74484334e+00]
 [ 2.97889558e+01  2.05597287e+00]
 [ 3.19769272e+01  3.28161159e-01]
 [ 3.73297453e+01 -9.08744374e-02]
 [ 3.78592773e+01 -1.60536933e+00]
 [ 4.12836200e+01  2.68403379e-01]
 [ 4.34556611e+01 -4.02522041e-01]
 [ 4.77309817e+01  7.62698892e-01]
 [ 5.12908400e+01  4.08292599e-01]
 [ 5.29878299e+01 -3.60068037e-01]
 [ 5.81443201e+01  2.11048874e+00]
 [ 5.80724141e+01  1.93143453e+00]
 [ 6.49735975e+01  6.39307117e-01]
 [ 6.63507880e+01 -1.06740423e+00]
 [ 7.11392257e+01  2.45089952e+00]
 [ 7.45883107e+01  2.11055688e+00]
 [ 7.52015519e+01 -5.45995214e-01]
 [ 7.75924638e+01  2.87858432e+00]
 [ 7.84462258e+01  3.61513651e+00]
 [ 8.35642368e+01  5.66181664e+00]
 [ 8.39228873e+01  4.75378021e+00]
 [ 8.79780751e+01  4.61902039e+00]
 [ 9.42398698e+01  5.73688921e+00]
 [ 9.50952065e+01  5.67630190e+00]
 [ 9.98299864e+01  7.11720668e+00]
 [ 1.01052771e+02  4.21336035e-01]
 [ 1.02542803e+02  2.90257011e+00]
 [ 1.05974620e+02 -1.28237709e+00]
 [ 1.09563713e+02 -4.18572301e+00]
 [ 1.07842322e+02 -3.03505893e+00]
 [ 1.10492801e+02 -3.98140195e+00]
 [ 1.11818884e+02 -1.07191245e+01]
 [ 1.11584812e+02 -1.43423277e+01]
 [ 1.10329065e+02 -1.47585048e+01]
 [ 1.12688254e+02 -1.67314404e+01]
 [ 1.09745116e+02 -1.89887184e+01]
 [ 1.09024760e+02 -2.18027813e+01]
 [ 1.06947190e+02 -2.76218406e+01]
 [ 1.05730086e+02 -2.69659515e+01]
 [ 1.03042927e+02 -3.09653070e+01]
 [ 9.80005697e+01 -3.32944668e+01]
 [ 9.78275889e+01 -3.03103199e+01]
 [ 9.38282387e+01 -3.34882593e+01]
 [ 9.24169172e+01 -3.33557457e+01]
 [ 8.71926253e+01 -2.95521792e+01]
 [ 8.22509991e+01 -2.84718749e+01]
 [ 8.24073650e+01 -2.70181571e+01]
 [ 8.10673850e+01 -2.47353881e+01]
 [ 8.02727302e+01 -2.38958541e+01]
 [ 7.94833959e+01 -1.93309343e+01]
 [ 7.63595758e+01 -1.66975121e+01]
 [ 7.37079896e+01 -1.56267191e+01]
 [ 6.98416300e+01 -1.79517308e+01]
 [ 6.69583025e+01 -1.54138710e+01]
 [ 6.27688114e+01 -1.18966530e+01]
 [ 6.21705504e+01 -1.14908143e+01]
 [ 6.00151347e+01 -6.91372540e+00]
 [ 6.11538189e+01 -2.49170711e+00]
 [ 6.01404684e+01  5.27426041e-02]
 [ 6.23335046e+01  3.21444317e+00]
 [ 5.72720553e+01  6.27365082e+00]
 [ 6.24224620e+01  7.86007992e+00]
 [ 6.40326227e+01  1.03593815e+01]
 [ 6.59396440e+01  1.14964986e+01]
 [ 6.49541746e+01  1.37412002e+01]
 [ 6.92368322e+01  1.69574883e+01]
 [ 7.28542644e+01  1.64143306e+01]
 [ 7.49802657e+01  1.59651850e+01]
 [ 7.90823593e+01  1.54549304e+01]
 [ 8.21864889e+01  1.89565557e+01]
 [ 8.28018657e+01  1.64701892e+01]
 [ 8.83172841e+01  2.00631635e+01]
 [ 8.97515895e+01  2.00739336e+01]
 [ 9.62102408e+01  1.97512008e+01]
 [ 9.64046341e+01  1.64905375e+01]
 [ 1.01299945e+02  1.85238782e+01]
 [ 1.02670598e+02  1.52249751e+01]
 [ 1.04305003e+02  1.33559425e+01]
 [ 1.05271383e+02  9.92943129e+00]
 [ 1.03080674e+02  8.85204183e+00]
 [ 1.02818590e+02  3.97976297e+00]
 [ 1.05320266e+02 -2.23149846e-01]
 [ 1.05932122e+02 -1.89572129e+00]
 [ 1.03240665e+02 -3.59997376e+00]
 [ 1.01596875e+02 -4.84386032e+00]
 [ 1.00835342e+02 -9.87168686e+00]
 [ 9.50300209e+01 -1.29717305e+01]
 [ 9.69289105e+01 -1.24964672e+01]
 [ 9.20210904e+01 -1.08836060e+01]
 [ 8.75509325e+01 -1.46440091e+01]
 [ 8.57679188e+01 -1.27794330e+01]
 [ 8.25477400e+01 -1.39521153e+01]
 [ 7.83555269e+01 -1.08097988e+01]
 [ 7.90387025e+01 -1.19914377e+01]
 [ 7.50763973e+01 -1.31092582e+01]
 [ 7.11527960e+01 -9.52040153e+00]
 [ 6.92112256e+01 -9.04970503e+00]
 [ 6.51790863e+01 -1.30552841e+01]
 [ 6.37048757e+01 -1.49268973e+01]
 [ 6.19837333e+01 -1.88502783e+01]
 [ 5.91089013e+01 -1.59570200e+01]
 [ 5.91778385e+01 -2.63655757e+01]
 [ 5.77063429e+01 -2.52598922e+01]
 [ 5.78352515e+01 -2.72348101e+01]
 [ 6.05183855e+01 -3.24730797e+01]
 [ 5.92463708e+01 -3.66007337e+01]
 [ 6.03263231e+01 -3.99450483e+01]
 [ 6.50426923e+01 -3.77032262e+01]
 [ 6.35931505e+01 -4.38559821e+01]
 [ 6.53788208e+01 -4.51027396e+01]
 [ 6.61612617e+01 -4.64751321e+01]
 [ 7.57050648e+01 -4.58824858e+01]
 [ 7.80404642e+01 -4.61788046e+01]
 [ 8.23668493e+01 -4.47045229e+01]
 [ 8.19978291e+01 -4.02228394e+01]
 [ 8.47199271e+01 -4.44506396e+01]
 [ 8.78556048e+01 -4.08073534e+01]
 [ 9.11369677e+01 -3.98819289e+01]
 [ 9.25522919e+01 -3.48261766e+01]
 [ 9.17069648e+01 -3.31880804e+01]
 [ 9.23395466e+01 -2.70453395e+01]
 [ 9.28937486e+01 -2.82658625e+01]
 [ 9.21914610e+01 -2.51096885e+01]
 [ 9.31025205e+01 -2.05166461e+01]
 [ 9.10183152e+01 -1.91876449e+01]
 [ 8.81695784e+01 -1.76378618e+01]
 [ 9.25426504e+01 -1.25013627e+01]
 [ 8.54901451e+01 -1.36302280e+01]
 [ 8.37408632e+01 -9.03481630e+00]
 [ 8.42770405e+01 -7.28315630e+00]
 [ 8.14778004e+01 -1.14651989e+00]
 [ 8.37829543e+01 -8.57202932e-01]
 [ 8.26763975e+01  1.90875111e+00]
 [ 7.79847363e+01  5.81207233e+00]
 [ 8.06849510e+01  7.13295084e+00]
 [ 8.07117892e+01  1.26709627e+01]
 [ 7.87961495e+01  1.22040843e+01]
 [ 8.08931389e+01  1.84225926e+01]
 [ 7.73747232e+01  2.09176321e+01]
 [ 7.77570902e+01  2.34615067e+01]
 [ 7.62050616e+01  2.72573078e+01]
 [ 8.03268965e+01  2.99332468e+01]
 [ 8.02955689e+01  2.61694538e+01]
 [ 8.02745096e+01  3.47593693e+01]
 [ 8.05990476e+01  3.67018999e+01]
 [ 8.23206656e+01  4.09096656e+01]
 [ 8.36985741e+01  4.19529614e+01]
 [ 8.81774464e+01  4.29871080e+01]
 [ 9.04301480e+01  4.64873326e+01]
 [ 9.04661377e+01  4.68956695e+01]
 [ 9.32307129e+01  4.89494786e+01]
 [ 9.81313393e+01  4.71871192e+01]
 [ 9.89240151e+01  4.80369019e+01]
 [ 1.04859690e+02  4.64655492e+01]
 [ 1.06688879e+02  4.46431599e+01]
 [ 1.08511337e+02  4.29037487e+01]
 [ 1.10838830e+02  3.88290791e+01]
 [ 1.12930265e+02  3.81901332e+01]
 [ 1.13598692e+02  3.52322506e+01]
 [ 1.14135205e+02  3.11932419e+01]
 [ 1.15511220e+02  2.72476533e+01]
 [ 1.11718172e+02  2.71904808e+01]
 [ 1.14511313e+02  2.44119119e+01]
 [ 1.10505009e+02  1.92253795e+01]
 [ 1.08713572e+02  1.89924336e+01]
 [ 1.09281069e+02  1.79771166e+01]
 [ 1.01886310e+02  1.85286540e+01]
 [ 1.00839366e+02  1.29659177e+01]
 [ 1.01147536e+02  1.25470141e+01]
 [ 9.59329034e+01  1.12203316e+01]
 [ 9.56386045e+01  1.02522868e+01]
 [ 9.05654121e+01  9.31833371e+00]
 [ 9.27514766e+01  3.04668340e+00]
 [ 8.92969577e+01 -7.27667249e-01]
 [ 8.94129837e+01 -2.95129956e+00]
 [ 8.63323993e+01 -3.20037964e+00]
 [ 8.58805834e+01 -7.10549093e+00]
 [ 8.39569068e+01 -6.15328781e+00]
 [ 7.84790762e+01 -1.03427179e+01]
 [ 7.90565565e+01 -1.00500909e+01]
 [ 7.58366942e+01 -1.14812428e+01]
 [ 7.21161225e+01 -1.78815674e+01]
 [ 7.11516476e+01 -1.81841710e+01]
 [ 7.04510417e+01 -2.19884480e+01]
 [ 6.98918577e+01 -2.51741358e+01]
 [ 7.00806693e+01 -2.66831925e+01]
 [ 7.35308527e+01 -3.08596262e+01]
 [ 7.32725266e+01 -3.37400118e+01]
 [ 7.60814264e+01 -3.52059467e+01]
 [ 7.97811601e+01 -3.91198853e+01]
 [ 8.03789920e+01 -3.85486321e+01]
 [ 8.20051329e+01 -3.96249665e+01]
 [ 8.32810064e+01 -3.81161457e+01]
 [ 8.64127910e+01 -4.01928992e+01]
 [ 8.97340655e+01 -3.96002227e+01]
 [ 9.37399727e+01 -4.03260437e+01]
 [ 9.71213978e+01 -3.76562048e+01]
 [ 9.90229560e+01 -4.20465848e+01]
 [ 1.00493466e+02 -3.52059002e+01]
 [ 1.02700499e+02 -3.18741399e+01]
 [ 1.06158435e+02 -3.05345935e+01]
 [ 1.03182891e+02 -2.53403784e+01]
 [ 1.07307640e+02 -2.48772021e+01]
 [ 1.08586863e+02 -2.19628975e+01]
 [ 1.02943692e+02 -1.87752427e+01]
 [ 1.04998310e+02 -1.72286698e+01]
 [ 1.04586558e+02 -1.47106002e+01]
 [ 1.00968085e+02 -1.04297468e+01]
 [ 9.70375242e+01 -7.66174334e+00]
 [ 9.31276382e+01 -4.91743338e+00]
 [ 9.38248778e+01 -5.14497418e+00]
 [ 9.40660781e+01  9.46065858e-02]
 [ 9.26400776e+01  4.12648355e+00]
 [ 9.12152002e+01  5.38123952e+00]
 [ 8.65164733e+01  5.57966279e+00]
 [ 8.55956086e+01  6.93231610e+00]
 [ 8.23998227e+01  8.66528040e+00]
 [ 8.02669869e+01  8.43644568e+00]
 [ 7.54762036e+01  7.38747345e+00]
 [ 7.17165552e+01  1.09513595e+01]
 [ 7.01236065e+01  1.14402931e+01]
 [ 6.53575942e+01  7.91536011e+00]
 [ 6.27302845e+01  1.25836406e+01]
 [ 6.29449813e+01  1.08799430e+01]
 [ 5.73076671e+01  9.19568106e+00]
 [ 5.54479595e+01  7.40648137e+00]
 [ 4.98147145e+01  4.73600579e+00]
 [ 5.13343090e+01  6.02145974e+00]
 [ 5.03323732e+01  3.26656903e+00]
 [ 4.84452999e+01 -2.02202248e+00]
 [ 4.26363840e+01 -3.89708241e+00]
 [ 4.92776824e+01 -4.94630414e+00]
 [ 4.82211552e+01 -1.04097162e+01]
 [ 4.88949009e+01 -1.51430892e+01]
 [ 5.03624597e+01 -1.65063297e+01]
 [ 5.53760637e+01 -1.82982835e+01]
 [ 5.44413620e+01 -2.00335460e+01]
 [ 5.85415190e+01 -2.27780590e+01]
 [ 6.27426504e+01 -2.56398184e+01]
 [ 6.36588587e+01 -2.23476378e+01]
 [ 6.49714849e+01 -2.28192233e+01]
 [ 7.18753741e+01 -2.21739047e+01]
 [ 7.02243141e+01 -2.29329302e+01]
 [ 7.72118975e+01 -1.99032470e+01]
 [ 7.81721735e+01 -1.86751750e+01]
 [ 8.22254362e+01 -1.98929814e+01]
 [ 8.35317821e+01 -1.76021391e+01]
 [ 8.57553340e+01 -1.65267991e+01]
 [ 9.08227945e+01 -1.58578613e+01]
 [ 9.37011233e+01 -9.29468742e+00]
 [ 8.97474258e+01 -9.73089970e+00]
 [ 9.38633739e+01 -7.84367238e+00]
 [ 9.27632463e+01 -4.10487833e+00]
 [ 9.49868903e+01 -1.51575731e+00]
 [ 9.63168091e+01  2.67103030e+00]
 [ 9.26064710e+01  7.29672773e+00]
 [ 9.23931811e+01  8.37729845e+00]
 [ 8.92002457e+01  1.29761451e+01]
 [ 8.87613223e+01  1.20388323e+01]
 [ 8.26936401e+01  1.45853378e+01]
 [ 8.06047760e+01  1.26757524e+01]
 [ 7.89913743e+01  1.64000563e+01]
 [ 7.85947708e+01  1.76252883e+01]
 [ 7.53959271e+01  1.70447476e+01]
 [ 7.19997331e+01  2.11586713e+01]
 [ 7.15700977e+01  2.35782437e+01]
 [ 7.01762722e+01  2.53483839e+01]
 [ 6.86906516e+01  2.96137513e+01]
 [ 6.59777010e+01  3.22395855e+01]
 [ 6.75947512e+01  3.21118511e+01]
 [ 7.02533109e+01  3.73323929e+01]
 [ 6.87723798e+01  4.00430899e+01]
 [ 7.19506542e+01  4.53479881e+01]
 [ 7.35922702e+01  4.59393019e+01]
 [ 7.83407009e+01  4.77775815e+01]
 [ 8.05891767e+01  4.75577019e+01]
 [ 8.30330799e+01  4.89897950e+01]
 [ 8.64741890e+01  4.78602245e+01]
 [ 8.66839775e+01  5.10331566e+01]
 [ 9.04632479e+01  4.78389981e+01]
 [ 9.36023999e+01  4.60964474e+01]
 [ 9.79538759e+01  4.35541630e+01]
 [ 9.78657963e+01  4.38415234e+01]
 [ 9.96713189e+01  3.96711807e+01]
 [ 1.00337926e+02  3.91221454e+01]
 [ 1.01916953e+02  3.70702014e+01]
 [ 1.02555846e+02  3.26042928e+01]
 [ 1.05791019e+02  2.86949953e+01]
 [ 1.07096839e+02  2.75698687e+01]
 [ 1.04423069e+02  2.23226903e+01]
 [ 1.02967575e+02  2.17513496e+01]]","[  0.     3.     6.     9.    12.    15.    18.    21.    24.    27.
  30.    33.    36.    39.    42.    45.    48.    51.    54.    57.
  60.    63.    66.    69.    72.    74.75  77.5   80.5   83.    85.75
  88.75  91.75  94.5   97.5  100.   102.5  104.5  106.75 108.75 110.5
 111.5  112.25 112.25 111.75 111.   109.5  107.5  105.25 102.75 100.
  97.    94.    91.    88.25  85.75  83.25  81.25  79.25  77.25  75.
  72.5   69.75  67.25  65.    63.    61.5   60.5   60.25  60.25  60.75
  62.    63.5   65.5   67.75  70.5   73.25  76.25  79.    81.75  84.5
  87.5   90.5   93.5   96.25  98.75 101.   103.   104.25 105.25 105.75
 105.75 105.   104.   102.25 100.25  98.    95.25  92.5   89.5   86.5
  83.5   80.75  77.75  74.75  71.75  69.    66.25  64.    62.    60.5
  59.25  58.75  58.5   59.    60.    61.5   63.25  65.5   68.    70.75
  73.75  76.75  79.75  82.5   85.25  87.5   89.5   91.25  92.75  93.5
  94.    93.75  93.    92.    90.25  88.5   86.75  85.25  84.25  83.5
  83.    83.    82.5   82.25  81.75  80.5   80.    78.75  78.25  78.
  78.5   79.5   80.    80.75  82.25  84.    86.25  89.    91.75  94.5
  97.5  100.5  103.5  106.   108.5  110.5  112.   113.   113.75 113.75
 113.25 112.25 111.   109.   106.75 104.25 101.5   99.    96.5   94.25
  92.75  91.25  90.5   89.25  87.5   85.25  82.75  80.    77.75  75.5
  73.75  72.5   71.75  71.25  71.5   72.25  73.5   75.25  77.5   79.75
  82.5   85.5   88.5   91.5   94.25  97.    99.5  101.75 103.25 104.75
 105.5  105.75 105.5  104.75 103.5  101.75  99.5   97.25  95.5   94.
  93.    91.5   89.5   87.25  84.75  82.    79.    76.    73.    70.25
  67.25  64.25  61.25  58.5   56.    53.5   51.5   50.    49.    48.5
  48.5   49.    50.    51.5   53.25  55.75  58.25  61.    64.    67.
  70.    72.75  75.25  78.25  81.25  84.    86.5   89.    90.75  92.25
  93.25  93.75  94.    93.5   92.75  91.5   89.75  87.5   85.    82.25
  79.5   76.75  74.25  72.    70.25  69.    68.25  67.75  68.    68.75
  70.    71.75  73.75  76.25  79.    82.    84.75  87.75  90.75  93.5
  96.    98.    99.75 101.75 103.5  104.75 105.75 106.   106.   105.25
 104.25]",47.7485083064947,0.04246436066262183,polyline,Pure Pursuit
12.444667107035315,15.5,12,4.403294945498596,0.15732053054485826,51.82724252491694,299,"[[ 0.00000000e+00  0.00000000e+00]
 [ 2.99998364e+00  9.90781071e-03]
 [ 5.99997198e+00  1.54494388e-03]
 [ 8.99984871e+00 -2.56508149e-02]
 [ 1.19990382e+01 -9.53805031e-02]
 [ 1.49973837e+01  4.24016119e-03]
 [ 1.79973819e+01  9.28706696e-04]
 [ 2.09973373e+01  1.72914028e-02]
 [ 2.39968504e+01  7.13381114e-02]
 [ 2.69967827e+01  9.14932626e-02]
 [ 2.99956417e+01  8.76157364e-03]
 [ 3.29938778e+01 -9.41007480e-02]
 [ 3.59937996e+01 -1.15758401e-01]
 [ 3.89937993e+01 -1.17021404e-01]
 [ 4.19928627e+01 -4.20643385e-02]
 [ 4.49928281e+01 -5.64755895e-02]
 [ 4.79927710e+01 -3.79639944e-02]
 [ 5.09925219e+01 -7.66260025e-02]
 [ 5.39924351e+01 -9.94469953e-02]
 [ 5.69923991e+01 -8.47537992e-02]
 [ 5.99904653e+01 -1.92453975e-01]
 [ 6.29886669e+01 -2.96313264e-01]
 [ 6.59883475e+01 -3.40091294e-01]
 [ 6.89880735e+01 -2.99546222e-01]
 [ 7.19490425e+01 -7.81897121e-01]
 [ 7.47808061e+01 -1.77240966e+00]
 [ 7.77417751e+01 -2.25476055e+00]
 [ 8.07415011e+01 -2.21421548e+00]
 [ 8.36883517e+01 -1.65201297e+00]
 [ 8.64923096e+01 -5.85326562e-01]
 [ 8.90677227e+01  9.53259744e-01]
 [ 9.13359198e+01  2.91674687e+00]
 [ 9.39113328e+01  4.45533318e+00]
 [ 9.67152907e+01  5.52201958e+00]
 [ 9.96621413e+01  6.08422210e+00]
 [ 1.02661867e+02  6.12476717e+00]
 [ 1.05622836e+02  5.64241627e+00]
 [ 1.08454600e+02  4.65190374e+00]
 [ 1.11415569e+02  4.16955284e+00]
 [ 1.14247333e+02  3.17904030e+00]
 [ 1.17208302e+02  2.69668941e+00]
 [ 1.20208028e+02  2.73723448e+00]
 [ 1.23154878e+02  3.29943699e+00]
 [ 1.25958836e+02  4.36612340e+00]
 [ 1.28534249e+02  5.90470970e+00]
 [ 1.30802446e+02  7.86819683e+00]
 [ 1.32694141e+02  1.01966063e+01]
 [ 1.34151548e+02  1.28188124e+01]
 [ 1.35130148e+02  1.56547147e+01]
 [ 1.35600048e+02  1.86176852e+01]
 [ 1.35546893e+02  2.16172143e+01]
 [ 1.34972308e+02  2.45616755e+01]
 [ 1.33893844e+02  2.73611247e+01]
 [ 1.32344445e+02  2.99300472e+01]
 [ 1.30371441e+02  3.21899705e+01]
 [ 1.28035100e+02  3.40718608e+01]
 [ 1.25406791e+02  3.55182321e+01]
 [ 1.22647719e+02  3.66961632e+01]
 [ 1.19848014e+02  3.77739639e+01]
 [ 1.16903417e+02  3.83478514e+01]
 [ 1.13903875e+02  3.84002953e+01]
 [ 1.10928229e+02  3.87817750e+01]
 [ 1.07929440e+02  3.88670222e+01]
 [ 1.04934875e+02  3.86865254e+01]
 [ 1.01984533e+02  3.81429390e+01]
 [ 9.90689101e+01  3.74364405e+01]
 [ 9.62202191e+01  3.64957175e+01]
 [ 9.35788250e+01  3.50733823e+01]
 [ 9.12254143e+01  3.32128829e+01]
 [ 8.85840202e+01  3.17905478e+01]
 [ 8.62306095e+01  2.99300484e+01]
 [ 8.38432531e+01  2.81133125e+01]
 [ 8.16049019e+01  2.61158681e+01]
 [ 7.95782510e+01  2.39039264e+01]
 [ 7.79676713e+01  2.13729122e+01]
 [ 7.68223608e+01  1.86001403e+01]
 [ 7.53622934e+01  1.59794146e+01]
 [ 7.41920757e+01  1.32170622e+01]
 [ 7.33123158e+01  1.03489579e+01]
 [ 7.25002053e+01  7.46096955e+00]
 [ 7.22033209e+01  4.47569575e+00]
 [ 7.18787744e+01  1.49330249e+00]
 [ 7.17910026e+01 -1.50541325e+00]
 [ 7.11824706e+01 -4.44304644e+00]
 [ 7.00717671e+01 -7.22986142e+00]
 [ 6.84928207e+01 -9.78072957e+00]
 [ 6.73821172e+01 -1.25675446e+01]
 [ 6.67735851e+01 -1.55051777e+01]
 [ 6.66858133e+01 -1.85038935e+01]
 [ 6.71214829e+01 -2.14720902e+01]
 [ 6.80672855e+01 -2.43190988e+01]
 [ 6.94943298e+01 -2.69579517e+01]
 [ 7.13590239e+01 -2.93080401e+01]
 [ 7.36044073e+01 -3.12975762e+01]
 [ 7.61618902e+01 -3.28657856e+01]
 [ 7.89533496e+01 -3.39647645e+01]
 [ 8.18935149e+01 -3.45609423e+01]
 [ 8.48925731e+01 -3.46361078e+01]
 [ 8.78589122e+01 -3.41879648e+01]
 [ 9.07019198e+01 -3.32302027e+01]
 [ 9.33347505e+01 -3.17920781e+01]
 [ 9.56769797e+01 -2.99175215e+01]
 [ 9.76570593e+01 -2.76637947e+01]
 [ 9.92145041e+01 -2.50997421e+01]
 [ 1.00301739e+02 -2.23036876e+01]
 [ 1.00885552e+02 -1.93610422e+01]
 [ 1.00948110e+02 -1.63616945e+01]
 [ 1.00487501e+02 -1.33972654e+01]
 [ 9.95177966e+01 -1.05583091e+01]
 [ 9.80686173e+01 -7.93154701e+00]
 [ 9.70989126e+01 -5.09259072e+00]
 [ 9.56497333e+01 -2.46582860e+00]
 [ 9.46800286e+01  3.73127693e-01]
 [ 9.32308492e+01  2.99988982e+00]
 [ 9.13464632e+01  5.33421828e+00]
 [ 8.90844327e+01  7.30480653e+00]
 [ 8.65138558e+01  8.85145916e+00]
 [ 8.37132557e+01  9.92693069e+00]
 [ 8.07681821e+01  1.04983688e+01]
 [ 7.77685980e+01  1.05483178e+01]
 [ 7.48061313e+01  1.00752518e+01]
 [ 7.19712764e+01  9.09362169e+00]
 [ 6.93506294e+01  7.63341315e+00]
 [ 6.70242428e+01  5.73923106e+00]
 [ 6.50631808e+01  3.46893687e+00]
 [ 6.35273477e+01  8.91881072e-01]
 [ 6.24636584e+01 -1.91321521e+00]
 [ 6.19046055e+01 -4.86066492e+00]
 [ 6.18672662e+01 -7.86043254e+00]
 [ 6.23527811e+01 -1.08208844e+01]
 [ 6.33463194e+01 -1.36515878e+01]
 [ 6.48175313e+01 -1.62660735e+01]
 [ 6.67214760e+01 -1.85844770e+01]
 [ 6.89999938e+01 -2.05359781e+01]
 [ 7.15834829e+01 -2.20609646e+01]
 [ 7.43930258e+01 -2.31128528e+01]
 [ 7.73427996e+01 -2.36595107e+01]
 [ 8.03426976e+01 -2.36842397e+01]
 [ 8.33010824e+01 -2.31862843e+01]
 [ 8.61275843e+01 -2.21808555e+01]
 [ 8.87358624e+01 -2.06986662e+01]
 [ 9.10462418e+01 -1.87849925e+01]
 [ 9.29881476e+01 -1.64982914e+01]
 [ 9.45022605e+01 -1.39084146e+01]
 [ 9.55423291e+01 -1.10944747e+01]
 [ 9.60765823e+01 -8.14242908e+00]
 [ 9.60887005e+01 -5.14245356e+00]
 [ 9.55783135e+01 -2.18618817e+00]
 [ 9.53252619e+01  8.03120263e-01]
 [ 9.45556123e+01  3.70271326e+00]
 [ 9.32928752e+01  6.42401719e+00]
 [ 9.15756233e+01  8.88390459e+00]
 [ 8.94563134e+01  1.10072335e+01]
 [ 8.69996839e+01  1.27291427e+01]
 [ 8.42807772e+01  1.39970331e+01]
 [ 8.13826475e+01  1.47721748e+01]
 [ 7.83938239e+01  1.50308893e+01]
 [ 7.54056056e+01  1.47652739e+01]
 [ 7.25092736e+01  1.39834423e+01]
 [ 6.97933018e+01  1.27092769e+01]
 [ 6.73406549e+01  1.09816997e+01]
 [ 6.52262536e+01  8.85348273e+00]
 [ 6.35146865e+01  6.38963657e+00]
 [ 6.22582366e+01  3.66542410e+00]
 [ 6.14952846e+01  7.64061624e-01]
 [ 6.12491363e+01 -2.22582316e+00]
 [ 6.15273108e+01 -5.21289847e+00]
 [ 6.23213107e+01 -8.10591836e+00]
 [ 6.36068819e+01 -1.08165100e+01]
 [ 6.53447539e+01 -1.32618731e+01]
 [ 6.74818403e+01 -1.53673093e+01]
 [ 6.99528595e+01 -1.70685042e+01]
 [ 7.26823296e+01 -1.83134913e+01]
 [ 7.55868737e+01 -1.90642403e+01]
 [ 7.85777667e+01 -1.92978179e+01]
 [ 8.15636463e+01 -1.90070892e+01]
 [ 8.44533029e+01 -1.82009350e+01]
 [ 8.71584665e+01 -1.69039808e+01]
 [ 8.95965026e+01 -1.51558446e+01]
 [ 9.16929366e+01 -1.30099266e+01]
 [ 9.33837291e+01 -1.05317780e+01]
 [ 9.46172315e+01 -7.79709849e+00]
 [ 9.53557641e+01 -4.88942423e+00]
 [ 9.55767670e+01 -1.89757568e+00]
 [ 9.52734892e+01  1.08705538e+00]
 [ 9.44551950e+01  3.97329767e+00]
 [ 9.31468807e+01  6.67298537e+00]
 [ 9.13885113e+01  9.10365133e+00]
 [ 8.92337995e+01  1.11910462e+01]
 [ 8.67485652e+01  1.28714064e+01]
 [ 8.40087247e+01  1.40934023e+01]
 [ 8.10979716e+01  1.48197054e+01]
 [ 7.81052205e+01  1.50281297e+01]
 [ 7.51218906e+01  1.47123082e+01]
 [ 7.22391137e+01  1.38818884e+01]
 [ 6.95449495e+01  1.25622371e+01]
 [ 6.71216967e+01  1.07936655e+01]
 [ 6.50433779e+01  8.63019810e+00]
 [ 6.33734796e+01  6.13792211e+00]
 [ 6.21630119e+01  3.39296892e+00]
 [ 6.14489510e+01  4.79188394e-01]
 [ 6.12531091e+01 -2.51441244e+00]
 [ 6.15814687e+01 -5.49638829e+00]
 [ 6.24239994e+01 -8.37564898e+00]
 [ 6.37549644e+01 -1.10642419e+01]
 [ 6.55337069e+01 -1.34800389e+01]
 [ 6.77058917e+01 -1.55492448e+01]
 [ 7.02051654e+01 -1.72086517e+01]
 [ 7.29551827e+01 -1.84075698e+01]
 [ 7.58719391e+01 -1.91093759e+01]
 [ 7.88663368e+01 -1.92926320e+01]
 [ 8.18469060e+01 -1.89517401e+01]
 [ 8.47225995e+01 -1.80971134e+01]
 [ 8.74055738e+01 -1.67548583e+01]
 [ 8.98138722e+01 -1.49659763e+01]
 [ 9.18739287e+01 -1.27851124e+01]
 [ 9.35228148e+01 -1.02788852e+01]
 [ 9.47101622e+01 -7.52385236e+00]
 [ 9.53997010e+01 -4.60417153e+00]
 [ 9.55703681e+01 -1.60903000e+00]
 [ 9.52169499e+01  1.37007987e+00]
 [ 9.43502423e+01  4.24215543e+00]
 [ 9.29967207e+01  6.91946362e+00]
 [ 9.11977309e+01  9.32022092e+00]
 [ 8.90082265e+01  1.13710916e+01]
 [ 8.64950901e+01  1.30094278e+01]
 [ 8.37350903e+01  1.41851835e+01]
 [ 8.08125367e+01  1.48624429e+01]
 [ 7.78167042e+01  1.50205178e+01]
 [ 7.48391063e+01  1.46545796e+01]
 [ 7.19706995e+01  1.37758065e+01]
 [ 6.92991047e+01  1.24110423e+01]
 [ 6.69059309e+01  1.06019764e+01]
 [ 6.48642823e+01  8.40387017e+00]
 [ 6.32365250e+01  5.88386900e+00]
 [ 6.20723818e+01  3.11895116e+00]
 [ 6.14074138e+01  1.93576386e-01]
 [ 6.12619337e+01 -2.80289413e+00]
 [ 6.16403855e+01 -5.77892743e+00]
 [ 6.25312087e+01 -8.64361487e+00]
 [ 6.39071913e+01 -1.13094491e+01]
 [ 6.57263013e+01 -1.36949970e+01]
 [ 6.79329705e+01 -1.57273874e+01]
 [ 7.04597919e+01 -1.73445372e+01]
 [ 7.32295790e+01 -1.84970473e+01]
 [ 7.61577232e+01 -1.91497121e+01]
 [ 7.91547788e+01 -1.92825948e+01]
 [ 8.21291950e+01 -1.88916361e+01]
 [ 8.49901124e+01 -1.79887786e+01]
 [ 8.76501388e+01 -1.66016019e+01]
 [ 9.00280187e+01 -1.47724800e+01]
 [ 9.20511151e+01 -1.25572868e+01]
 [ 9.36576287e+01 -1.00236897e+01]
 [ 9.47984854e+01 -7.24908234e+00]
 [ 9.54388356e+01 -4.31822040e+00]
 [ 9.55591184e+01 -1.32063270e+00]
 [ 9.53366432e+01  1.67110673e+00]
 [ 9.45966798e+01  4.57841719e+00]
 [ 9.33618318e+01  7.31248931e+00]
 [ 9.16698200e+01  9.78980560e+00]
 [ 8.95723301e+01  1.19346917e+01]
 [ 8.71334340e+01  1.36816278e+01]
 [ 8.44276325e+01  1.49772506e+01]
 [ 8.15375795e+01  1.57819827e+01]
 [ 7.85515573e+01  1.60712419e+01]
 [ 7.55607795e+01  1.58361924e+01]
 [ 7.26566053e+01  1.50840142e+01]
 [ 6.99277482e+01  1.38376840e+01]
 [ 6.74575664e+01  1.21352733e+01]
 [ 6.53215164e+01  1.00287856e+01]
 [ 6.35848480e+01  7.58256754e+00]
 [ 6.23006110e+01  4.87134361e+00]
 [ 6.15080348e+01  1.97793333e+00]
 [ 6.12313303e+01 -1.00927852e+00]
 [ 6.14789499e+01 -3.99904181e+00]
 [ 6.22433297e+01 -6.90002847e+00]
 [ 6.35011201e+01 -9.62362229e+00]
 [ 6.52138995e+01 -1.20866259e+01]
 [ 6.73293479e+01 -1.42138020e+01]
 [ 6.97828447e+01 -1.59401720e+01]
 [ 7.24994431e+01 -1.72130007e+01]
 [ 7.53961596e+01 -1.79934069e+01]
 [ 7.83845082e+01 -1.82575517e+01]
 [ 8.13732042e+01 -1.79973663e+01]
 [ 8.42709520e+01 -1.72207986e+01]
 [ 8.69892344e+01 -1.59515702e+01]
 [ 8.94450163e+01 -1.42284523e+01]
 [ 9.15632810e+01 -1.21040807e+01]
 [ 9.32793221e+01 -9.64334851e+00]
 [ 9.45407199e+01 -6.92142349e+00]
 [ 9.53089424e+01 -4.02145209e+00]
 [ 9.55605229e+01 -1.03201949e+00]
 [ 9.54559338e+01  1.96615681e+00]
 [ 9.48309353e+01  4.90033077e+00]
 [ 9.37046190e+01  7.68087241e+00]
 [ 9.21113907e+01  1.02228447e+01]
 [ 9.00999183e+01  1.24485983e+01]
 [ 8.77316463e+01  1.42901432e+01]
 [ 8.50789181e+01  1.56912260e+01]
 [ 8.22227662e+01  1.66090477e+01]
 [ 7.92504375e+01  1.70155719e+01]]","[[ 0.00000000e+00  0.00000000e+00]
 [ 1.88595332e-01 -1.98157295e-01]
 [ 3.96061761e+00  1.67257986e-01]
 [ 5.19646792e+00  5.43937526e-01]
 [ 1.09558488e+01  1.39497063e+00]
 [ 1.09434354e+01 -1.99351271e+00]
 [ 1.40624720e+01  6.62291302e-02]
 [ 1.45098357e+01 -3.27258789e-01]
 [ 1.91284709e+01 -1.08110963e+00]
 [ 2.31804619e+01 -4.03112123e-01]
 [ 2.76142285e+01  1.65526332e+00]
 [ 2.98028397e+01  2.05845678e+00]
 [ 3.19960857e+01  4.33164357e-01]
 [ 3.73490049e+01  2.52600452e-02]
 [ 3.78785504e+01 -1.49960947e+00]
 [ 4.13062740e+01  2.88228347e-01]
 [ 4.34784009e+01 -3.70238952e-01]
 [ 4.77539335e+01  7.73304383e-01]
 [ 5.13145106e+01  4.56433061e-01]
 [ 5.30116922e+01 -2.93867446e-01]
 [ 5.81683623e+01  2.15539292e+00]
 [ 5.81018670e+01  2.07843169e+00]
 [ 6.50074801e+01  8.75653837e-01]
 [ 6.63850309e+01 -8.10975516e-01]
 [ 7.11751045e+01  2.64084125e+00]
 [ 7.46514948e+01  1.19075853e+00]
 [ 7.53168767e+01 -3.58488760e+00]
 [ 7.77350939e+01 -1.27004815e+00]
 [ 7.88089589e+01 -1.62153239e+00]
 [ 8.43331472e+01 -6.07948880e-01]
 [ 8.47161327e+01 -1.57788042e+00]
 [ 8.84130698e+01 -8.01443118e-01]
 [ 9.39449716e+01  2.17288078e+00]
 [ 9.44047873e+01  4.06747436e+00]
 [ 9.90905001e+01  7.50256106e+00]
 [ 1.00612170e+02  2.77895728e+00]
 [ 1.02739911e+02  7.15029646e+00]
 [ 1.07128779e+02  4.71555571e+00]
 [ 1.11187617e+02  2.67125728e+00]
 [ 1.10423277e+02  5.57212782e+00]
 [ 1.14320914e+02  6.18262918e+00]
 [ 1.17491080e+02  1.74689827e+00]
 [ 1.19641682e+02  1.10051530e+00]
 [ 1.21238358e+02  4.24505423e+00]
 [ 1.26830585e+02  6.30796163e+00]
 [ 1.27402340e+02  8.43837088e+00]
 [ 1.30371365e+02  1.02298093e+01]
 [ 1.32044962e+02  9.09338136e+00]
 [ 1.34526226e+02  1.43659920e+01]
 [ 1.35371663e+02  1.47764215e+01]
 [ 1.33588218e+02  1.65154049e+01]
 [ 1.36300918e+02  2.31017838e+01]
 [ 1.34725866e+02  2.29501282e+01]
 [ 1.35203408e+02  2.54405338e+01]
 [ 1.31274843e+02  3.08615740e+01]
 [ 1.26996229e+02  3.27695249e+01]
 [ 1.27162639e+02  3.42357803e+01]
 [ 1.25293238e+02  3.58214037e+01]
 [ 1.23688977e+02  3.55586086e+01]
 [ 1.21979487e+02  3.88631045e+01]
 [ 1.18169016e+02  4.00951474e+01]
 [ 1.15085258e+02  3.96664133e+01]
 [ 1.11041619e+02  3.66416142e+01]
 [ 1.07726872e+02  3.77127502e+01]
 [ 1.02800762e+02  3.90742046e+01]
 [ 1.01131709e+02  3.65982323e+01]
 [ 9.75044084e+01  3.78390661e+01]
 [ 9.67582270e+01  3.84794037e+01]
 [ 9.35579530e+01  3.66361420e+01]
 [ 9.33288115e+01  3.49381314e+01]
 [ 8.50360643e+01  3.36335734e+01]
 [ 8.67400395e+01  3.05657054e+01]
 [ 8.44000942e+01  2.86874482e+01]
 [ 8.20840232e+01  2.55774982e+01]
 [ 7.67257981e+01  2.37405543e+01]
 [ 7.67620735e+01  2.29931573e+01]
 [ 7.63892110e+01  1.87253533e+01]
 [ 7.40878845e+01  1.52134809e+01]
 [ 7.41747761e+01  1.09889994e+01]
 [ 7.37633434e+01  1.01898495e+01]
 [ 7.07216256e+01  3.86362025e+00]
 [ 7.29728991e+01  4.02931970e+00]
 [ 7.10837618e+01  1.13907055e+00]
 [ 7.45157165e+01 -1.58011470e+00]
 [ 7.13123995e+01 -6.67365574e+00]
 [ 7.25427757e+01 -5.85362944e+00]
 [ 7.00932230e+01 -9.70922047e+00]
 [ 6.87570994e+01 -1.20111243e+01]
 [ 6.76933688e+01 -1.57334672e+01]
 [ 6.44749814e+01 -1.69606120e+01]
 [ 6.42190435e+01 -2.18319953e+01]
 [ 6.77605018e+01 -2.58833890e+01]
 [ 7.04140145e+01 -2.72584462e+01]
 [ 7.07037214e+01 -2.85282775e+01]
 [ 7.28895387e+01 -2.92141062e+01]
 [ 7.66890728e+01 -3.35772851e+01]
 [ 7.60369521e+01 -3.59263943e+01]
 [ 8.35237611e+01 -3.46368484e+01]
 [ 8.44678855e+01 -3.21712304e+01]
 [ 8.59349384e+01 -3.50664515e+01]
 [ 8.99930382e+01 -3.23506967e+01]
 [ 9.23394477e+01 -3.27122049e+01]
 [ 9.32692556e+01 -2.88234974e+01]
 [ 9.88662684e+01 -2.83783598e+01]
 [ 9.94595141e+01 -2.70387113e+01]
 [ 9.95940192e+01 -2.02367612e+01]
 [ 1.01089148e+02 -1.58954970e+01]
 [ 9.97673207e+01 -1.54912679e+01]
 [ 1.00194243e+02 -1.25485387e+01]
 [ 9.95069796e+01 -1.14001063e+01]
 [ 9.67671921e+01 -3.33249191e+00]
 [ 9.69828950e+01 -8.11758176e+00]
 [ 9.46768323e+01 -1.44876901e+00]
 [ 9.39300159e+01  2.41379700e+00]
 [ 9.47344466e+01  2.77138186e+00]
 [ 9.06381393e+01  3.82701677e+00]
 [ 8.80344829e+01  5.09509192e+00]
 [ 8.83204503e+01  1.12375103e+01]
 [ 8.18290486e+01  8.15440623e+00]
 [ 7.81154143e+01  9.05258743e+00]
 [ 7.31090928e+01  8.83489932e+00]
 [ 7.67515044e+01  9.55674303e+00]
 [ 7.32531528e+01  8.36016810e+00]
 [ 7.19916303e+01  7.93224012e+00]
 [ 6.64512394e+01  9.56786710e+00]
 [ 6.45764730e+01  1.63710185e+00]
 [ 6.38302127e+01  8.33628514e-01]
 [ 6.40631453e+01 -3.29566610e+00]
 [ 6.31116809e+01 -3.58154222e+00]
 [ 6.08657352e+01 -7.61556654e+00]
 [ 6.11066532e+01 -7.30217230e+00]
 [ 6.22901100e+01 -1.43311995e+01]
 [ 6.32187743e+01 -1.67852554e+01]
 [ 6.67126620e+01 -1.74327933e+01]
 [ 6.80842638e+01 -2.08146391e+01]
 [ 6.94587489e+01 -2.33020680e+01]
 [ 7.85267371e+01 -2.15509880e+01]
 [ 7.61706635e+01 -2.56656066e+01]
 [ 7.88793234e+01 -2.37167760e+01]
 [ 8.33531741e+01 -2.43028252e+01]
 [ 8.41977226e+01 -2.00472878e+01]
 [ 8.94133906e+01 -2.12605182e+01]
 [ 9.07152500e+01 -1.95792882e+01]
 [ 8.85840795e+01 -1.63247987e+01]
 [ 9.28964439e+01 -1.54124410e+01]
 [ 9.45819355e+01 -9.99602215e+00]
 [ 9.43207861e+01 -1.02938513e+01]
 [ 9.70484786e+01 -4.01090020e+00]
 [ 9.41399129e+01 -1.34259165e+00]
 [ 9.48878132e+01  1.25505853e+00]
 [ 9.26641719e+01  4.95205494e+00]
 [ 9.50977637e+01  7.37962704e+00]
 [ 9.24131333e+01  3.22549185e+00]
 [ 8.98472581e+01  1.09690655e+01]
 [ 8.67791156e+01  1.17832757e+01]
 [ 8.43638246e+01  1.46152092e+01]
 [ 8.09869653e+01  1.40771886e+01]
 [ 8.02384546e+01  1.33728387e+01]
 [ 7.69508384e+01  1.50304926e+01]
 [ 7.13028151e+01  1.35484694e+01]
 [ 6.84133114e+01  1.37218737e+01]
 [ 6.78625075e+01  1.01465054e+01]
 [ 6.35729262e+01  9.30605687e+00]
 [ 6.49507649e+01  6.21888205e+00]
 [ 6.28857653e+01  3.10138337e+00]
 [ 6.15966384e+01  3.27137257e-01]
 [ 6.16901995e+01 -4.49048193e+00]
 [ 6.24935966e+01 -5.55779720e+00]
 [ 6.28592228e+01 -8.61638355e+00]
 [ 6.40874237e+01 -1.24253542e+01]
 [ 6.71284856e+01 -1.58171900e+01]
 [ 6.59229821e+01 -1.50138102e+01]
 [ 7.21471230e+01 -1.66513147e+01]
 [ 7.23104669e+01 -2.04511266e+01]
 [ 7.52999587e+01 -1.90940558e+01]
 [ 8.11136197e+01 -1.83646301e+01]
 [ 7.92700070e+01 -1.59669206e+01]
 [ 8.38607881e+01 -1.95201246e+01]
 [ 8.93707005e+01 -1.69786145e+01]
 [ 8.90453987e+01 -1.48276657e+01]
 [ 9.29602698e+01 -1.15199223e+01]
 [ 9.13209255e+01 -7.53405577e+00]
 [ 9.60375239e+01 -8.36590008e+00]
 [ 9.41277743e+01 -6.34294287e+00]
 [ 9.57618347e+01 -2.86960012e+00]
 [ 9.41261783e+01  2.30393699e+00]
 [ 9.50020460e+01  3.38144079e+00]
 [ 9.42482521e+01  8.72405331e+00]
 [ 8.97467668e+01  8.19871350e+00]
 [ 9.06477323e+01  1.22694570e+01]
 [ 8.70886135e+01  1.46150382e+01]
 [ 8.23764071e+01  1.18746955e+01]
 [ 7.97982106e+01  1.50035216e+01]
 [ 7.69110903e+01  1.42973024e+01]
 [ 7.36593905e+01  1.37816645e+01]
 [ 7.07319329e+01  1.44330877e+01]
 [ 7.07372861e+01  1.18415682e+01]
 [ 6.68107980e+01  9.92211666e+00]
 [ 6.58402547e+01  8.76378216e+00]
 [ 6.57647150e+01  4.49471406e+00]
 [ 6.27067657e+01  4.05895602e+00]
 [ 6.09082907e+01  1.35448958e+00]
 [ 5.90953251e+01  6.63792104e-01]
 [ 5.95684020e+01 -4.11667740e+00]
 [ 6.07423153e+01 -6.64932443e+00]
 [ 6.31778033e+01 -1.08266076e+01]
 [ 6.56137225e+01 -1.18289378e+01]
 [ 6.72235705e+01 -2.00000204e+01]
 [ 6.90650772e+01 -1.69330832e+01]
 [ 7.22944804e+01 -1.72528386e+01]
 [ 7.73949296e+01 -1.93310337e+01]
 [ 7.66318687e+01 -1.72163843e+01]
 [ 8.34714862e+01 -1.94005268e+01]
 [ 8.78850321e+01 -1.86204266e+01]
 [ 8.56998942e+01 -1.69886684e+01]
 [ 9.14306228e+01 -1.63721565e+01]
 [ 9.48007663e+01 -1.41299017e+01]
 [ 9.49544482e+01 -9.46219169e+00]
 [ 9.44790766e+01 -5.90305290e+00]
 [ 9.31500029e+01 -2.56781385e+00]
 [ 9.54748420e+01 -2.42268287e+00]
 [ 9.63407109e+01  2.95992839e+00]
 [ 9.55049355e+01  7.24141116e+00]
 [ 9.46178098e+01  8.84472357e+00]
 [ 9.03879350e+01  9.48000659e+00]
 [ 8.98527003e+01  1.13444782e+01]
 [ 8.69475429e+01  1.36485850e+01]
 [ 8.50014562e+01  1.40327701e+01]
 [ 8.02878379e+01  1.36199694e+01]
 [ 7.64791057e+01  1.67791947e+01]
 [ 7.47123241e+01  1.58349962e+01]
 [ 7.00246537e+01  1.08685543e+01]
 [ 6.77254678e+01  1.41309827e+01]
 [ 6.85080471e+01  1.11000343e+01]
 [ 6.36610271e+01  8.20766621e+00]
 [ 6.27898842e+01  5.36640898e+00]
 [ 5.83132770e+01  1.83206158e+00]
 [ 6.11222505e+01  2.46821807e+00]
 [ 6.15030483e+01 -7.01561700e-01]
 [ 6.10498252e+01 -6.15796031e+00]
 [ 5.66820761e+01 -7.94861936e+00]
 [ 6.47278348e+01 -8.66381045e+00]
 [ 6.49961595e+01 -1.35537657e+01]
 [ 6.68746786e+01 -1.74917730e+01]
 [ 6.93901300e+01 -1.78620350e+01]
 [ 7.52627361e+01 -1.84937299e+01]
 [ 7.49719060e+01 -1.89368954e+01]
 [ 7.94811359e+01 -2.02969429e+01]
 [ 8.38440454e+01 -2.17241594e+01]
 [ 8.46697954e+01 -1.69911795e+01]
 [ 8.56424900e+01 -1.60597213e+01]
 [ 9.19673583e+01 -1.40919731e+01]
 [ 8.95158752e+01 -1.36495793e+01]
 [ 9.55060838e+01 -9.57618683e+00]
 [ 9.47836970e+01 -6.58728145e+00]
 [ 9.65204090e+01 -5.38091826e+00]
 [ 9.51235183e+01 -1.10626222e+00]
 [ 9.45207066e+01  1.47092939e+00]
 [ 9.65434874e+01  3.12668739e+00]
 [ 9.62518258e+01  1.01315059e+01]
 [ 8.90996608e+01  9.57827160e+00]
 [ 9.00863674e+01  1.07933850e+01]
 [ 8.60218133e+01  1.33255043e+01]
 [ 8.55363997e+01  1.42102498e+01]
 [ 8.42776203e+01  1.62169437e+01]
 [ 7.83976943e+01  1.82451315e+01]
 [ 7.65002013e+01  1.63901226e+01]
 [ 7.21598947e+01  1.78049926e+01]
 [ 7.11454806e+01  1.35325670e+01]
 [ 6.50917677e+01  1.26947006e+01]
 [ 6.36059063e+01  7.45486666e+00]
 [ 6.31661207e+01  8.00477420e+00]
 [ 6.42243328e+01  5.29502135e+00]
 [ 6.27170641e+01  1.39109271e-01]
 [ 6.11975320e+01 -8.22961540e-01]
 [ 6.27723192e+01 -3.82495080e+00]
 [ 6.34494481e+01 -7.65632734e+00]
 [ 6.40380525e+01 -9.00132269e+00]
 [ 6.33392360e+01 -1.18233179e+01]
 [ 6.68488041e+01 -1.70699339e+01]
 [ 7.12204547e+01 -1.64829601e+01]
 [ 7.12208581e+01 -1.77789758e+01]
 [ 7.56034600e+01 -1.57315427e+01]
 [ 7.81356084e+01 -1.75489405e+01]
 [ 8.34335732e+01 -1.71970405e+01]
 [ 8.58737982e+01 -1.79355633e+01]
 [ 8.81458084e+01 -1.60385342e+01]
 [ 9.10566332e+01 -1.57337916e+01]
 [ 9.03939444e+01 -1.02009833e+01]
 [ 9.29851962e+01 -1.01817895e+01]
 [ 9.46570785e+01 -7.95566968e+00]
 [ 9.73068544e+01 -5.89519606e+00]
 [ 9.53346259e+01 -5.11590310e-01]
 [ 9.52992632e+01  7.62725494e-01]
 [ 9.35283515e+01  5.53842241e+00]
 [ 9.21588984e+01  8.65023647e+00]
 [ 8.98251681e+01  9.39037010e+00]
 [ 9.01543774e+01  1.05703704e+01]
 [ 8.87096626e+01  1.42623350e+01]
 [ 8.35248075e+01  1.34128936e+01]
 [ 7.98743822e+01  1.66855987e+01]]","[  0.     3.     6.     9.    12.    15.    18.    21.    24.    27.
  30.    33.    36.    39.    42.    45.    48.    51.    54.    57.
  60.    63.    66.    69.    72.    74.75  77.75  80.75  83.75  86.5
  89.    91.25  94.    96.75  99.75 102.75 105.5  108.5  111.5  114.25
 117.25 120.25 123.25 126.   128.5  130.75 132.75 134.25 135.25 135.5
 135.5  135.   134.   132.25 130.25 128.   125.5  122.75 119.75 117.
 114.   111.   108.   105.   102.    99.    96.25  93.5   91.25  88.5
  86.25  83.75  81.5   79.5   78.    76.75  75.25  74.25  73.25  72.5
  72.25  72.    71.75  71.25  70.    68.5   67.5   66.75  66.75  67.
  68.    69.5   71.25  73.5   76.25  79.    82.    85.    87.75  90.75
  93.25  95.75  97.75  99.25 100.25 101.   101.   100.5   99.5   98.
  97.    95.75  94.75  93.25  91.25  89.    86.5   83.75  80.75  77.75
  74.75  72.    69.25  67.    65.    63.5   62.5   62.    61.75  62.25
  63.25  64.75  66.75  69.    71.5   74.5   77.25  80.25  83.25  86.25
  88.75  91.    93.    94.5   95.5   96.    96.    95.5   95.25  94.5
  93.25  91.5   89.5   87.    84.25  81.5   78.5   75.5   72.5   69.75
  67.25  65.25  63.5   62.25  61.5   61.25  61.5   62.25  63.5   65.25
  67.5   70.    72.75  75.5   78.5   81.5   84.5   87.25  89.5   91.75
  93.5   94.5   95.25  95.5   95.25  94.5   93.25  91.5   89.25  86.75
  84.    81.    78.    75.    72.25  69.5   67.    65.    63.25  62.25
  61.5   61.25  61.5   62.5   63.75  65.5   67.75  70.25  73.    75.75
  78.75  81.75  84.75  87.5   89.75  91.75  93.5   94.75  95.5   95.5
  95.25  94.25  93.    91.25  89.    86.5   83.75  80.75  77.75  74.75
  72.    69.25  67.    64.75  63.25  62.    61.5   61.25  61.75  62.5
  64.    65.75  68.    70.5   73.25  76.25  79.25  82.25  85.    87.75
  90.    92.    93.75  94.75  95.5   95.5   95.25  94.5   93.25  91.75
  89.5   87.25  84.5   81.5   78.5   75.5   72.75  70.    67.5   65.25
  63.5   62.25  61.5   61.25  61.5   62.25  63.5   65.25  67.25  69.75
  72.5   75.5   78.5   81.25  84.25  87.    89.5   91.5   93.25  94.5
  95.25  95.5   95.5   94.75  93.75  92.    90.    87.75  85.    82.25
  79.25]",47.03883863291262,0.04633539148562518,polyline,Line of Sight
20.835230967720612,20.0,6,14.548060229547787,0.1460277397005172,39.8671096345515,299,"[[ 0.00000000e+00  0.00000000e+00]
 [ 2.99959106e+00  4.95325709e-02]
 [ 5.99914532e+00 -2.18043115e-03]
 [ 8.99611005e+00 -1.37096828e-01]
 [ 1.19790951e+01 -4.56158059e-01]
 [ 1.49720708e+01 -2.50984145e-01]
 [ 1.79716988e+01 -2.03741210e-01]
 [ 2.09687558e+01 -7.08894908e-02]
 [ 2.39546143e+01  2.20055183e-01]
 [ 2.69539404e+01  2.83639660e-01]
 [ 2.99190089e+01 -1.72835027e-01]
 [ 3.28829748e+01 -6.36414172e-01]
 [ 3.58828508e+01 -6.09128034e-01]
 [ 3.88805708e+01 -4.92189576e-01]
 [ 4.18446153e+01 -2.91125503e-02]
 [ 4.48440140e+01 -8.91725769e-02]
 [ 4.78423242e+01  1.15046680e-02]
 [ 5.08352974e+01 -1.93706801e-01]
 [ 5.38340985e+01 -2.78510964e-01]
 [ 5.68317714e+01 -1.60369824e-01]
 [ 5.98042287e+01 -5.65952351e-01]
 [ 6.27744004e+01 -9.87947739e-01]
 [ 6.57740478e+01 -1.03394717e+00]
 [ 6.87507337e+01 -6.60662973e-01]
 [ 7.16169634e+01  2.25185121e-01]
 [ 7.42851826e+01  1.59653718e+00]
 [ 7.71514124e+01  2.48238527e+00]
 [ 7.98196316e+01  3.85373733e+00]
 [ 8.22083342e+01  5.66870276e+00]
 [ 8.42445529e+01  7.87183997e+00]
 [ 8.58660873e+01  1.03958499e+01]
 [ 8.70234047e+01  1.31636318e+01]
 [ 8.85852757e+01  1.57249906e+01]
 [ 9.03589807e+01  1.81444886e+01]
 [ 9.25268493e+01  2.02182161e+01]
 [ 9.46727562e+01  2.23146616e+01]
 [ 9.71508958e+01  2.40054672e+01]
 [ 9.92968027e+01  2.61019127e+01]
 [ 1.01044926e+02  2.85399581e+01]
 [ 1.02341866e+02  3.12451285e+01]
 [ 1.03148005e+02  3.41347894e+01]
 [ 1.03438717e+02  3.71206706e+01]
 [ 1.03205124e+02  4.01115624e+01]
 [ 1.03495837e+02  4.30974435e+01]
 [ 1.04301975e+02  4.59871044e+01]
 [ 1.05598915e+02  4.86922749e+01]
 [ 1.07347039e+02  5.11303203e+01]
 [ 1.09492945e+02  5.32267658e+01]
 [ 1.11971085e+02  5.49175714e+01]
 [ 1.14705758e+02  5.61510884e+01]
 [ 1.17613428e+02  5.68896364e+01]
 [ 1.20605276e+02  5.71106552e+01]
 [ 1.23589908e+02  5.68073933e+01]
 [ 1.26476155e+02  5.59891144e+01]
 [ 1.29175850e+02  5.46808145e+01]
 [ 1.31606525e+02  5.29224580e+01]
 [ 1.33693931e+02  5.07677574e+01]
 [ 1.35374305e+02  4.82825320e+01]
 [ 1.36596315e+02  4.55426980e+01]
 [ 1.37343962e+02  4.26373538e+01]
 [ 1.38126941e+02  3.97413318e+01]
 [ 1.38969496e+02  3.68620783e+01]
 [ 1.39949433e+02  3.40266377e+01]
 [ 1.40978176e+02  3.12085375e+01]
 [ 1.42043320e+02  2.84039934e+01]
 [ 1.43267059e+02  2.56649309e+01]
 [ 1.44521545e+02  2.29398138e+01]
 [ 1.45822974e+02  2.02368002e+01]
 [ 1.47269679e+02  1.76086740e+01]
 [ 1.48851732e+02  1.50597319e+01]
 [ 1.50853414e+02  1.28251694e+01]
 [ 1.52849740e+02  1.05858202e+01]
 [ 1.55046559e+02  8.54278662e+00]
 [ 1.57542286e+02  6.87805016e+00]
 [ 1.60160298e+02  5.41312402e+00]
 [ 1.62748497e+02  3.89614429e+00]
 [ 1.65561284e+02  2.85296054e+00]
 [ 1.68512736e+02  2.31543882e+00]
 [ 1.71512656e+02  2.29359539e+00]
 [ 1.74466295e+02  1.76822013e+00]
 [ 1.77466293e+02  1.76512167e+00]
 [ 1.80448340e+02  1.43740823e+00]
 [ 1.83436193e+02  1.16771064e+00]
 [ 1.86423825e+02  8.95584832e-01]
 [ 1.89413205e+02  1.14778645e+00]
 [ 1.92400838e+02  8.75660638e-01]
 [ 1.95391536e+02  6.39602393e-01]
 [ 1.98376746e+02  3.42070892e-01]
 [ 2.01376611e+02  3.13626807e-01]
 [ 2.04341325e+02 -1.45140135e-01]
 [ 2.07340634e+02 -8.07191741e-02]
 [ 2.10312837e+02  3.26722656e-01]
 [ 2.13312830e+02  3.20165646e-01]
 [ 2.16300306e+02  4.63315128e-02]
 [ 2.19254143e+02 -4.77925727e-01]
 [ 2.22254142e+02 -4.79888646e-01]
 [ 2.25208663e+02  4.05027159e-02]
 [ 2.28027454e+02  1.06735201e+00]
 [ 2.30624409e+02  2.56929214e+00]
 [ 2.32920200e+02  4.50044346e+00]
 [ 2.34844696e+02  6.80181525e+00]
 [ 2.36339112e+02  9.40310768e+00]
 [ 2.37357796e+02  1.22248593e+01]
 [ 2.37869632e+02  1.51808742e+01]
 [ 2.37858984e+02  1.81808553e+01]
 [ 2.37326177e+02  2.11331624e+01]
 [ 2.36287488e+02  2.39476116e+01]
 [ 2.34774644e+02  2.65382301e+01]
 [ 2.32833859e+02  2.88258825e+01]
 [ 2.30643407e+02  3.08757411e+01]
 [ 2.28800523e+02  3.32429707e+01]
 [ 2.27041678e+02  3.56732924e+01]
 [ 2.25732835e+02  3.83727240e+01]
 [ 2.24913976e+02  4.12588061e+01]
 [ 2.24610114e+02  4.42433778e+01]
 [ 2.24830531e+02  4.72352695e+01]
 [ 2.25568495e+02  5.01430883e+01]
 [ 2.26801462e+02  5.28780091e+01]
 [ 2.28491769e+02  5.53564886e+01]
 [ 2.30587783e+02  5.75028169e+01]
 [ 2.33025477e+02  5.92514303e+01]
 [ 2.35232923e+02  6.12829774e+01]
 [ 2.37208439e+02  6.35407057e+01]
 [ 2.39546870e+02  6.54199972e+01]
 [ 2.42176786e+02  6.68634455e+01]
 [ 2.45017850e+02  6.78269575e+01]
 [ 2.47983277e+02  6.82811010e+01]
 [ 2.50982481e+02  6.82120033e+01]
 [ 2.53923846e+02  6.76217751e+01]
 [ 2.56717523e+02  6.65284461e+01]
 [ 2.59278174e+02  6.49654141e+01]
 [ 2.61527578e+02  6.29804249e+01]
 [ 2.63397023e+02  6.06341139e+01]
 [ 2.64829403e+02  5.79981535e+01]
 [ 2.65780963e+02  5.51530644e+01]
 [ 2.66222637e+02  5.21857551e+01]
 [ 2.66140933e+02  4.91868679e+01]
 [ 2.65538345e+02  4.62480096e+01]
 [ 2.64433282e+02  4.34589532e+01]
 [ 2.62859500e+02  4.09048958e+01]
 [ 2.60865072e+02  3.86638560e+01]
 [ 2.58510924e+02  3.68042906e+01]
 [ 2.55868965e+02  3.53830038e+01]
 [ 2.53019901e+02  3.44434113e+01]
 [ 2.50050762e+02  3.40142149e+01]
 [ 2.47052244e+02  3.41085252e+01]
 [ 2.44115945e+02  3.47234613e+01]
 [ 2.41331559e+02  3.58402388e+01]
 [ 2.38762739e+02  3.73898085e+01]
 [ 2.36252965e+02  3.90332907e+01]
 [ 2.34067667e+02  4.10886434e+01]
 [ 2.32273600e+02  4.34930818e+01]
 [ 2.30925568e+02  4.61731578e+01]
 [ 2.30064747e+02  4.90470032e+01]
 [ 2.29717434e+02  5.20268310e+01]
 [ 2.29894237e+02  5.50216166e+01]
 [ 2.30589757e+02  5.79398784e+01]
 [ 2.31782747e+02  6.06924726e+01]
 [ 2.33436765e+02  6.31953159e+01]
 [ 2.35501286e+02  6.53719541e+01]
 [ 2.37913245e+02  6.71558977e+01]
 [ 2.40598964e+02  6.84926526e+01]
 [ 2.43476402e+02  6.93413851e+01]
 [ 2.46457664e+02  6.96761690e+01]
 [ 2.49451680e+02  6.94867778e+01]
 [ 2.52366992e+02  6.87789967e+01]
 [ 2.55114547e+02  6.75744463e+01]
 [ 2.57610415e+02  6.59099218e+01]
 [ 2.59778356e+02  6.38362694e+01]
 [ 2.61552144e+02  6.14168328e+01]
 [ 2.62877598e+02  5.87255183e+01]
 [ 2.63714227e+02  5.58445373e+01]
 [ 2.64036476e+02  5.28618949e+01]
 [ 2.63834500e+02  4.98687017e+01]
 [ 2.63114470e+02  4.69563904e+01]
 [ 2.61898381e+02  4.42139232e+01]
 [ 2.60223379e+02  4.17250741e+01]
 [ 2.58140632e+02  3.95658697e+01]
 [ 2.55713760e+02  3.78022672e+01]
 [ 2.53016898e+02  3.64881390e+01]
 [ 2.50132425e+02  3.56636278e+01]
 [ 2.47148455e+02  3.53539199e+01]
 [ 2.44156137e+02  3.55684759e+01]
 [ 2.41246878e+02  3.63007417e+01]
 [ 2.38509547e+02  3.75283490e+01]
 [ 2.36027761e+02  3.92137980e+01]
 [ 2.33877331e+02  4.13056035e+01]
 [ 2.32123946e+02  4.37398673e+01]
 [ 2.30821166e+02  4.64422301e+01]
 [ 2.30008787e+02  4.93301430e+01]
 [ 2.29711626e+02  5.23153892e+01]
 [ 2.29938759e+02  5.53067786e+01]
 [ 2.30683247e+02  5.82129335e+01]
 [ 2.31922351e+02  6.09450798e+01]
 [ 2.33618217e+02  6.34197588e+01]
 [ 2.34857321e+02  6.61519051e+01]
 [ 2.35601810e+02  6.90580600e+01]
 [ 2.35828942e+02  7.20494494e+01]
 [ 2.35531781e+02  7.50346956e+01]
 [ 2.34719402e+02  7.79226085e+01]
 [ 2.33416622e+02  8.06249713e+01]
 [ 2.32604244e+02  8.35128842e+01]
 [ 2.32307082e+02  8.64981305e+01]
 [ 2.32534215e+02  8.94895199e+01]
 [ 2.33278704e+02  9.23956748e+01]
 [ 2.34517807e+02  9.51278211e+01]
 [ 2.36213674e+02  9.76025001e+01]
 [ 2.38314500e+02  9.97441179e+01]
 [ 2.40756113e+02  1.01487255e+02]
 [ 2.43463929e+02  1.02778663e+02]
 [ 2.46355231e+02  1.03578895e+02]
 [ 2.49341700e+02  1.03863505e+02]
 [ 2.52233003e+02  1.04663737e+02]
 [ 2.54940818e+02  1.05955145e+02]
 [ 2.57382431e+02  1.07698282e+02]
 [ 2.59483257e+02  1.09839900e+02]
 [ 2.61179124e+02  1.12314579e+02]
 [ 2.62418227e+02  1.15046725e+02]
 [ 2.63162716e+02  1.17952880e+02]
 [ 2.63389849e+02  1.20944269e+02]
 [ 2.63092687e+02  1.23929516e+02]
 [ 2.62280309e+02  1.26817429e+02]
 [ 2.60977529e+02  1.29519791e+02]
 [ 2.59224144e+02  1.31954055e+02]
 [ 2.57073714e+02  1.34045861e+02]
 [ 2.54591928e+02  1.35731310e+02]
 [ 2.51854597e+02  1.36958917e+02]
 [ 2.49034015e+02  1.37980837e+02]
 [ 2.46268973e+02  1.39144685e+02]
 [ 2.43565799e+02  1.40445780e+02]
 [ 2.40895422e+02  1.41812925e+02]
 [ 2.38360888e+02  1.43417960e+02]
 [ 2.35920313e+02  1.45162551e+02]
 [ 2.33445114e+02  1.46857658e+02]
 [ 2.31302736e+02  1.48957709e+02]
 [ 2.29290103e+02  1.51182413e+02]
 [ 2.26920871e+02  1.53022723e+02]
 [ 2.24267412e+02  1.54422421e+02]
 [ 2.21410781e+02  1.55338753e+02]
 [ 2.18718818e+02  1.56662888e+02]
 [ 2.15837428e+02  1.57498106e+02]
 [ 2.12854628e+02  1.57818895e+02]
 [ 2.09861534e+02  1.57615453e+02]
 [ 2.06949576e+02  1.56893997e+02]
 [ 2.04207704e+02  1.55676565e+02]
 [ 2.01496113e+02  1.54393105e+02]
 [ 1.98695336e+02  1.53318092e+02]
 [ 1.95750169e+02  1.52747136e+02]
 [ 1.92750577e+02  1.52697678e+02]
 [ 1.89805410e+02  1.52126722e+02]
 [ 1.86876949e+02  1.51475481e+02]
 [ 1.83924227e+02  1.50944978e+02]
 [ 1.80924238e+02  1.50936671e+02]
 [ 1.77943999e+02  1.50592907e+02]
 [ 1.74960265e+02  1.50280931e+02]
 [ 1.71966611e+02  1.50475959e+02]
 [ 1.68971563e+02  1.50303661e+02]
 [ 1.65971674e+02  1.50277791e+02]
 [ 1.62985927e+02  1.50569882e+02]
 [ 1.59994928e+02  1.50337668e+02]
 [ 1.56995094e+02  1.50306136e+02]
 [ 1.54002333e+02  1.50514425e+02]
 [ 1.51002594e+02  1.50474853e+02]
 [ 1.48003483e+02  1.50547868e+02]
 [ 1.45013495e+02  1.50302981e+02]
 [ 1.42026537e+02  1.50582415e+02]
 [ 1.39133852e+02  1.51377635e+02]
 [ 1.36423803e+02  1.52664349e+02]
 [ 1.33979173e+02  1.54403252e+02]
 [ 1.31874638e+02  1.56541227e+02]
 [ 1.30174486e+02  1.59012963e+02]
 [ 1.28881595e+02  1.61720071e+02]
 [ 1.27369303e+02  1.64311011e+02]
 [ 1.25697170e+02  1.66801789e+02]
 [ 1.23616912e+02  1.68963391e+02]
 [ 1.21250388e+02  1.70807183e+02]
 [ 1.18702102e+02  1.72390292e+02]
 [ 1.16468369e+02  1.74392900e+02]
 [ 1.14617423e+02  1.76753832e+02]
 [ 1.13205805e+02  1.79400969e+02]
 [ 1.12276635e+02  1.82253449e+02]
 [ 1.11858297e+02  1.85224138e+02]
 [ 1.11963569e+02  1.88222290e+02]
 [ 1.12589237e+02  1.91156322e+02]
 [ 1.12694509e+02  1.94154474e+02]
 [ 1.12276171e+02  1.97125163e+02]
 [ 1.11347001e+02  1.99977643e+02]
 [ 1.09935383e+02  2.02624780e+02]
 [ 1.08084437e+02  2.04985712e+02]
 [ 1.05850704e+02  2.06988320e+02]
 [ 1.03302417e+02  2.08571429e+02]
 [ 1.00517420e+02  2.09686682e+02]
 [ 9.75807843e+01  2.10300010e+02]
 [ 9.45822159e+01  2.10392678e+02]
 [ 9.16133117e+01  2.09961856e+02]
 [ 8.87647625e+01  2.09020704e+02]
 [ 8.61235829e+01  2.07597970e+02]
 [ 8.37704527e+01  2.05737116e+02]
 [ 8.17772528e+01  2.03494985e+02]
 [ 8.02048693e+01  2.00940066e+02]
 [ 7.91013337e+01  1.98150405e+02]]","[[ 0.00000000e+00  0.00000000e+00]
 [ 1.88595332e-01 -1.98157295e-01]
 [ 3.96022504e+00  2.06882747e-01]
 [ 5.19564126e+00  5.40212151e-01]
 [ 1.09521101e+01  1.28352462e+00]
 [ 1.09234923e+01 -2.35429027e+00]
 [ 1.40371591e+01 -1.88995176e-01]
 [ 1.44841527e+01 -5.31928706e-01]
 [ 1.90998894e+01 -1.16929052e+00]
 [ 2.31382259e+01 -2.54395051e-01]
 [ 2.75713862e+01  1.84740971e+00]
 [ 2.97262069e+01  1.87686018e+00]
 [ 3.18851828e+01 -1.09149066e-01]
 [ 3.72380560e+01 -4.68109587e-01]
 [ 3.77653219e+01 -1.87477764e+00]
 [ 4.11580265e+01  3.01180135e-01]
 [ 4.33295867e+01 -4.02935939e-01]
 [ 4.76034867e+01  8.22773045e-01]
 [ 5.11572860e+01  3.39352262e-01]
 [ 5.28533556e+01 -4.72931414e-01]
 [ 5.80077346e+01  2.07977689e+00]
 [ 5.79156304e+01  1.70493331e+00]
 [ 6.47932136e+01  1.84019362e-01]
 [ 6.61707312e+01 -1.50483139e+00]
 [ 7.09377647e+01  2.27972450e+00]
 [ 7.43194157e+01  2.19784077e+00]
 [ 7.48212532e+01 -2.15940771e-01]
 [ 7.71447312e+01  3.46709767e+00]
 [ 7.78870894e+01  4.44642042e+00]
 [ 8.28531298e+01  6.71276685e+00]
 [ 8.24683759e+01  6.87928611e+00]
 [ 8.52114345e+01  8.64114702e+00]
 [ 8.96324565e+01  1.24197657e+01]
 [ 8.90787301e+01  1.53371317e+01]
 [ 9.27341900e+01  2.01250301e+01]
 [ 9.34768782e+01  1.69129512e+01]
 [ 9.47507996e+01  2.33401908e+01]
 [ 9.86568382e+01  2.30786067e+01]
 [ 1.02029820e+02  2.41212663e+01]
 [ 1.00052634e+02  2.99425331e+01]
 [ 1.02415448e+02  3.42487174e+01]
 [ 1.03430783e+02  3.31849983e+01]
 [ 1.02872372e+02  3.54839514e+01]
 [ 1.01288604e+02  4.10571796e+01]
 [ 1.04367585e+02  4.50392818e+01]
 [ 1.03170067e+02  4.85207656e+01]
 [ 1.05167834e+02  5.10538873e+01]
 [ 1.06697860e+02  5.00270953e+01]
 [ 1.09867623e+02  5.47739454e+01]
 [ 1.12212599e+02  5.40392782e+01]
 [ 1.12693928e+02  5.40488080e+01]
 [ 1.18367453e+02  5.83742060e+01]
 [ 1.20358834e+02  5.54991079e+01]
 [ 1.24899472e+02  5.48868024e+01]
 [ 1.25406553e+02  5.69206412e+01]
 [ 1.25800638e+02  5.52603689e+01]
 [ 1.30734064e+02  5.30863776e+01]
 [ 1.33580379e+02  5.10709289e+01]
 [ 1.36415563e+02  4.71449774e+01]
 [ 1.38727788e+02  4.66318387e+01]
 [ 1.38609561e+02  4.43846498e+01]
 [ 1.39308323e+02  4.10074498e+01]
 [ 1.39082887e+02  3.47219175e+01]
 [ 1.39746865e+02  3.28723657e+01]
 [ 1.38844063e+02  3.15962167e+01]
 [ 1.41190496e+02  2.68592867e+01]
 [ 1.41702557e+02  2.60675565e+01]
 [ 1.45059553e+02  2.49235000e+01]
 [ 1.45802102e+02  2.17995598e+01]
 [ 1.49373076e+02  1.93339225e+01]
 [ 1.45303776e+02  1.69027575e+01]
 [ 1.51362844e+02  1.34608264e+01]
 [ 1.53406581e+02  1.11599560e+01]
 [ 1.55525680e+02  8.00441666e+00]
 [ 1.54689833e+02  6.71467807e+00]
 [ 1.58954701e+02  7.03336914e+00]
 [ 1.62315347e+02  4.02135732e+00]
 [ 1.64286875e+02  2.08702683e+00]
 [ 1.68495436e+02  8.73760482e-02]
 [ 1.71963684e+02  2.13448701e+00]
 [ 1.72687715e+02 -1.82912917e+00]
 [ 1.78235871e+02  1.31874561e+00]
 [ 1.79653328e+02  1.08317629e+00]
 [ 1.86160907e+02  1.09300919e+00]
 [ 1.86553754e+02 -1.33502447e+00]
 [ 1.91884214e+02  2.52401842e+00]
 [ 1.94001240e+02  9.47169735e-01]
 [ 1.96766518e+02  1.19602265e+00]
 [ 1.99296529e+02  1.13781454e-01]
 [ 1.99165779e+02  1.85690833e+00]
 [ 2.01438886e+02 -5.05045142e-01]
 [ 2.07033850e+02 -1.64500939e+00]
 [ 2.11232521e+02  2.62281041e-02]
 [ 2.12657527e+02  1.09992824e+00]
 [ 2.15585437e+02  2.12980148e+00]
 [ 2.19781326e+02 -1.18942521e+00]
 [ 2.19337745e+02 -2.44151844e+00]
 [ 2.26838909e+02 -3.54033788e-02]
 [ 2.27602766e+02  3.53222943e+00]
 [ 2.28700435e+02  1.69080544e+00]
 [ 2.32211318e+02  5.37994938e+00]
 [ 2.33849394e+02  5.88168848e+00]
 [ 2.33931388e+02  1.04971318e+01]
 [ 2.38567005e+02  1.15102941e+01]
 [ 2.38114642e+02  1.32419050e+01]
 [ 2.37151264e+02  2.02477817e+01]
 [ 2.37529773e+02  2.45987076e+01]
 [ 2.35106699e+02  2.48180382e+01]
 [ 2.34481386e+02  2.73869569e+01]
 [ 2.32823042e+02  2.79840854e+01]
 [ 2.29341982e+02  3.54747962e+01]
 [ 2.28684505e+02  3.02179797e+01]
 [ 2.26068777e+02  3.66903520e+01]
 [ 2.24982822e+02  4.04133933e+01]
 [ 2.26417573e+02  4.10302981e+01]
 [ 2.23901790e+02  4.27361762e+01]
 [ 2.23780581e+02  4.50255549e+01]
 [ 2.27375089e+02  5.25291394e+01]
 [ 2.24917255e+02  5.11054846e+01]
 [ 2.25839001e+02  5.39107073e+01]
 [ 2.25928278e+02  5.57893985e+01]
 [ 2.34970850e+02  5.87329215e+01]
 [ 2.36514799e+02  6.05495239e+01]
 [ 2.39849439e+02  6.38395327e+01]
 [ 2.38973867e+02  6.92486333e+01]
 [ 2.41690078e+02  6.50316104e+01]
 [ 2.45320715e+02  6.77687049e+01]
 [ 2.49582763e+02  6.68986501e+01]
 [ 2.52189556e+02  6.94911260e+01]
 [ 2.52922315e+02  6.78666412e+01]
 [ 2.55471395e+02  7.00471582e+01]
 [ 2.58221964e+02  6.42858025e+01]
 [ 2.59928821e+02  6.24612430e+01]
 [ 2.63388209e+02  6.17857976e+01]
 [ 2.63913673e+02  5.77194926e+01]
 [ 2.63656229e+02  5.39119610e+01]
 [ 2.70356349e+02  5.37476199e+01]
 [ 2.64968796e+02  4.71807721e+01]
 [ 2.64074971e+02  4.62154733e+01]
 [ 2.64485374e+02  4.23424123e+01]
 [ 2.60929638e+02  4.30384635e+01]
 [ 2.61542601e+02  3.81020039e+01]
 [ 2.58179932e+02  3.60099949e+01]
 [ 2.51464897e+02  3.55564965e+01]
 [ 2.51414085e+02  3.29393849e+01]
 [ 2.49090368e+02  3.51126675e+01]
 [ 2.45296448e+02  3.19571030e+01]
 [ 2.45075723e+02  3.58550147e+01]
 [ 2.39893158e+02  3.66838353e+01]
 [ 2.38325290e+02  3.78417468e+01]
 [ 2.34361524e+02  4.02826324e+01]
 [ 2.35872556e+02  4.20442533e+01]
 [ 2.33111110e+02  3.78346691e+01]
 [ 2.31316512e+02  4.61349898e+01]
 [ 2.29844178e+02  4.81011363e+01]
 [ 2.29800481e+02  5.26450071e+01]
 [ 2.29498555e+02  5.43266303e+01]
 [ 2.32434388e+02  5.62818277e+01]
 [ 2.33327980e+02  6.09576913e+01]
 [ 2.32230307e+02  6.27603430e+01]
 [ 2.34121295e+02  6.63845509e+01]
 [ 2.38435097e+02  6.63207034e+01]
 [ 2.38945636e+02  6.89452267e+01]
 [ 2.44912481e+02  6.91706306e+01]
 [ 2.47085192e+02  6.91121283e+01]
 [ 2.49553033e+02  6.90498534e+01]
 [ 2.52808055e+02  6.65143379e+01]
 [ 2.56080833e+02  6.72295475e+01]
 [ 2.58148327e+02  6.53994566e+01]
 [ 2.60258897e+02  6.22274252e+01]
 [ 2.63335876e+02  5.88615159e+01]
 [ 2.61318739e+02  5.90790174e+01]
 [ 2.65908490e+02  5.62617268e+01]
 [ 2.63664613e+02  5.07242597e+01]
 [ 2.63547585e+02  4.98388861e+01]
 [ 2.65650323e+02  4.78895782e+01]
 [ 2.59604741e+02  4.72540919e+01]
 [ 2.59630864e+02  4.04058845e+01]
 [ 2.60352866e+02  3.94912361e+01]
 [ 2.55162656e+02  3.81304461e+01]
 [ 2.54284231e+02  3.79781433e+01]
 [ 2.48069622e+02  3.86613500e+01]
 [ 2.48568747e+02  3.47851183e+01]
 [ 2.42928147e+02  3.41149572e+01]
 [ 2.41431946e+02  3.53287173e+01]
 [ 2.37362236e+02  3.87452306e+01]
 [ 2.36574612e+02  3.86219411e+01]
 [ 2.34978702e+02  4.33566714e+01]
 [ 2.30482201e+02  4.28349294e+01]
 [ 2.32235099e+02  4.75206409e+01]
 [ 2.30348836e+02  5.10737748e+01]
 [ 2.28079308e+02  5.00966825e+01]
 [ 2.28638998e+02  5.54905948e+01]
 [ 2.29489117e+02  5.74821063e+01]
 [ 2.30459851e+02  6.00144361e+01]
 [ 2.32111037e+02  6.39709581e+01]
 [ 2.36049657e+02  6.54312361e+01]
 [ 2.35290911e+02  6.81865111e+01]
 [ 2.36625819e+02  7.21830334e+01]
 [ 2.37923016e+02  7.33914875e+01]
 [ 2.35263156e+02  7.85885956e+01]
 [ 2.32875962e+02  8.15002725e+01]
 [ 2.30446460e+02  8.66910888e+01]
 [ 2.30294016e+02  8.78778414e+01]
 [ 2.30852531e+02  9.12158444e+01]
 [ 2.32701543e+02  9.26333092e+01]
 [ 2.34597823e+02  9.67789222e+01]
 [ 2.35731353e+02  9.31517245e+01]
 [ 2.37174412e+02  1.00019686e+02]
 [ 2.40095411e+02  1.02641986e+02]
 [ 2.44986919e+02  1.02557006e+02]
 [ 2.44120763e+02  1.05655143e+02]
 [ 2.50966280e+02  1.03414718e+02]
 [ 2.55395435e+02  1.04140423e+02]
 [ 2.53235138e+02  1.05721335e+02]
 [ 2.58999181e+02  1.06292102e+02]
 [ 2.62410095e+02  1.08495111e+02]
 [ 2.62610758e+02  1.13131272e+02]
 [ 2.62187142e+02  1.16667525e+02]
 [ 2.60913018e+02  1.19989238e+02]
 [ 2.63294323e+02  1.20130617e+02]
 [ 2.64216449e+02  1.25519364e+02]
 [ 2.63435002e+02  1.29816684e+02]
 [ 2.62598618e+02  1.31445051e+02]
 [ 2.58414348e+02  1.32113841e+02]
 [ 2.57918188e+02  1.34019247e+02]
 [ 2.55044381e+02  1.36370467e+02]
 [ 2.53120963e+02  1.36806504e+02]
 [ 2.48509317e+02  1.36738364e+02]
 [ 2.44931375e+02  1.40903362e+02]
 [ 2.43439017e+02  1.41626197e+02]
 [ 2.38949376e+02  1.38905673e+02]
 [ 2.36787251e+02  1.45137900e+02]
 [ 2.37522430e+02  1.45660609e+02]
 [ 2.32241859e+02  1.46661454e+02]
 [ 2.30856095e+02  1.48440249e+02]
 [ 2.25530998e+02  1.49895524e+02]
 [ 2.26635707e+02  1.55297364e+02]
 [ 2.24508526e+02  1.56523754e+02]
 [ 2.20820221e+02  1.54959720e+02]
 [ 2.12869686e+02  1.57357884e+02]
 [ 2.16658071e+02  1.60143745e+02]
 [ 2.12124486e+02  1.57960126e+02]
 [ 2.08803242e+02  1.55851068e+02]
 [ 2.05879914e+02  1.56376500e+02]
 [ 2.06240861e+02  1.55679882e+02]
 [ 2.00310295e+02  1.54605922e+02]
 [ 1.99021693e+02  1.52303744e+02]
 [ 1.97465020e+02  1.49914613e+02]
 [ 1.92430260e+02  1.53695277e+02]
 [ 1.87797761e+02  1.52668603e+02]
 [ 1.88816288e+02  1.52155988e+02]
 [ 1.81388987e+02  1.49852685e+02]
 [ 1.82772693e+02  1.51384174e+02]
 [ 1.77929211e+02  1.51254708e+02]
 [ 1.76041838e+02  1.49218233e+02]
 [ 1.71531011e+02  1.50690329e+02]
 [ 1.68155626e+02  1.50103484e+02]
 [ 1.67918482e+02  1.48826062e+02]
 [ 1.65875921e+02  1.53388898e+02]
 [ 1.57424769e+02  1.50126134e+02]
 [ 1.57509131e+02  1.49164829e+02]
 [ 1.52890713e+02  1.50158301e+02]
 [ 1.52111361e+02  1.49707852e+02]
 [ 1.50743524e+02  1.50982829e+02]
 [ 1.44859632e+02  1.52476870e+02]
 [ 1.42965959e+02  1.51136345e+02]
 [ 1.38637142e+02  1.54098614e+02]
 [ 1.37641535e+02  1.52359232e+02]
 [ 1.31613374e+02  1.54962680e+02]
 [ 1.30159028e+02  1.53967308e+02]
 [ 1.29755758e+02  1.59435170e+02]
 [ 1.30805317e+02  1.62143749e+02]
 [ 1.28578332e+02  1.62472187e+02]
 [ 1.25663372e+02  1.66988106e+02]
 [ 1.24910281e+02  1.69137482e+02]
 [ 1.22456507e+02  1.70050884e+02]
 [ 1.19239034e+02  1.73012592e+02]
 [ 1.14593705e+02  1.74656208e+02]
 [ 1.14136879e+02  1.73897700e+02]
 [ 1.14643415e+02  1.78858181e+02]
 [ 1.10998050e+02  1.81687474e+02]
 [ 1.12065597e+02  1.87486002e+02]
 [ 1.11714669e+02  1.88930902e+02]
 [ 1.14649606e+02  1.91956648e+02]
 [ 1.14297355e+02  1.93439709e+02]
 [ 1.13432745e+02  1.97038199e+02]
 [ 1.12958618e+02  1.98472304e+02]
 [ 1.08766046e+02  2.04527878e+02]
 [ 1.07790311e+02  2.04447271e+02]
 [ 1.05967063e+02  2.05954073e+02]
 [ 1.05300330e+02  2.06697685e+02]
 [ 1.00291523e+02  2.10207111e+02]
 [ 9.74241137e+01  2.09096579e+02]
 [ 9.32796321e+01  2.11030770e+02]
 [ 9.00675910e+01  2.10931220e+02]
 [ 8.64785400e+01  2.08188229e+02]
 [ 8.61780419e+01  2.05719743e+02]
 [ 8.47484690e+01  2.05709308e+02]
 [ 8.02231423e+01  2.01216652e+02]
 [ 7.78564852e+01  2.01016617e+02]]","[  0.     3.     6.     9.    12.    15.    18.    21.    24.    27.
  30.    33.    36.    39.    41.75  44.75  47.75  50.75  53.75  56.75
  59.75  62.75  65.75  68.75  71.5   74.25  77.25  79.75  82.25  84.25
  85.75  87.    88.5   90.25  92.5   94.75  97.25  99.25 101.   102.25
 103.25 103.5  103.25 103.5  104.25 105.5  107.25 109.5  112.   114.75
 117.5  120.5  123.5  126.5  129.25 131.5  133.75 135.25 136.5  137.25
 138.25 139.   140.   141.   142.   143.25 144.5  145.75 147.25 148.75
 150.75 152.75 155.   157.5  160.25 162.75 165.5  168.5  171.5  174.5
 177.5  180.5  183.5  186.5  189.5  192.5  195.5  198.5  201.5  204.25
 207.25 210.25 213.25 216.25 219.25 220.   220.   221.   222.5  224.5
 226.75 229.5  232.25 235.25 238.25 241.25 244.   246.5  248.75 251.
 253.25 255.75 258.25 261.25 264.25 267.25 270.25 273.   275.25 277.5
 279.25 281.25 283.5  285.5  286.75 287.75 288.25 288.25 287.5  286.5
 285.   283.   280.75 278.   275.25 272.25 269.25 266.25 263.5  261.
 258.75 256.75 255.5  254.5  254.   254.   254.75 255.75 257.5  259.
 261.   263.5  266.25 269.   272.   275.   278.   280.75 283.25 285.25
 287.25 288.5  289.25 289.75 289.5  288.75 287.5  286.   283.75 281.5
 278.75 275.75 272.75 269.75 267.   264.25 261.75 259.5  257.75 256.5
 255.75 255.25 255.5  256.25 257.5  259.25 261.25 263.75 266.5  269.25
 272.25 275.25 278.25 281.   283.5  286.25 289.   292.   295.   298.
 300.5  303.5  306.5  309.5  312.5  315.25 317.5  319.75 321.5  322.75
 323.5  323.75 324.75 326.   327.75 329.75 332.25 335.   338.   341.
 344.   346.75 349.5  352.   354.   355.75 357.   358.   359.25 360.5
 361.75 363.5  365.25 366.75 369.   370.   370.   370.   370.   371.25
 374.25 377.25 380.25 383.   385.75 388.5  391.25 394.25 397.25 400.25
 403.   406.   409.   412.   415.   418.   421.   424.   427.   430.
 433.   436.   439.   442.   445.   448.   450.75 453.5  456.   458.25
 459.75 461.   462.75 464.25 466.5  468.75 471.25 473.5  475.5  476.75
 477.75 478.25 478.   477.5  477.25 477.75 478.75 480.   482.   484.25
 486.75 489.5  492.5  495.5  498.5  501.25 504.   506.25 508.25 509.75
 511.  ]",43.66229417045464,0.05293590215869972,polyline,Vector Field
17.435521446143092,16.5,10,8.073241306109846,0.15170366732387247,42.857142857142854,299,"[[ 0.00000000e+00  0.00000000e+00]
 [ 2.99978798e+00  3.56657923e-02]
 [ 5.99958683e+00  9.25247688e-04]
 [ 8.99799405e+00 -9.68200386e-02]
 [ 1.19885754e+01 -3.34356183e-01]
 [ 1.49748371e+01 -4.75797865e-02]
 [ 1.79748360e+01 -5.01734384e-02]
 [ 2.09740632e+01  1.79139871e-02]
 [ 2.39677788e+01  2.11994240e-01]
 [ 2.69674069e+01  2.59230462e-01]
 [ 2.99496204e+01 -6.69641375e-02]
 [ 3.29286145e+01 -4.21356787e-01]
 [ 3.59285539e+01 -4.40419899e-01]
 [ 3.89280699e+01 -3.86536331e-01]
 [ 4.19113105e+01 -6.98729115e-02]
 [ 4.49109444e+01 -1.16742750e-01]
 [ 4.79099441e+01 -3.92774878e-02]
 [ 5.09067310e+01 -1.78087020e-01]
 [ 5.39060508e+01 -2.41967501e-01]
 [ 5.69050230e+01 -1.63444581e-01]
 [ 5.98820022e+01 -5.34382523e-01]
 [ 6.28658501e+01 -8.45270207e-01]
 [ 6.58652740e+01 -9.04064354e-01]
 [ 6.88551172e+01 -6.57411515e-01]
 [ 7.17563508e+01  1.06030114e-01]
 [ 7.44803513e+01  1.36293974e+00]
 [ 7.73815849e+01  2.12638137e+00]
 [ 8.01055853e+01  3.38329099e+00]
 [ 8.25691426e+01  5.09527390e+00]
 [ 8.46970027e+01  7.21003427e+00]
 [ 8.64241660e+01  9.66297268e+00]
 [ 8.76978731e+01  1.23791594e+01]
 [ 8.92239129e+01  1.49620265e+01]
 [ 9.09745062e+01  1.73982989e+01]
 [ 9.22741871e+01  2.01021535e+01]
 [ 9.40247804e+01  2.25384258e+01]
 [ 9.53244613e+01  2.52422804e+01]
 [ 9.61335285e+01  2.81311228e+01]
 [ 9.64272674e+01  3.11167077e+01]
 [ 9.61967053e+01  3.41078348e+01]
 [ 9.54488852e+01  3.70131343e+01]
 [ 9.42066505e+01  3.97438582e+01]
 [ 9.25079478e+01  4.22165913e+01]
 [ 9.04046672e+01  4.43557993e+01]
 [ 8.79610575e+01  4.60961359e+01]
 [ 8.52517634e+01  4.73844392e+01]
 [ 8.23595455e+01  4.81813555e+01]
 [ 7.93727522e+01  4.84625415e+01]
 [ 7.63826207e+01  4.82194078e+01]
 [ 7.34804905e+01  4.74593813e+01]
 [ 7.07550127e+01  4.62056786e+01]
 [ 6.82894422e+01  4.44965964e+01]
 [ 6.61590945e+01  4.23843419e+01]
 [ 6.44290454e+01  3.99334380e+01]
 [ 6.31521424e+01  3.72187522e+01]
 [ 6.23673911e+01  3.43232099e+01]
 [ 6.20987631e+01  3.13352609e+01]
 [ 6.23544641e+01  2.83461780e+01]
 [ 6.31266835e+01  2.54472683e+01]
 [ 6.43918321e+01  2.27270847e+01]
 [ 6.60804306e+01  2.02474405e+01]
 [ 6.79177088e+01  1.78758569e+01]
 [ 7.00990778e+01  1.58163353e+01]
 [ 7.23515269e+01  1.38348023e+01]
 [ 7.46335693e+01  1.18874239e+01]
 [ 7.72198115e+01  1.03671109e+01]
 [ 8.00312516e+01  9.32030419e+00]
 [ 8.29820089e+01  8.77898041e+00]
 [ 8.59819468e+01  8.75967537e+00]
 [ 8.89394264e+01  9.26297879e+00]
 [ 9.17641058e+01  1.02735163e+01]
 [ 9.43696998e+01  1.17604191e+01]
 [ 9.71943793e+01  1.27709566e+01]
 [ 1.00151859e+02  1.32742600e+01]
 [ 1.03151797e+02  1.32549549e+01]
 [ 1.06102554e+02  1.27136312e+01]
 [ 1.08913994e+02  1.16668244e+01]
 [ 1.11500236e+02  1.01465114e+01]
 [ 1.13782279e+02  8.19913308e+00]
 [ 1.15690412e+02  5.88417578e+00]
 [ 1.17972454e+02  3.93679743e+00]
 [ 1.20558697e+02  2.41648444e+00]
 [ 1.23370137e+02  1.36967770e+00]
 [ 1.26320894e+02  8.28353918e-01]
 [ 1.29132334e+02 -2.18452829e-01]
 [ 1.32083091e+02 -7.59776607e-01]
 [ 1.34894532e+02 -1.80658335e+00]
 [ 1.37480774e+02 -3.32689634e+00]
 [ 1.39762816e+02 -5.27427470e+00]
 [ 1.41670949e+02 -7.58923199e+00]
 [ 1.43146886e+02 -1.02010534e+01]
 [ 1.44145541e+02 -1.30299559e+01]
 [ 1.44636407e+02 -1.59895251e+01]
 [ 1.44604492e+02 -1.89893553e+01]
 [ 1.44050769e+02 -2.19378110e+01]
 [ 1.44018853e+02 -2.49376412e+01]
 [ 1.44509720e+02 -2.78972104e+01]
 [ 1.45508375e+02 -3.07261128e+01]
 [ 1.46984311e+02 -3.33379343e+01]
 [ 1.48892444e+02 -3.56528916e+01]
 [ 1.51174487e+02 -3.76002699e+01]
 [ 1.53760729e+02 -3.91205829e+01]
 [ 1.56572169e+02 -4.01673896e+01]
 [ 1.59522926e+02 -4.07087134e+01]
 [ 1.62522864e+02 -4.07280185e+01]
 [ 1.65480344e+02 -4.02247150e+01]
 [ 1.68305023e+02 -3.92141775e+01]
 [ 1.70910617e+02 -3.77272748e+01]
 [ 1.73217533e+02 -3.58094270e+01]
 [ 1.75155301e+02 -3.35192187e+01]
 [ 1.76664729e+02 -3.09266085e+01]
 [ 1.77986718e+02 -2.82335905e+01]
 [ 1.79553418e+02 -2.56751825e+01]
 [ 1.81282323e+02 -2.32234718e+01]
 [ 1.83020182e+02 -2.07780989e+01]
 [ 1.84816916e+02 -1.83756531e+01]
 [ 1.86704669e+02 -1.60440471e+01]
 [ 1.88969542e+02 -1.40767260e+01]
 [ 1.91143503e+02 -1.20093866e+01]
 [ 1.93477763e+02 -1.01249153e+01]
 [ 1.95923565e+02 -8.38766168e+00]
 [ 1.98569484e+02 -6.97376146e+00]
 [ 2.01292435e+02 -5.71457945e+00]
 [ 2.04145583e+02 -4.78746278e+00]
 [ 2.07116572e+02 -4.37126271e+00]
 [ 2.09969721e+02 -3.44414605e+00]
 [ 2.12905596e+02 -2.82718968e+00]
 [ 2.15814250e+02 -2.09252633e+00]
 [ 2.18806390e+02 -1.87550422e+00]
 [ 2.21792134e+02 -1.58338415e+00]
 [ 2.24681415e+02 -7.75883471e-01]
 [ 2.27385974e+02  5.22331147e-01]
 [ 2.29823195e+02  2.27160325e+00]
 [ 2.31918629e+02  4.41849795e+00]
 [ 2.33608266e+02  6.89743423e+00]
 [ 2.34840494e+02  9.63268821e+00]
 [ 2.35577672e+02  1.25407063e+01]
 [ 2.35797280e+02  1.55326575e+01]
 [ 2.35492612e+02  1.85171469e+01]
 [ 2.34672973e+02  2.14030076e+01]
 [ 2.33363401e+02  2.41020853e+01]
 [ 2.31603899e+02  2.65319316e+01]
 [ 2.29923135e+02  2.90168928e+01]
 [ 2.28700693e+02  3.17565347e+01]
 [ 2.27525652e+02  3.45168388e+01]
 [ 2.26849150e+02  3.74395676e+01]
 [ 2.25972374e+02  4.03085858e+01]
 [ 2.25608510e+02  4.32864378e+01]
 [ 2.25768671e+02  4.62821594e+01]
 [ 2.26447965e+02  4.92042407e+01]
 [ 2.27625643e+02  5.19634210e+01]
 [ 2.29265729e+02  5.44754159e+01]
 [ 2.31318123e+02  5.66634916e+01]
 [ 2.33720133e+02  5.84608091e+01]
 [ 2.36094751e+02  6.02941637e+01]
 [ 2.38752302e+02  6.16860763e+01]
 [ 2.41611607e+02  6.25940282e+01]
 [ 2.44585322e+02  6.29902843e+01]
 [ 2.47582610e+02  6.28627402e+01]
 [ 2.50511912e+02  6.22152921e+01]
 [ 2.53283747e+02  6.10677173e+01]
 [ 2.55813445e+02  5.94550709e+01]
 [ 2.58023731e+02  5.74266142e+01]
 [ 2.59847087e+02  5.50443103e+01]
 [ 2.61227816e+02  5.23809312e+01]
 [ 2.62123740e+02  4.95178351e+01]
 [ 2.62507493e+02  4.65424806e+01]
 [ 2.62367350e+02  4.35457557e+01]
 [ 2.61707594e+02  4.06192011e+01]
 [ 2.60548377e+02  3.78522141e+01]
 [ 2.58925111e+02  3.53293175e+01]
 [ 2.56887381e+02  3.31275782e+01]
 [ 2.54497434e+02  3.13142525e+01]
 [ 2.51828274e+02  2.99447318e+01]
 [ 2.48961437e+02  2.90608508e+01]
 [ 2.45984496e+02  2.86896095e+01]
 [ 2.42988386e+02  2.88423480e+01]
 [ 2.40064631e+02  2.95144006e+01]
 [ 2.37302541e+02  3.06852383e+01]
 [ 2.34786491e+02  3.23190955e+01]
 [ 2.32593337e+02  3.43660630e+01]
 [ 2.30790074e+02  3.67636121e+01]
 [ 2.29017102e+02  3.91836478e+01]
 [ 2.27692558e+02  4.18754099e+01]
 [ 2.26856902e+02  4.47566734e+01]
 [ 2.26535661e+02  4.77394245e+01]
 [ 2.26738648e+02  5.07325494e+01]
 [ 2.27459661e+02  5.36446172e+01]
 [ 2.28676677e+02  5.63866734e+01]
 [ 2.30352520e+02  5.88749565e+01]
 [ 2.31569536e+02  6.16170127e+01]
 [ 2.32290549e+02  6.45290806e+01]
 [ 2.32493536e+02  6.75222054e+01]
 [ 2.32172295e+02  7.05049565e+01]
 [ 2.31336639e+02  7.33862200e+01]
 [ 2.30012095e+02  7.60779821e+01]
 [ 2.28239124e+02  7.84980178e+01]
 [ 2.26071884e+02  8.05724025e+01]
 [ 2.23576578e+02  8.22377700e+01]
 [ 2.20829430e+02  8.34432486e+01]
 [ 2.18334124e+02  8.51086161e+01]
 [ 2.15586977e+02  8.63140947e+01]
 [ 2.12671903e+02  8.70228606e+01]
 [ 2.09677952e+02  8.72132633e+01]
 [ 2.06696577e+02  8.68794866e+01]
 [ 2.03818852e+02  8.60317262e+01]
 [ 2.01132682e+02  8.46958787e+01]
 [ 1.98720120e+02  8.29127500e+01]
 [ 1.96654864e+02  8.07368094e+01]
 [ 1.95000001e+02  7.82345250e+01]
 [ 1.93806081e+02  7.54823340e+01]
 [ 1.93109576e+02  7.25643073e+01]
 [ 1.92931760e+02  6.95695816e+01]
 [ 1.93278067e+02  6.65896367e+01]
 [ 1.94137916e+02  6.37155006e+01]
 [ 1.95485044e+02  6.10349694e+01]
 [ 1.97220472e+02  5.85878714e+01]
 [ 1.98990156e+02  5.61654305e+01]
 [ 2.00311044e+02  5.34718723e+01]
 [ 2.01142786e+02  5.05894768e+01]
 [ 2.01459977e+02  4.76062923e+01]
 [ 2.01252927e+02  4.46134458e+01]
 [ 2.00527959e+02  4.17023596e+01]
 [ 1.99307221e+02  3.89619585e+01]
 [ 1.98582254e+02  3.60508723e+01]
 [ 1.98375204e+02  3.30580259e+01]
 [ 1.98692394e+02  3.00748413e+01]
 [ 1.99524137e+02  2.71924458e+01]
 [ 2.00845025e+02  2.44988877e+01]
 [ 2.02614709e+02  2.20764468e+01]
 [ 2.04779130e+02  1.99991213e+01]
 [ 2.06873565e+02  1.78512524e+01]
 [ 2.09309973e+02  1.61008472e+01]
 [ 2.12013928e+02  1.48013750e+01]
 [ 2.14902832e+02  1.39925309e+01]
 [ 2.17888440e+02  1.36990225e+01]
 [ 2.20879549e+02  1.39298155e+01]
 [ 2.23784791e+02  1.46778600e+01]
 [ 2.26515419e+02  1.59203055e+01]
 [ 2.28988021e+02  1.76191991e+01]
 [ 2.31127067e+02  1.97226448e+01]
 [ 2.32867214e+02  2.21663889e+01]
 [ 2.34155309e+02  2.48757824e+01]
 [ 2.34952002e+02  2.77680619e+01]
 [ 2.35232957e+02  3.07548769e+01]
 [ 2.34989592e+02  3.37449895e+01]
 [ 2.34229342e+02  3.66470611e+01]
 [ 2.32975429e+02  3.93724421e+01]
 [ 2.31266156e+02  4.18378807e+01]
 [ 2.30012243e+02  4.45632617e+01]
 [ 2.29251992e+02  4.74653333e+01]
 [ 2.29008628e+02  5.04554459e+01]
 [ 2.29289583e+02  5.34422609e+01]
 [ 2.30086276e+02  5.63345404e+01]
 [ 2.31374370e+02  5.90439339e+01]
 [ 2.33114518e+02  6.14876780e+01]
 [ 2.34402612e+02  6.41970716e+01]
 [ 2.35199305e+02  6.70893510e+01]
 [ 2.35480261e+02  7.00761660e+01]
 [ 2.35236896e+02  7.30662787e+01]
 [ 2.34476646e+02  7.59683502e+01]
 [ 2.33222733e+02  7.86937313e+01]
 [ 2.31513460e+02  8.11591698e+01]
 [ 2.29401041e+02  8.32893544e+01]
 [ 2.26950004e+02  8.50192143e+01]
 [ 2.24837585e+02  8.71493988e+01]
 [ 2.23128312e+02  8.96148373e+01]
 [ 2.21874399e+02  9.23402184e+01]
 [ 2.21114148e+02  9.52422899e+01]
 [ 2.19860235e+02  9.79676710e+01]
 [ 2.18150963e+02  1.00433110e+02]
 [ 2.16038544e+02  1.02563294e+02]
 [ 2.13587506e+02  1.04293154e+02]
 [ 2.10872722e+02  1.05569847e+02]
 [ 2.07977119e+02  1.06354375e+02]
 [ 2.04989149e+02  1.06622772e+02]
 [ 2.02000086e+02  1.06366841e+02]
 [ 1.99101236e+02  1.05594397e+02]
 [ 1.96381150e+02  1.04329039e+02]
 [ 1.93922919e+02  1.02609417e+02]
 [ 1.91704463e+02  1.00589899e+02]
 [ 1.89766652e+02  9.82997271e+01]
 [ 1.87821964e+02  9.60153909e+01]
 [ 1.86152225e+02  9.35230083e+01]
 [ 1.84593886e+02  9.09594990e+01]
 [ 1.83360555e+02  8.82247425e+01]
 [ 1.82318892e+02  8.54113922e+01]
 [ 1.81599749e+02  8.24988620e+01]
 [ 1.81398684e+02  7.95056074e+01]
 [ 1.81094276e+02  7.65210914e+01]
 [ 1.81056626e+02  7.35213277e+01]
 [ 1.81327731e+02  7.05336024e+01]
 [ 1.81630508e+02  6.75489205e+01]
 [ 1.82288041e+02  6.46218656e+01]
 [ 1.83445156e+02  6.18539989e+01]
 [ 1.84358425e+02  5.89963882e+01]
 [ 1.85755279e+02  5.63414308e+01]
 [ 1.86668549e+02  5.34838202e+01]
 [ 1.87070336e+02  5.05108475e+01]
 [ 1.87983606e+02  4.76532368e+01]
 [ 1.89380460e+02  4.49982795e+01]]","[[ 0.00000000e+00  0.00000000e+00]
 [ 1.88595332e-01 -1.98157295e-01]
 [ 3.96042196e+00  1.93015968e-01]
 [ 5.19608277e+00  5.43317830e-01]
 [ 1.09539941e+01  1.32380141e+00]
 [ 1.09329725e+01 -2.23248839e+00]
 [ 1.40399254e+01  1.44091825e-02]
 [ 1.44872898e+01 -3.78360934e-01]
 [ 1.91051968e+01 -1.08048704e+00]
 [ 2.31513903e+01 -2.62455995e-01]
 [ 2.75848527e+01  1.82300052e+00]
 [ 2.97568184e+01  1.98273107e+00]
 [ 3.19308225e+01  1.05908318e-01]
 [ 3.72837592e+01 -2.99401453e-01]
 [ 3.78128211e+01 -1.76912440e+00]
 [ 4.12247218e+01  2.60419774e-01]
 [ 4.33965171e+01 -4.30506112e-01]
 [ 4.76711065e+01  7.71990889e-01]
 [ 5.12287197e+01  3.54972043e-01]
 [ 5.29253079e+01 -4.36387952e-01]
 [ 5.80809862e+01  2.07670214e+00]
 [ 5.79934039e+01  1.73650314e+00]
 [ 6.48846633e+01  3.26696894e-01]
 [ 6.62619574e+01 -1.37494858e+00]
 [ 7.10421482e+01  2.28297596e+00]
 [ 7.44588032e+01  2.07868576e+00]
 [ 7.50164219e+01 -4.49538209e-01]
 [ 7.73749037e+01  3.11109377e+00]
 [ 7.81730431e+01  3.97597408e+00]
 [ 8.32139382e+01  6.13933798e+00]
 [ 8.29208258e+01  6.21748041e+00]
 [ 8.57695132e+01  7.90826982e+00]
 [ 9.03069249e+01  1.16352933e+01]
 [ 8.97173673e+01  1.45741677e+01]
 [ 9.33497155e+01  1.93788404e+01]
 [ 9.32242160e+01  1.67968886e+01]
 [ 9.41028239e+01  2.35639551e+01]
 [ 9.68304037e+01  2.43154198e+01]
 [ 9.88665455e+01  2.61504763e+01]
 [ 9.54349754e+01  3.25192827e+01]
 [ 9.62702873e+01  3.71114237e+01]
 [ 9.57316640e+01  3.60633431e+01]
 [ 9.36403053e+01  3.81071390e+01]
 [ 9.05914276e+01  4.31622085e+01]
 [ 9.12764160e+01  4.62976375e+01]
 [ 8.68291488e+01  4.86297971e+01]
 [ 8.48206819e+01  4.97460516e+01]
 [ 8.17103667e+01  4.70781306e+01]
 [ 7.97474302e+01  5.00097211e+01]
 [ 7.66241351e+01  4.73411145e+01]
 [ 7.14686610e+01  4.53571010e+01]
 [ 7.15090370e+01  4.76902481e+01]
 [ 6.80430003e+01  4.28850491e+01]
 [ 6.74686578e+01  4.04637510e+01]
 [ 6.33594433e+01  4.08649647e+01]
 [ 5.97769307e+01  3.77983066e+01]
 [ 6.14949298e+01  3.44871294e+01]
 [ 6.19852108e+01  3.16384325e+01]
 [ 6.33957221e+01  2.72086233e+01]
 [ 6.52581565e+01  2.65364090e+01]
 [ 6.56574311e+01  2.44743806e+01]
 [ 6.72618129e+01  2.15135585e+01]
 [ 6.80310992e+01  1.57356962e+01]
 [ 6.98965102e+01  1.46620634e+01]
 [ 7.02174143e+01  1.42224815e+01]
 [ 7.37807451e+01  1.03427173e+01]
 [ 7.56553098e+01  1.07697366e+01]
 [ 8.05692595e+01  1.13039904e+01]
 [ 8.29611369e+01  1.03417400e+01]
 [ 8.80853440e+01  1.04849238e+01]
 [ 8.53914705e+01  1.11060044e+01]
 [ 9.22735358e+01  1.09091733e+01]
 [ 9.49265410e+01  1.23345548e+01]
 [ 9.76735006e+01  1.22325866e+01]
 [ 9.72994059e+01  1.31108879e+01]
 [ 1.01946199e+02  1.48752001e+01]
 [ 1.05669404e+02  1.28388442e+01]
 [ 1.07639585e+02  1.09008907e+01]
 [ 1.11482937e+02  7.91844866e+00]
 [ 1.14233306e+02  8.04002470e+00]
 [ 1.13911832e+02  2.28682649e+00]
 [ 1.18742033e+02  3.49042137e+00]
 [ 1.19763684e+02  2.06225250e+00]
 [ 1.26094851e+02  1.29497624e+00]
 [ 1.26450823e+02 -1.40225539e+00]
 [ 1.31603343e+02  1.15777915e+00]
 [ 1.33683494e+02 -6.88267510e-01]
 [ 1.36269514e+02 -1.25016310e+00]
 [ 1.38400557e+02 -3.55518578e+00]
 [ 1.37551984e+02 -3.73099317e+00]
 [ 1.38768510e+02 -7.94913700e+00]
 [ 1.42840102e+02 -1.17653436e+01]
 [ 1.45065225e+02 -1.33304504e+01]
 [ 1.43981105e+02 -1.52097625e+01]
 [ 1.43889623e+02 -1.69058853e+01]
 [ 1.44577951e+02 -2.26493104e+01]
 [ 1.41102456e+02 -2.68992710e+01]
 [ 1.46139966e+02 -2.79731165e+01]
 [ 1.45083687e+02 -2.82612354e+01]
 [ 1.45060337e+02 -3.42164210e+01]
 [ 1.48183563e+02 -3.47733856e+01]
 [ 1.50179184e+02 -3.85203967e+01]
 [ 1.51353005e+02 -3.80265588e+01]
 [ 1.57781378e+02 -4.08819548e+01]
 [ 1.59767936e+02 -4.26476826e+01]
 [ 1.61815145e+02 -3.86610920e+01]
 [ 1.65683940e+02 -3.67591698e+01]
 [ 1.67124234e+02 -3.83437509e+01]
 [ 1.70617359e+02 -3.68785480e+01]
 [ 1.73206716e+02 -3.66512242e+01]
 [ 1.73853876e+02 -2.89201636e+01]
 [ 1.76548712e+02 -3.39515995e+01]
 [ 1.77013817e+02 -2.72165309e+01]
 [ 1.78803405e+02 -2.36345132e+01]
 [ 1.82785921e+02 -2.34519798e+01]
 [ 1.82311858e+02 -2.22853004e+01]
 [ 1.83766966e+02 -2.05853677e+01]
 [ 1.88511264e+02 -1.36579959e+01]
 [ 1.87085335e+02 -1.58492504e+01]
 [ 1.88490735e+02 -1.34551679e+01]
 [ 1.88818258e+02 -1.18383337e+01]
 [ 1.97868939e+02 -8.90617047e+00]
 [ 1.99851361e+02 -7.70721505e+00]
 [ 2.03933436e+02 -5.41575247e+00]
 [ 2.03572580e+02 -9.58826742e-01]
 [ 2.06629865e+02 -6.20309774e+00]
 [ 2.10272586e+02 -3.50239860e+00]
 [ 2.14505083e+02 -4.20964056e+00]
 [ 2.17021326e+02 -8.13403625e-01]
 [ 2.17804859e+02 -1.63063821e+00]
 [ 2.20546006e+02  1.93532796e+00]
 [ 2.23625205e+02 -1.45549514e+00]
 [ 2.25787217e+02  3.14923375e-03]
 [ 2.29814381e+02  3.42328695e+00]
 [ 2.31002899e+02  4.13983701e+00]
 [ 2.31483532e+02  5.65633089e+00]
 [ 2.38974205e+02  1.11945530e+01]
 [ 2.34405536e+02  1.05346104e+01]
 [ 2.34333906e+02  1.55001212e+01]
 [ 2.35544704e+02  1.74006060e+01]
 [ 2.32743111e+02  2.35365753e+01]
 [ 2.34040929e+02  2.35402333e+01]
 [ 2.31272907e+02  2.57376360e+01]
 [ 2.25519066e+02  2.91903855e+01]
 [ 2.27094877e+02  3.02525082e+01]
 [ 2.26565259e+02  3.56152913e+01]
 [ 2.25093353e+02  3.52881455e+01]
 [ 2.26932152e+02  4.14401391e+01]
 [ 2.24170109e+02  4.41300343e+01]
 [ 2.25331222e+02  4.67340977e+01]
 [ 2.24556525e+02  5.04535824e+01]
 [ 2.29430531e+02  5.29190309e+01]
 [ 2.30103239e+02  4.88170032e+01]
 [ 2.31709068e+02  5.66253236e+01]
 [ 2.33499565e+02  5.75149422e+01]
 [ 2.36177799e+02  6.09123398e+01]
 [ 2.38356620e+02  6.09910900e+01]
 [ 2.43456238e+02  6.09359775e+01]
 [ 2.46130555e+02  6.32555030e+01]
 [ 2.46376151e+02  6.24277674e+01]
 [ 2.49131921e+02  6.32278888e+01]
 [ 2.53805600e+02  6.02325231e+01]
 [ 2.54160118e+02  5.99076450e+01]
 [ 2.59459809e+02  5.72558597e+01]
 [ 2.60474616e+02  5.44802695e+01]
 [ 2.61329170e+02  5.19440069e+01]
 [ 2.62564804e+02  4.72531763e+01]
 [ 2.63473778e+02  4.61975819e+01]
 [ 2.62905262e+02  4.30352905e+01]
 [ 2.62188136e+02  3.90103569e+01]
 [ 2.62332109e+02  3.52968972e+01]
 [ 2.57366253e+02  3.56828167e+01]
 [ 2.59081645e+02  3.35447677e+01]
 [ 2.54125571e+02  2.91766172e+01]
 [ 2.51541359e+02  2.99149163e+01]
 [ 2.51497290e+02  2.99940387e+01]
 [ 2.43690856e+02  3.17297781e+01]
 [ 2.42395871e+02  2.75231584e+01]
 [ 2.42276865e+02  2.94397670e+01]
 [ 2.36751437e+02  3.10134173e+01]
 [ 2.36053824e+02  3.38090998e+01]
 [ 2.30530533e+02  3.73637852e+01]
 [ 2.32210366e+02  3.61948105e+01]
 [ 2.27789112e+02  3.77301292e+01]
 [ 2.27877626e+02  4.09033855e+01]
 [ 2.25709591e+02  4.59735550e+01]
 [ 2.27082512e+02  4.71475676e+01]
 [ 2.27840019e+02  5.27836173e+01]
 [ 2.25817917e+02  5.27396794e+01]
 [ 2.30090610e+02  5.74650843e+01]
 [ 2.30692568e+02  6.06185883e+01]
 [ 2.29937218e+02  5.93983059e+01]
 [ 2.30990788e+02  6.47128967e+01]
 [ 2.31299406e+02  6.67913782e+01]
 [ 2.30709795e+02  6.95743128e+01]
 [ 2.29829458e+02  7.39374193e+01]
 [ 2.31204431e+02  7.53573132e+01]
 [ 2.27928225e+02  7.76264690e+01]
 [ 2.26868761e+02  8.07059865e+01]
 [ 2.25967813e+02  8.05945620e+01]
 [ 2.21373184e+02  8.41092357e+01]
 [ 2.17793464e+02  8.59839173e+01]
 [ 2.13429193e+02  8.94922992e+01]
 [ 2.10658837e+02  8.84025715e+01]
 [ 2.07996268e+02  8.89395879e+01]
 [ 2.06119416e+02  8.71171209e+01]
 [ 2.03898868e+02  8.76828273e+01]
 [ 2.00650361e+02  8.02451031e+01]
 [ 1.97580032e+02  8.31883185e+01]
 [ 1.95994162e+02  8.18915407e+01]
 [ 1.96522992e+02  7.80128673e+01]
 [ 1.91571613e+02  7.75585817e+01]
 [ 1.94734156e+02  7.21155206e+01]
 [ 1.96094193e+02  6.90462685e+01]
 [ 1.91572387e+02  6.63558266e+01]
 [ 1.95754667e+02  6.23093205e+01]
 [ 1.98411882e+02  5.96901801e+01]
 [ 1.98652106e+02  5.94045649e+01]
 [ 1.98759070e+02  5.77862300e+01]
 [ 1.98061345e+02  5.55082300e+01]
 [ 2.01047260e+02  4.97758240e+01]
 [ 2.02583738e+02  4.91961408e+01]
 [ 2.02407620e+02  4.76127015e+01]
 [ 2.02149049e+02  4.36276196e+01]
 [ 1.98497425e+02  3.91217442e+01]
 [ 1.99426728e+02  3.60242590e+01]
 [ 1.98827657e+02  3.36971830e+01]
 [ 1.99958760e+02  2.99224280e+01]
 [ 1.98999438e+02  2.59499723e+01]
 [ 1.99507427e+02  2.62575645e+01]
 [ 2.02487926e+02  2.32568634e+01]
 [ 2.02833084e+02  1.70918691e+01]
 [ 2.05299928e+02  1.95711929e+01]
 [ 2.10912089e+02  1.65989051e+01]
 [ 2.10810672e+02  1.46051711e+01]
 [ 2.14456192e+02  1.34750709e+01]
 [ 2.14129335e+02  1.24121329e+01]
 [ 2.20594386e+02  1.62044572e+01]
 [ 2.24025906e+02  1.67791924e+01]
 [ 2.25924859e+02  1.55412726e+01]
 [ 2.23138888e+02  1.83141946e+01]
 [ 2.31947710e+02  2.23682834e+01]
 [ 2.32137073e+02  2.23076201e+01]
 [ 2.33097017e+02  2.31113968e+01]
 [ 2.33882340e+02  2.72505641e+01]
 [ 2.37266114e+02  3.07581943e+01]
 [ 2.33803775e+02  3.39578063e+01]
 [ 2.34555699e+02  3.56327130e+01]
 [ 2.34690279e+02  3.65399188e+01]
 [ 2.30945839e+02  4.28354798e+01]
 [ 2.28004594e+02  4.51051424e+01]
 [ 2.31191332e+02  4.81458402e+01]
 [ 2.26473388e+02  4.93631534e+01]
 [ 2.31138038e+02  5.38897638e+01]
 [ 2.30071488e+02  5.69963413e+01]
 [ 2.32455944e+02  5.79812361e+01]
 [ 2.32678918e+02  6.17020485e+01]
 [ 2.33586676e+02  6.39968942e+01]
 [ 2.37146113e+02  6.56376212e+01]
 [ 2.38370255e+02  7.28951826e+01]
 [ 2.32666737e+02  7.28547447e+01]
 [ 2.34990683e+02  7.48270436e+01]
 [ 2.32111112e+02  7.83376077e+01]
 [ 2.32622227e+02  8.03921691e+01]
 [ 2.32141082e+02  8.37243154e+01]
 [ 2.26796141e+02  8.71931038e+01]
 [ 2.25777006e+02  8.77033289e+01]
 [ 2.22631601e+02  9.23358158e+01]
 [ 2.23092131e+02  9.20351014e+01]
 [ 2.18748350e+02  9.58017172e+01]
 [ 2.18144625e+02  9.53937520e+01]
 [ 2.17732235e+02  1.00855316e+02]
 [ 2.17962266e+02  1.02986972e+02]
 [ 2.14796536e+02  1.02454330e+02]
 [ 2.10838924e+02  1.05756164e+02]
 [ 2.09270488e+02  1.06528466e+02]
 [ 2.06195268e+02  1.05866474e+02]
 [ 2.02537018e+02  1.06989140e+02]
 [ 1.97226572e+02  1.05857705e+02]
 [ 1.95900606e+02  1.01472907e+02]
 [ 1.95360529e+02  1.02066629e+02]
 [ 1.90425878e+02  1.00023924e+02]
 [ 1.89973952e+02  1.00561591e+02]
 [ 1.87573065e+02  9.67240022e+01]
 [ 1.88212594e+02  9.43233341e+01]
 [ 1.86196733e+02  9.02447342e+01]
 [ 1.84517129e+02  8.81377785e+01]
 [ 1.83930509e+02  8.39060529e+01]
 [ 1.80430412e+02  8.44019594e+01]
 [ 1.81104558e+02  7.89671665e+01]
 [ 1.81210635e+02  7.54868452e+01]
 [ 1.83054538e+02  7.16475837e+01]
 [ 1.81101834e+02  7.10540316e+01]
 [ 1.81473837e+02  6.63454892e+01]
 [ 1.80985457e+02  6.52599573e+01]
 [ 1.81899435e+02  6.28233629e+01]
 [ 1.82072203e+02  5.81639136e+01]
 [ 1.85809738e+02  5.44632029e+01]
 [ 1.87646565e+02  5.34560120e+01]
 [ 1.85516226e+02  4.82325151e+01]
 [ 1.85635222e+02  4.77297877e+01]]","[  0.     3.     6.     9.    12.    15.    18.    21.    24.    27.
  30.    33.    36.    39.    42.    45.    48.    51.    54.    57.
  60.    62.75  65.75  68.75  71.75  74.5   77.5   80.    82.5   84.75
  86.5   87.75  89.25  91.    92.25  94.    95.25  96.25  96.5   96.25
  95.5   94.25  92.5   90.5   88.    85.25  82.25  79.25  76.5   73.5
  70.75  68.25  66.25  64.5   63.25  62.25  62.    62.25  63.25  64.5
  66.    68.    70.    72.25  74.75  77.25  80.    83.    86.    89.
  91.75  94.25  97.25 100.25 103.25 106.   109.   111.5  113.75 115.75
 118.   120.5  123.25 126.25 129.25 132.   135.   137.5  139.75 141.75
 143.25 144.25 144.75 144.5  144.   144.   144.5  145.5  147.   149.
 151.25 153.75 156.5  159.5  162.5  165.5  168.25 171.   173.25 175.25
 176.75 178.   179.5  181.25 183.   184.75 186.75 189.   191.25 193.5
 196.   198.5  201.25 204.25 207.   210.   213.   215.75 218.75 220.
 220.   220.5  222.25 224.5  227.   229.75 232.5  235.5  238.5  241.5
 244.   246.5  249.   251.75 254.5  257.5  260.25 263.25 266.25 269.25
 272.   274.5  276.75 278.5  280.25 281.75 282.5  283.   282.75 282.25
 281.   279.5  277.5  275.   272.5  269.5  266.5  263.5  260.5  257.75
 255.25 253.25 251.25 250.   249.   248.75 248.75 249.5  250.75 252.25
 254.25 256.75 259.25 262.   264.75 267.75 270.75 273.75 276.5  278.75
 281.5  284.5  287.5  290.5  293.5  296.   298.5  300.5  302.25 303.5
 305.   306.25 307.   307.25 307.   306.   304.75 303.   300.75 298.25
 295.5  292.5  289.5  286.5  283.75 281.   278.5  276.25 273.5  270.5
 267.5  264.5  261.75 259.   256.   253.   250.   247.25 244.5  242.
 240.   237.75 236.   234.75 234.   233.75 234.   234.75 236.   237.5
 239.75 242.25 245.   247.75 250.75 253.75 256.75 259.25 261.75 264.5
 267.5  270.5  273.5  276.25 279.   281.5  284.25 287.   290.   293.
 296.   298.75 301.25 303.25 305.   307.25 309.5  312.25 315.25 318.
 320.5  322.5  324.25 325.5  326.25 326.5  326.25 325.5  324.25 322.5
 320.5  318.25 316.   313.5  311.   308.25 305.5  302.5  299.5  296.5
 293.5  290.5  287.5  284.5  281.75 279.   276.25 273.5  270.5  267.75
 265.  ]",45.359396529837866,0.04870889990229387,polyline,Nonlinear Stabilization
17.083664056364576,23.5,4,6.92237125488265,0.11897338162396667,56.810631229235874,299,"[[ 0.00000000e+00  0.00000000e+00]
 [ 2.99990623e+00  2.37198717e-02]
 [ 5.99982779e+00  2.02627509e-03]
 [ 8.99911975e+00 -6.31486350e-02]
 [ 1.19947227e+01 -2.25515136e-01]
 [ 1.49840092e+01  2.77956115e-02]
 [ 1.79839898e+01  1.70003308e-02]
 [ 2.09837575e+01  5.43345878e-02]
 [ 2.39811205e+01  1.80090365e-01]
 [ 2.69809140e+01  2.15291058e-01]
 [ 2.99623131e+01 -1.18265168e-01]
 [ 3.29502589e+01 -3.86927970e-01]
 [ 3.59502056e+01 -4.04806867e-01]
 [ 3.89500116e+01 -3.70690544e-01]
 [ 4.19424610e+01 -1.57978317e-01]
 [ 4.49423853e+01 -1.79300183e-01]
 [ 4.79417815e+01 -1.19114183e-01]
 [ 5.09405133e+01 -2.06334418e-01]
 [ 5.39402351e+01 -2.47192494e-01]
 [ 5.69397494e+01 -1.93215438e-01]
 [ 5.99285608e+01 -4.52072045e-01]
 [ 6.29206275e+01 -6.70101033e-01]
 [ 6.59199173e+01 -7.35374462e-01]
 [ 6.89162680e+01 -5.87446865e-01]
 [ 7.18410987e+01  7.99104027e-02]
 [ 7.46050647e+01  1.24631163e+00]
 [ 7.75298953e+01  1.91366890e+00]
 [ 8.02938614e+01  3.08007013e+00]
 [ 8.28125321e+01  4.70988535e+00]
 [ 8.50089699e+01  6.75332872e+00]
 [ 8.68160804e+01  9.14797935e+00]
 [ 8.81786620e+01  1.18206880e+01]
 [ 8.96770996e+01  1.44196656e+01]
 [ 9.14099959e+01  1.68685573e+01]
 [ 9.35427969e+01  1.89783345e+01]
 [ 9.56753736e+01  2.10883384e+01]
 [ 9.74080097e+01  2.35374143e+01]
 [ 9.86877783e+01  2.62507502e+01]
 [ 9.94755866e+01  2.91454623e+01]
 [ 9.97473694e+01  3.21331260e+01]
 [ 9.94948246e+01  3.51224773e+01]
 [ 9.87256666e+01  3.80222007e+01]
 [ 9.74633909e+01  4.07437187e+01]
 [ 9.66942329e+01  4.36434421e+01]
 [ 9.64416881e+01  4.66327934e+01]
 [ 9.67134709e+01  4.96204571e+01]
 [ 9.75012791e+01  5.25151691e+01]
 [ 9.87810478e+01  5.52285051e+01]
 [ 1.00513684e+02  5.76775810e+01]
 [ 1.02646261e+02  5.97875849e+01]
 [ 1.05113634e+02  6.14940628e+01]
 [ 1.07840434e+02  6.27448870e+01]
 [ 1.10743365e+02  6.35018487e+01]
 [ 1.13733752e+02  6.37418251e+01]
 [ 1.16720247e+02  6.34574856e+01]
 [ 1.19611622e+02  6.26575159e+01]
 [ 1.22319554e+02  6.13663526e+01]
 [ 1.24761325e+02  5.96234368e+01]
 [ 1.26862345e+02  5.74820092e+01]
 [ 1.28558436e+02  5.50074838e+01]
 [ 1.29797787e+02  5.22754497e+01]
 [ 1.31067892e+02  4.95575770e+01]
 [ 1.32480935e+02  4.69112004e+01]
 [ 1.33918082e+02  4.42778358e+01]
 [ 1.35392937e+02  4.16654036e+01]
 [ 1.36966164e+02  3.91110036e+01]
 [ 1.38551630e+02  3.65641831e+01]
 [ 1.40132960e+02  3.40147915e+01]
 [ 1.41829161e+02  3.15403415e+01]
 [ 1.43575608e+02  2.91010954e+01]
 [ 1.45504282e+02  2.68032234e+01]
 [ 1.47466992e+02  2.45343534e+01]
 [ 1.49550040e+02  2.23754397e+01]
 [ 1.51788394e+02  2.03779977e+01]
 [ 1.54141588e+02  1.85172240e+01]
 [ 1.56442291e+02  1.65919280e+01]
 [ 1.58903666e+02  1.48768097e+01]
 [ 1.61506486e+02  1.33850565e+01]
 [ 1.64227119e+02  1.21208729e+01]
 [ 1.66913703e+02  1.07858578e+01]
 [ 1.69791691e+02  9.93898923e+00]
 [ 1.72576426e+02  8.82308240e+00]
 [ 1.75411422e+02  7.84185881e+00]
 [ 1.78255155e+02  6.88625383e+00]
 [ 1.81202893e+02  6.32872120e+00]
 [ 1.84054472e+02  5.39679067e+00]
 [ 1.86981542e+02  4.73932453e+00]
 [ 1.89913250e+02  4.10286014e+00]
 [ 1.92876178e+02  3.63269223e+00]
 [ 1.95815462e+02  3.03218444e+00]
 [ 1.98798247e+02  2.71125831e+00]
 [ 2.01795891e+02  2.83014531e+00]
 [ 2.04728722e+02  3.46141626e+00]
 [ 2.07626894e+02  4.23639733e+00]
 [ 2.10434317e+02  5.29393054e+00]
 [ 2.13014736e+02  6.82410674e+00]
 [ 2.15289326e+02  8.78018374e+00]
 [ 2.17188607e+02  1.11024094e+01]
 [ 2.18654561e+02  1.37198470e+01]
 [ 2.19642408e+02  1.65525416e+01]
 [ 2.20121971e+02  1.95139634e+01]
 [ 2.20228166e+02  2.25120833e+01]
 [ 2.20503546e+02  2.54994175e+01]
 [ 2.20296144e+02  2.84922396e+01]
 [ 2.20230424e+02  3.14915197e+01]
 [ 2.20292825e+02  3.44908706e+01]
 [ 2.20876485e+02  3.74335466e+01]
 [ 2.20938886e+02  4.04328975e+01]
 [ 2.21522545e+02  4.33755735e+01]
 [ 2.22609634e+02  4.61716847e+01]
 [ 2.24166945e+02  4.87358187e+01]
 [ 2.26146906e+02  5.09896490e+01]
 [ 2.28489038e+02  5.28643280e+01]
 [ 2.31121793e+02  5.43025901e+01]
 [ 2.33690482e+02  5.58523764e+01]
 [ 2.36230440e+02  5.74488139e+01]
 [ 2.38609487e+02  5.92764178e+01]
 [ 2.40633997e+02  6.14903192e+01]
 [ 2.42529359e+02  6.38157449e+01]
 [ 2.44800647e+02  6.57756553e+01]
 [ 2.47378481e+02  6.73101814e+01]
 [ 2.50184117e+02  6.83724480e+01]
 [ 2.53131850e+02  6.89300061e+01]
 [ 2.56131636e+02  6.89658242e+01]
 [ 2.59091841e+02  6.84788080e+01]
 [ 2.61922040e+02  6.74838344e+01]
 [ 2.64882245e+02  6.69968181e+01]
 [ 2.67882032e+02  6.70326362e+01]
 [ 2.70829764e+02  6.75901944e+01]
 [ 2.73635400e+02  6.86524609e+01]
 [ 2.76213234e+02  7.01869870e+01]
 [ 2.78484522e+02  7.21468975e+01]
 [ 2.80379884e+02  7.44723231e+01]
 [ 2.81841421e+02  7.70922293e+01]
 [ 2.82824489e+02  7.99265860e+01]
 [ 2.83299057e+02  8.28888124e+01]
 [ 2.83250629e+02  8.58884215e+01]
 [ 2.82680685e+02  8.88337845e+01]
 [ 2.81606634e+02  9.16349297e+01]
 [ 2.80061285e+02  9.42062906e+01]
 [ 2.78091844e+02  9.64693201e+01]
 [ 2.75758472e+02  9.83548897e+01]
 [ 2.73132445e+02  9.98054009e+01]
 [ 2.70441628e+02  1.01131864e+02]
 [ 2.67768366e+02  1.02493361e+02]
 [ 2.65096695e+02  1.03857975e+02]
 [ 2.62505651e+02  1.05370090e+02]
 [ 2.59872982e+02  1.06808510e+02]
 [ 2.57331257e+02  1.08402133e+02]
 [ 2.54828864e+02  1.10056833e+02]
 [ 2.52402283e+02  1.11820834e+02]
 [ 2.49953989e+02  1.13554575e+02]
 [ 2.47683928e+02  1.15515907e+02]
 [ 2.45364159e+02  1.17418189e+02]
 [ 2.43195255e+02  1.19490833e+02]
 [ 2.41090396e+02  1.21628488e+02]
 [ 2.39157599e+02  1.23922893e+02]
 [ 2.37215870e+02  1.26209744e+02]
 [ 2.35330251e+02  1.28543077e+02]
 [ 2.33533423e+02  1.30945452e+02]
 [ 2.31420293e+02  1.33074932e+02]
 [ 2.29231796e+02  1.35126878e+02]
 [ 2.26939623e+02  1.37062321e+02]
 [ 2.24444918e+02  1.38728589e+02]
 [ 2.21956669e+02  1.40404482e+02]
 [ 2.19401466e+02  1.41976403e+02]
 [ 2.16963775e+02  1.43725020e+02]
 [ 2.14258867e+02  1.45022508e+02]
 [ 2.11478365e+02  1.46148922e+02]
 [ 2.08551870e+02  1.46808945e+02]
 [ 2.05630603e+02  1.47491730e+02]
 [ 2.02643602e+02  1.47770699e+02]
 [ 1.99651397e+02  1.47986828e+02]
 [ 1.96697015e+02  1.48508006e+02]
 [ 1.93703073e+02  1.48698562e+02]
 [ 1.90703392e+02  1.48742329e+02]
 [ 1.87712432e+02  1.48509616e+02]
 [ 1.84726636e+02  1.48801209e+02]
 [ 1.81730463e+02  1.48952681e+02]
 [ 1.78731845e+02  1.49043749e+02]
 [ 1.75732557e+02  1.48978404e+02]
 [ 1.72743409e+02  1.48723463e+02]
 [ 1.69751443e+02  1.48942874e+02]
 [ 1.66768386e+02  1.49261254e+02]
 [ 1.63775700e+02  1.49470623e+02]
 [ 1.60776943e+02  1.49384283e+02]
 [ 1.57780559e+02  1.49531527e+02]
 [ 1.54786732e+02  1.49339175e+02]
 [ 1.51793428e+02  1.49539508e+02]
 [ 1.48794347e+02  1.49465254e+02]
 [ 1.45828144e+02  1.49914298e+02]
 [ 1.42829063e+02  1.49840044e+02]
 [ 1.39862861e+02  1.50289089e+02]
 [ 1.36863780e+02  1.50214834e+02]
 [ 1.33923433e+02  1.49619550e+02]
 [ 1.30924353e+02  1.49545295e+02]
 [ 1.27984006e+02  1.48950011e+02]
 [ 1.25192213e+02  1.47851880e+02]
 [ 1.22634254e+02  1.46284448e+02]
 [ 1.20388266e+02  1.44295594e+02]
 [ 1.18142278e+02  1.42306740e+02]
 [ 1.16276870e+02  1.39957219e+02]
 [ 1.14030883e+02  1.37968365e+02]
 [ 1.12165474e+02  1.35618843e+02]
 [ 1.10737629e+02  1.32980424e+02]
 [ 1.09790961e+02  1.30133703e+02]
 [ 1.09354390e+02  1.27165639e+02]
 [ 1.09441250e+02  1.24166896e+02]
 [ 1.10048890e+02  1.21229078e+02]
 [ 1.11158746e+02  1.18441926e+02]
 [ 1.12736918e+02  1.15890578e+02]
 [ 1.14735195e+02  1.13652971e+02]
 [ 1.17092538e+02  1.11797456e+02]
 [ 1.19736936e+02  1.10380714e+02]
 [ 1.22587611e+02  1.09446021e+02]
 [ 1.25557485e+02  1.09021930e+02]
 [ 1.28555835e+02  1.09121396e+02]
 [ 1.31491073e+02  1.09741380e+02]
 [ 1.34273535e+02  1.10862943e+02]
 [ 1.36818226e+02  1.12451825e+02]
 [ 1.39047414e+02  1.14459491e+02]
 [ 1.40893003e+02  1.16824613e+02]
 [ 1.42298617e+02  1.19474943e+02]
 [ 1.43221318e+02  1.22329522e+02]
 [ 1.43632920e+02  1.25301152e+02]
 [ 1.43520851e+02  1.28299058e+02]
 [ 1.42888534e+02  1.31231664e+02]
 [ 1.41755285e+02  1.34009387e+02]
 [ 1.40155719e+02  1.36547376e+02]
 [ 1.38138700e+02  1.38768104e+02]
 [ 1.35765841e+02  1.40603735e+02]
 [ 1.33109626e+02  1.41998195e+02]
 [ 1.30251193e+02  1.42908888e+02]
 [ 1.27277859e+02  1.43307996e+02]
 [ 1.24280451e+02  1.43183326e+02]
 [ 1.21307117e+02  1.43582433e+02]
 [ 1.18309709e+02  1.43457763e+02]
 [ 1.15379787e+02  1.42813124e+02]
 [ 1.12382379e+02  1.42688454e+02]
 [ 1.09409045e+02  1.43087561e+02]
 [ 1.06550612e+02  1.43998255e+02]
 [ 1.03894397e+02  1.45392715e+02]
 [ 1.01521538e+02  1.47228345e+02]
 [ 9.88653221e+01  1.48622806e+02]
 [ 9.60068894e+01  1.49533499e+02]
 [ 9.30335557e+01  1.49932606e+02]
 [ 9.01751229e+01  1.50843299e+02]
 [ 8.72017892e+01  1.51242407e+02]
 [ 8.42043807e+01  1.51117737e+02]
 [ 8.12310470e+01  1.51516844e+02]
 [ 7.83726143e+01  1.52427537e+02]
 [ 7.57163987e+01  1.53821997e+02]
 [ 7.33435397e+01  1.55657628e+02]
 [ 7.13265206e+01  1.57878356e+02]
 [ 6.97269553e+01  1.60416346e+02]
 [ 6.77099363e+01  1.62637074e+02]
 [ 6.53370772e+01  1.64472705e+02]
 [ 6.26808617e+01  1.65867165e+02]
 [ 5.98224290e+01  1.66777858e+02]
 [ 5.68490952e+01  1.67176966e+02]
 [ 5.38516868e+01  1.67052296e+02]
 [ 5.09217652e+01  1.66407656e+02]
 [ 4.81488306e+01  1.65262740e+02]
 [ 4.55599462e+01  1.63746931e+02]
 [ 4.29492942e+01  1.62268927e+02]
 [ 4.03920589e+01  1.60700313e+02]
 [ 3.76692176e+01  1.59440895e+02]
 [ 3.50007787e+01  1.58069970e+02]
 [ 3.21386710e+01  1.57170893e+02]
 [ 2.92947043e+01  1.56215983e+02]
 [ 2.63284432e+01  1.55767324e+02]
 [ 2.34187000e+01  1.55036985e+02]
 [ 2.04873114e+01  1.54399050e+02]
 [ 1.75657206e+01  1.53717649e+02]
 [ 1.48073902e+01  1.52537983e+02]
 [ 1.22965785e+01  1.50896086e+02]
 [ 9.98246390e+00  1.48986931e+02]
 [ 8.03609331e+00  1.46704029e+02]
 [ 6.51692235e+00  1.44117116e+02]
 [ 5.47135702e+00  1.41305214e+02]
 [ 4.65749965e+00  1.38417717e+02]
 [ 4.24518623e+00  1.35446186e+02]
 [ 3.72337479e+00  1.32491916e+02]
 [ 3.29267671e+00  1.29522994e+02]
 [ 2.64148897e+00  1.26594520e+02]
 [ 2.11112187e+00  1.23641774e+02]
 [ 1.71137913e+00  1.20668526e+02]
 [ 1.29418584e+00  1.17697676e+02]
 [ 1.27926427e+00  1.14697713e+02]
 [ 1.15445670e+00  1.11700310e+02]
 [ 9.95271845e-01  1.08704537e+02]
 [ 6.21404744e-01  1.05727924e+02]
 [ 5.73946627e-01  1.02728299e+02]
 [ 5.21301316e-01  9.97287611e+01]
 [ 6.16466522e-01  9.67302709e+01]
 [ 7.30404875e-01  9.37324353e+01]
 [ 9.27334844e-01  9.07389059e+01]
 [ 8.02694693e-01  8.77414962e+01]
 [ 5.87092744e-01  8.47492536e+01]
 [ 7.10589993e-01  8.17517966e+01]
 [ 9.08054889e-01  7.87583024e+01]]","[[ 0.00000000e+00  0.00000000e+00]
 [ 1.88595332e-01 -1.98157295e-01]
 [ 3.96054020e+00  1.81070047e-01]
 [ 5.19632373e+00  5.44418857e-01]
 [ 1.09551198e+01  1.35747281e+00]
 [ 1.09391199e+01 -2.12364734e+00]
 [ 1.40490975e+01  8.97845805e-02]
 [ 1.44964436e+01 -3.11187165e-01]
 [ 1.91148910e+01 -1.04406644e+00]
 [ 2.31647321e+01 -2.94359869e-01]
 [ 2.75983598e+01  1.77906111e+00]
 [ 2.97695111e+01  1.93143004e+00]
 [ 3.19524669e+01  1.40337135e-01]
 [ 3.73054109e+01 -2.63788421e-01]
 [ 3.78347627e+01 -1.75327861e+00]
 [ 4.12558723e+01  1.72314368e-01]
 [ 4.34279580e+01 -4.93063546e-01]
 [ 4.77029440e+01  6.92154194e-01]
 [ 5.12625020e+01  3.26724646e-01]
 [ 5.29594922e+01 -4.41612945e-01]
 [ 5.81157127e+01  2.04693128e+00]
 [ 5.80399625e+01  1.81881362e+00]
 [ 6.49394407e+01  5.01866068e-01]
 [ 6.63166008e+01 -1.20625868e+00]
 [ 7.11032991e+01  2.35294061e+00]
 [ 7.45435510e+01  2.05256605e+00]
 [ 7.51411353e+01 -5.66166317e-01]
 [ 7.75232141e+01  2.89838130e+00]
 [ 7.83613192e+01  3.67275322e+00]
 [ 8.34573276e+01  5.75394943e+00]
 [ 8.32327930e+01  5.76077487e+00]
 [ 8.61614276e+01  7.39327649e+00]
 [ 9.07877138e+01  1.10768219e+01]
 [ 9.01705540e+01  1.40318068e+01]
 [ 9.37852052e+01  1.88490988e+01]
 [ 9.44928258e+01  1.56730697e+01]
 [ 9.57534171e+01  2.21138677e+01]
 [ 9.89139520e+01  2.26105537e+01]
 [ 1.01420795e+02  2.42701038e+01]
 [ 9.84832946e+01  3.05480373e+01]
 [ 9.98209513e+01  3.51367149e+01]
 [ 9.97776033e+01  3.41726861e+01]
 [ 9.81593213e+01  3.63854815e+01]
 [ 9.55468706e+01  4.16893359e+01]
 [ 9.75659816e+01  4.55852803e+01]
 [ 9.53097794e+01  4.91664546e+01]
 [ 9.62823893e+01  5.19820695e+01]
 [ 9.68521004e+01  5.14119442e+01]
 [ 9.91557258e+01  5.67756848e+01]
 [ 1.00755198e+02  5.67992877e+01]
 [ 1.00634431e+02  5.76853046e+01]
 [ 1.05867659e+02  6.29786323e+01]
 [ 1.07593992e+02  6.11333397e+01]
 [ 1.12052929e+02  6.15812578e+01]
 [ 1.12664150e+02  6.46733519e+01]
 [ 1.13345035e+02  6.40370400e+01]
 [ 1.18739160e+02  6.28214354e+01]
 [ 1.22206002e+02  6.16695242e+01]
 [ 1.25802583e+02  5.84858822e+01]
 [ 1.28993818e+02  5.85711499e+01]
 [ 1.29824035e+02  5.67547797e+01]
 [ 1.30979169e+02  5.35415678e+01]
 [ 1.31181283e+02  4.74174162e+01]
 [ 1.32278368e+02  4.57569285e+01]
 [ 1.31783969e+02  4.46655149e+01]
 [ 1.34540113e+02  4.01206969e+01]
 [ 1.35401662e+02  3.95136292e+01]
 [ 1.39089638e+02  3.85478693e+01]
 [ 1.40112088e+02  3.55775511e+01]
 [ 1.43932558e+02  3.32655899e+01]
 [ 1.40027652e+02  3.09441210e+01]
 [ 1.46013712e+02  2.74388804e+01]
 [ 1.48023833e+02  2.51084891e+01]
 [ 1.50029162e+02  2.18370697e+01]
 [ 1.48935941e+02  2.02146257e+01]
 [ 1.52935990e+02  2.01374691e+01]
 [ 1.56009141e+02  1.67171411e+01]
 [ 1.57629257e+02  1.41108760e+01]
 [ 1.61489187e+02  1.11569938e+01]
 [ 1.64678146e+02  1.19617645e+01]
 [ 1.65135123e+02  7.18850854e+00]
 [ 1.70561269e+02  9.49261317e+00]
 [ 1.71781413e+02  8.46885045e+00]
 [ 1.78136136e+02  7.76715736e+00]
 [ 1.78385084e+02  4.65564452e+00]
 [ 1.83673901e+02  7.70495318e+00]
 [ 1.85654874e+02  5.46829976e+00]
 [ 1.88356524e+02  5.29574478e+00]
 [ 1.90833034e+02  3.87457070e+00]
 [ 1.90665346e+02  5.17597375e+00]
 [ 1.92913023e+02  2.67227944e+00]
 [ 1.98491464e+02  1.14696810e+00]
 [ 2.02715575e+02  2.52965076e+00]
 [ 2.04073419e+02  4.24117886e+00]
 [ 2.06912026e+02  6.31986729e+00]
 [ 2.10961500e+02  4.58243106e+00]
 [ 2.10098338e+02  4.86247694e+00]
 [ 2.16919573e+02  8.70427765e+00]
 [ 2.16763920e+02  1.35672869e+01]
 [ 2.16730587e+02  1.28413603e+01]
 [ 2.18933526e+02  1.74320476e+01]
 [ 2.19126668e+02  1.85938366e+01]
 [ 2.17820442e+02  2.36061074e+01]
 [ 2.21712756e+02  2.47848523e+01]
 [ 2.20541154e+02  2.65532704e+01]
 [ 2.19522705e+02  3.35584461e+01]
 [ 2.20496421e+02  3.79564158e+01]
 [ 2.19695696e+02  3.83039732e+01]
 [ 2.20645627e+02  4.12816243e+01]
 [ 2.21511728e+02  4.25337763e+01]
 [ 2.21308209e+02  5.07707398e+01]
 [ 2.24050927e+02  4.57108277e+01]
 [ 2.25174005e+02  5.20067086e+01]
 [ 2.27739025e+02  5.49049973e+01]
 [ 2.32625391e+02  5.40740821e+01]
 [ 2.32982158e+02  5.43451749e+01]
 [ 2.35180490e+02  5.52390993e+01]
 [ 2.40416082e+02  6.16624690e+01]
 [ 2.38749790e+02  5.97177948e+01]
 [ 2.39876591e+02  6.23699635e+01]
 [ 2.40141142e+02  6.40622369e+01]
 [ 2.49323854e+02  6.67916726e+01]
 [ 2.51465993e+02  6.76389944e+01]
 [ 2.55772850e+02  6.92288331e+01]
 [ 2.55558632e+02  7.27944602e+01]
 [ 2.58605133e+02  6.66469729e+01]
 [ 2.62224905e+02  6.74255818e+01]
 [ 2.66481732e+02  6.56143673e+01]
 [ 2.69089107e+02  6.83117589e+01]
 [ 2.69828233e+02  6.78350604e+01]
 [ 2.72389272e+02  7.21711731e+01]
 [ 2.75157025e+02  6.95073753e+01]
 [ 2.76885765e+02  7.16277155e+01]
 [ 2.80371070e+02  7.56240068e+01]
 [ 2.80925691e+02  7.68135684e+01]
 [ 2.80699755e+02  7.86854827e+01]
 [ 2.87432769e+02  8.44506772e+01]
 [ 2.82078493e+02  8.38823256e+01]
 [ 2.81217311e+02  8.88012482e+01]
 [ 2.81658725e+02  9.05183888e+01]
 [ 2.78131423e+02  9.63398583e+01]
 [ 2.78769372e+02  9.59074681e+01]
 [ 2.75427480e+02  9.75605940e+01]
 [ 2.68728377e+02  9.99788936e+01]
 [ 2.68835811e+02  9.96278376e+01]
 [ 2.66807973e+02  1.03591813e+02]
 [ 2.63340899e+02  1.01706553e+02]
 [ 2.63465429e+02  1.06501643e+02]
 [ 2.58434581e+02  1.07652107e+02]
 [ 2.56893808e+02  1.08854071e+02]
 [ 2.52937424e+02  1.11306175e+02]
 [ 2.54207171e+02  1.12776444e+02]
 [ 2.50791499e+02  1.07896163e+02]
 [ 2.48074872e+02  1.15477739e+02]
 [ 2.45143591e+02  1.16472322e+02]
 [ 2.43278303e+02  1.20109009e+02]
 [ 2.40694714e+02  1.20933501e+02]
 [ 2.41002229e+02  1.22264842e+02]
 [ 2.38761102e+02  1.26474963e+02]
 [ 2.34123793e+02  1.28108104e+02]
 [ 2.32153432e+02  1.31958049e+02]
 [ 2.31942145e+02  1.32239737e+02]
 [ 2.27578469e+02  1.35579452e+02]
 [ 2.28375701e+02  1.36891566e+02]
 [ 2.25072447e+02  1.38164548e+02]
 [ 2.22058023e+02  1.39967558e+02]
 [ 2.19842529e+02  1.39711745e+02]
 [ 2.17930060e+02  1.43380122e+02]
 [ 2.14796779e+02  1.44512043e+02]
 [ 2.11958907e+02  1.44540077e+02]
 [ 2.10335602e+02  1.44253628e+02]
 [ 2.04071745e+02  1.47845229e+02]
 [ 2.04837865e+02  1.48187889e+02]
 [ 1.99279534e+02  1.45849193e+02]
 [ 1.96410100e+02  1.48478190e+02]
 [ 1.96238926e+02  1.49631749e+02]
 [ 1.88409753e+02  1.51782497e+02]
 [ 1.87119917e+02  1.47190427e+02]
 [ 1.86938870e+02  1.48726575e+02]
 [ 1.81179359e+02  1.49280860e+02]
 [ 1.79999178e+02  1.50533753e+02]
 [ 1.73669753e+02  1.51976127e+02]
 [ 1.74163702e+02  1.48154661e+02]
 [ 1.68523454e+02  1.47489355e+02]
 [ 1.66953453e+02  1.48289229e+02]
 [ 1.62628389e+02  1.50687504e+02]
 [ 1.61323794e+02  1.48792426e+02]
 [ 1.58881930e+02  1.51582595e+02]
 [ 1.53144987e+02  1.48434237e+02]
 [ 1.53207361e+02  1.50617919e+02]
 [ 1.49134396e+02  1.51208886e+02]
 [ 1.44195827e+02  1.47695592e+02]
 [ 1.41529302e+02  1.50023860e+02]
 [ 1.38668730e+02  1.49558261e+02]
 [ 1.35401280e+02  1.49284191e+02]
 [ 1.32416253e+02  1.50170749e+02]
 [ 1.32116689e+02  1.48824627e+02]
 [ 1.27673108e+02  1.48078462e+02]
 [ 1.25989090e+02  1.47985464e+02]
 [ 1.25025489e+02  1.44641240e+02]
 [ 1.20932020e+02  1.44961581e+02]
 [ 1.17601618e+02  1.43182042e+02]
 [ 1.14119086e+02  1.43135423e+02]
 [ 1.12017816e+02  1.39348076e+02]
 [ 1.10483790e+02  1.37345168e+02]
 [ 1.10160467e+02  1.33218058e+02]
 [ 1.09870977e+02  1.31784804e+02]
 [ 1.08872068e+02  1.22714863e+02]
 [ 1.08301162e+02  1.24442465e+02]
 [ 1.09388187e+02  1.22383810e+02]
 [ 1.12681737e+02  1.18220268e+02]
 [ 1.10502450e+02  1.17966826e+02]
 [ 1.16359776e+02  1.13204184e+02]
 [ 1.20254970e+02  1.11274143e+02]
 [ 1.18031256e+02  1.10146903e+02]
 [ 1.24204362e+02  1.08039841e+02]
 [ 1.28484322e+02  1.07677141e+02]
 [ 1.29987469e+02  1.09938089e+02]
 [ 1.31259987e+02  1.11362179e+02]
 [ 1.32023837e+02  1.12899300e+02]
 [ 1.36722700e+02  1.11638172e+02]
 [ 1.40171175e+02  1.16049340e+02]
 [ 1.42047696e+02  1.19823869e+02]
 [ 1.43919706e+02  1.21400203e+02]
 [ 1.42411522e+02  1.22489308e+02]
 [ 1.44477394e+02  1.25274539e+02]
 [ 1.43973304e+02  1.28938215e+02]
 [ 1.44154900e+02  1.31079250e+02]
 [ 1.41230586e+02  1.32766913e+02]
 [ 1.38818121e+02  1.38306053e+02]
 [ 1.38011918e+02  1.39948521e+02]
 [ 1.33819796e+02  1.37696483e+02]
 [ 1.31535989e+02  1.43718136e+02]
 [ 1.31853309e+02  1.43406946e+02]
 [ 1.26074604e+02  1.43111792e+02]
 [ 1.23833810e+02  1.42665866e+02]
 [ 1.17548012e+02  1.42295544e+02]
 [ 1.18024545e+02  1.45732405e+02]
 [ 1.15620902e+02  1.44914457e+02]
 [ 1.11791818e+02  1.42309421e+02]
 [ 1.03559912e+02  1.43782557e+02]
 [ 1.07371256e+02  1.46643893e+02]
 [ 1.03164255e+02  1.45533946e+02]
 [ 1.00463246e+02  1.45463960e+02]
 [ 9.77956602e+01  1.48105308e+02]
 [ 9.80400464e+01  1.49536816e+02]
 [ 9.18477384e+01  1.50145423e+02]
 [ 9.05014799e+01  1.49828951e+02]
 [ 8.89166396e+01  1.48409883e+02]
 [ 8.38840638e+01  1.52115336e+02]
 [ 7.92233982e+01  1.52058725e+02]
 [ 8.03119538e+01  1.53108044e+02]
 [ 7.31811588e+01  1.52729705e+02]
 [ 7.51919948e+01  1.56105131e+02]
 [ 7.13117322e+01  1.58540157e+02]
 [ 7.08085288e+01  1.59353648e+02]
 [ 6.72743362e+01  1.62851445e+02]
 [ 6.45211407e+01  1.64272527e+02]
 [ 6.46276694e+01  1.64415435e+02]
 [ 6.27124230e+01  1.69596875e+02]
 [ 5.42789361e+01  1.66965432e+02]
 [ 5.43657242e+01  1.65910989e+02]
 [ 4.98101445e+01  1.66051533e+02]
 [ 4.92575977e+01  1.64495739e+02]
 [ 4.82999869e+01  1.64181892e+02]
 [ 4.27954313e+01  1.64442816e+02]
 [ 4.13314807e+01  1.61254244e+02]
 [ 3.71725071e+01  1.62161873e+02]
 [ 3.62185111e+01  1.57764853e+02]
 [ 2.97728723e+01  1.57730321e+02]
 [ 2.75790942e+01  1.53642064e+02]
 [ 2.59097160e+01  1.56189530e+02]
 [ 2.53424219e+01  1.55460663e+02]
 [ 2.16963407e+01  1.52560226e+02]
 [ 1.75319224e+01  1.53903966e+02]
 [ 1.61007595e+01  1.52712074e+02]
 [ 1.35026969e+01  1.50139787e+02]
 [ 1.05193963e+01  1.49609231e+02]
 [ 6.16142972e+00  1.46967337e+02]
 [ 6.03637856e+00  1.41260984e+02]
 [ 6.90896704e+00  1.40762426e+02]
 [ 3.37891456e+00  1.37851742e+02]
 [ 4.45248669e+00  1.37708050e+02]
 [ 3.47447499e+00  1.33200527e+02]
 [ 5.35304578e+00  1.30323319e+02]
 [ 4.24433521e+00  1.25879756e+02]
 [ 3.26769586e+00  1.23554810e+02]
 [ 3.32299599e+00  1.19163186e+02]
 [ 1.24849212e-01  1.19600773e+02]
 [ 9.85138310e-01  1.14159272e+02]
 [ 1.27081533e+00  1.10666064e+02]
 [ 2.99318390e+00  1.06830793e+02]
 [ 3.95507746e-01  1.06248353e+02]
 [ 4.17276023e-01  1.01524868e+02]
 [-7.81282479e-01  1.00366853e+02]
 [-9.29254153e-01  9.76996350e+01]
 [-1.55581767e+00  9.28999607e+01]
 [ 9.81793878e-01  8.88606780e+01]
 [ 1.78071099e+00  8.77136880e+01]
 [-9.67017778e-01  8.24709213e+01]
 [-1.63779406e+00  8.18283475e+01]]","[  0.     3.     6.     9.    12.    15.    18.    21.    24.    27.
  30.    33.    36.    39.    42.    45.    48.    51.    54.    57.
  60.    63.    66.    69.    71.75  74.5   77.5   80.25  82.75  85.
  86.75  88.25  89.75  91.5   93.5   95.75  97.5   98.75  99.5   99.75
  99.5   98.75  97.5   96.75  96.5   96.75  97.5   98.75 100.5  102.75
 105.   107.75 110.75 113.75 116.75 119.5  122.25 124.75 126.75 128.5
 129.75 131.   132.5  134.   135.5  137.   138.5  140.25 141.75 143.5
 145.5  147.5  149.5  151.75 154.25 156.5  159.   161.5  164.25 167.
 169.75 172.5  175.5  178.25 181.25 184.   187.   190.   193.   195.75
 198.75 201.75 204.75 207.75 210.5  213.   228.75 231.   233.75 236.5
 239.5  242.5  245.5  248.5  251.5  254.5  257.5  260.5  263.5  266.25
 268.75 271.   272.75 274.25 275.75 277.5  279.25 281.5  283.75 285.75
 287.25 288.25 289.   289.   288.5  287.5  287.   287.   287.5  288.75
 290.25 292.25 294.5  297.   300.   303.   306.   308.75 311.75 314.25
 316.5  318.25 319.75 321.25 322.5  323.75 325.25 326.75 328.5  330.
 331.75 333.5  335.5  337.5  339.5  341.75 344.   346.25 348.5  351.
 353.   355.25 357.   358.75 360.5  362.   363.75 375.75 378.5  381.5
 384.25 387.25 390.25 393.25 396.25 399.25 402.25 405.25 408.25 411.25
 414.25 417.25 420.25 423.25 426.25 429.25 432.25 435.25 438.25 441.25
 444.25 447.25 450.25 453.25 456.   459.   462.   464.75 467.25 469.5
 471.75 473.75 476.   477.75 479.25 480.25 480.75 480.5  480.   478.75
 477.25 475.25 473.   470.25 467.5  464.5  461.5  458.5  455.75 453.25
 451.   449.   447.75 446.75 446.25 446.5  447.   448.25 449.75 451.75
 454.25 457.   459.75 462.75 465.75 468.75 471.75 474.5  477.5  480.5
 483.5  486.   488.5  491.25 494.   497.   499.75 502.75 505.75 508.75
 511.75 514.25 516.75 518.75 520.25 522.25 524.75 527.25 530.25 533.25
 536.25 539.   541.75 544.5  547.   549.5  552.25 555.   557.75 560.75
 563.75 566.5  569.5  572.5  575.25 577.75 580.   582.   583.5  598.75
 601.5  604.5  607.5  610.5  613.5  616.25 619.25 622.25 625.25 628.25
 631.25 634.25 637.25 640.25 643.25 646.25 649.25 652.25 655.25 658.25
 661.25]",35.573041105566034,0.06523199692297404,polyline,Proposed AI
